item,occurrences
867,0
127,0
1027,10
368,0
1349,12
1290,0
916,0
447,0
404,0
148,0
1402,0
618,0
577,0
399,0
535,0
180,0
1092,0
752,0
936,0
491,14
159,8
211,0
536,0
529,0
332,0
740,0
796,0
607,4
1199,0
339,0
1391,5
1305,0
153,0
508,0
1217,0
885,9
841,0
412,0
1361,0
248,9
1127,9
611,0
1341,0
57,0
1094,12
1431,0
625,6
45,0
164,15
1017,0
742,0
653,7
904,0
306,13
390,0
1202,0
1281,0
860,9
343,5
1149,0
884,0
770,10
667,0
333,10
338,12
672,0
1310,0
232,0
1276,0
553,0
758,0
495,0
1025,10
1446,8
814,8
925,0
287,0
612,0
567,0
1111,0
1264,0
1337,0
1279,0
1182,0
663,5
865,0
870,0
521,6
348,0
773,0
463,0
1169,0
146,0
189,0
55,0
581,0
1150,7
580,6
251,9
1222,0
792,0
424,0
77,11
846,0
926,8
1255,11
407,0
317,0
1248,0
582,6
1377,16
856,0
511,15
1236,0
1235,0
1026,0
608,0
1455,0
1034,11
961,7
385,0
858,5
1066,9
156,0
42,7
1095,0
195,11
238,0
1410,0
1166,0
205,0
423,0
498,7
912,0
293,0
1407,0
1360,0
736,0
1233,0
307,0
336,0
79,0
459,0
1318,12
467,0
168,11
1091,0
1490,0
950,0
929,0
806,0
2,0
640,0
744,0
1015,0
1115,0
953,4
1439,0
342,0
1014,9
626,0
401,4
220,0
855,0
1096,10
350,0
257,0
524,0
450,10
606,0
434,0
584,10
751,0
9,0
1053,0
1473,4
1330,11
527,0
31,0
33,12
430,0
1203,0
316,0
766,9
365,0
794,6
815,10
1247,0
875,0
1299,0
329,0
1381,0
999,0
879,0
760,0
1396,0
1465,0
971,0
804,0
910,0
120,6
1453,0
1388,0
18,0
198,6
808,0
297,0
1296,0
1112,10
693,0
1211,0
1081,0
69,0
428,0
843,17
647,0
1154,0
985,0
1332,0
1048,6
1392,0
1496,0
291,0
366,0
341,0
646,11
643,0
583,0
1142,0
909,11
376,0
1,0
633,0
1389,0
1044,0
924,0
1461,7
1401,6
7,0
1208,0
812,0
196,0
1331,0
124,0
596,8
188,0
28,0
1118,0
358,0
791,0
1167,0
75,9
190,7
1463,0
573,7
163,0
327,0
152,8
1362,10
1205,0
1008,12
624,6
1390,0
1155,8
604,11
868,0
301,0
880,0
654,0
818,0
1002,0
200,0
394,11
1072,0
221,0
1050,0
30,0
14,0
315,5
397,0
64,0
1186,0
1307,0
504,9
88,0
718,0
295,0
780,8
458,8
1036,8
271,0
894,0
959,0
686,0
1145,0
1435,9
517,0
1497,0
656,0
473,12
991,0
540,14
4,0
256,0
280,0
1143,0
1138,5
492,0
1126,0
1311,0
1173,0
769,11
739,0
1294,0
1179,0
900,0
615,0
414,0
183,9
557,0
945,0
874,0
1300,10
1399,0
1103,0
388,0
1406,0
101,0
1348,10
82,0
988,5
1364,6
1195,0
811,13
32,0
21,12
749,0
391,0
1113,0
213,0
230,0
355,0
1089,0
233,0
822,0
1428,0
1289,0
918,5
1213,0
1101,0
309,0
747,13
377,0
1058,8
108,0
294,0
1030,0
689,12
102,0
783,0
1038,0
1400,0
1246,0
951,0
34,5
727,0
963,0
750,12
1139,11
785,0
493,0
160,9
1333,0
1487,0
1046,0
915,0
1398,0
94,0
482,9
217,7
1129,6
1445,0
984,9
1481,0
402,0
1251,10
219,0
481,0
1474,0
421,0
1308,0
844,0
300,7
1306,13
380,0
486,0
657,0
1326,6
223,0
1374,0
621,0
1302,0
90,12
788,0
1082,0
1206,0
992,0
523,0
468,0
324,8
642,0
968,0
800,0
1393,0
605,11
819,0
480,5
1315,0
550,0
1414,8
227,0
419,0
1223,12
600,0
839,0
1378,12
252,0
239,9
1458,0
393,3
1309,0
119,16
669,0
979,0
192,0
619,0
651,16
66,0
1074,0
1060,0
438,7
361,0
465,0
264,0
1210,0
351,8
299,0
847,0
1004,6
1252,0
1440,12
462,0
722,0
934,8
638,0
1373,0
1452,0
1260,0
1075,12
1067,0
1394,0
862,0
730,7
1343,0
313,0
56,0
1185,0
1371,6
381,7
871,7
469,0
905,9
935,0
210,7
681,0
179,0
1052,0
122,7
1450,0
134,11
1070,14
939,0
1277,0
937,0
269,0
460,0
3,0
331,0
1237,0
16,0
1383,0
543,0
941,10
850,10
743,0
247,0
748,10
1489,0
673,0
167,15
682,0
311,13
1471,0
382,0
1342,0
537,0
1190,0
328,0
927,0
226,0
548,8
938,12
863,12
842,16
68,0
266,0
713,0
728,13
1192,0
1204,0
103,0
833,0
1288,0
1093,0
1283,0
235,10
166,0
1100,0
705,0
955,16
13,0
1024,6
1304,0
10,0
903,7
1408,0
1328,0
197,0
956,0
1230,0
349,0
1005,0
477,0
1292,0
345,0
767,0
116,0
895,0
142,0
1468,0
161,0
578,8
1433,0
1297,3
601,0
344,0
790,0
199,0
158,5
622,0
76,8
1240,0
37,0
490,11
145,0
1422,0
1417,0
320,0
259,0
707,0
632,0
869,0
1076,0
990,0
510,0
1056,0
824,14
532,7
1254,11
664,0
1041,0
478,0
1239,0
978,0
1188,10
805,6
820,0
708,0
970,0
499,0
1384,0
375,8
949,0
1128,10
503,0
173,0
1344,0
38,0
1491,0
1423,13
907,6
141,7
519,0
186,8
387,10
1467,0
587,6
1183,10
803,0
440,0
487,7
363,10
1454,0
274,6
778,0
224,15
228,0
857,7
335,0
763,6
1464,0
658,0
281,0
832,0
574,0
849,0
147,0
772,6
1313,0
755,0
383,6
576,0
881,8
526,0
1189,0
1086,0
919,0
1495,0
1042,0
87,0
174,8
20,8
1114,14
78,0
556,11
1429,0
1051,3
360,0
262,0
52,10
1293,0
26,0
100,0
1263,0
969,0
1080,10
609,0
957,0
541,0
432,0
187,10
512,14
1317,9
1110,10
229,0
714,0
545,0
733,0
761,10
474,0
104,0
1163,0
1160,0
613,0
218,0
719,0
162,0
1078,0
494,0
303,7
1403,8
586,9
130,0
1000,0
565,0
544,0
735,10
451,0
1363,0
897,0
429,0
1291,0
449,9
575,0
960,0
406,0
506,0
370,0
452,7
330,5
207,11
373,0
513,0
699,0
1220,12
284,0
1477,0
288,0
1232,7
1135,0
157,0
1478,15
691,0
448,11
1411,0
193,0
928,10
1102,14
1228,0
268,0
250,0
464,0
1009,0
882,0
255,5
679,4
588,0
902,0
1492,0
97,9
1215,0
23,0
109,0
795,0
1108,0
943,0
995,0
1085,0
396,0
86,0
649,0
50,0
592,6
554,0
823,6
1367,2
1231,0
475,0
245,11
1486,0
117,12
1088,12
1351,0
1488,0
114,0
323,0
1055,0
89,0
1079,0
184,0
1334,0
1097,0
636,0
304,0
1019,0
1216,0
1031,0
1090,0
403,0
1162,0
759,12
1120,0
559,0
777,0
40,0
253,0
1020,9
1424,0
472,0
816,10
1209,0
1441,0
952,15
488,14
1462,0
1107,0
774,0
453,0
1225,0
1387,0
680,0
1234,0
1256,0
1426,0
185,0
817,0
1375,0
899,4
43,0
1336,0
1250,6
58,0
273,0
182,0
892,0
1083,0
1035,0
1314,0
1358,0
1369,0
1451,0
976,13
1397,0
1193,0
81,0
781,12
700,0
997,0
1327,0
62,9
439,0
1457,0
73,0
1271,0
702,0
261,9
1427,0
1140,0
837,0
267,0
716,0
732,5
1117,0
958,0
1448,0
641,11
1003,0
1324,0
947,0
1280,13
967,0
1499,0
845,0
126,6
1412,11
635,0
289,10
522,0
1352,0
697,0
721,10
470,0
834,0
129,5
282,0
54,0
729,0
1257,10
813,0
1226,11
703,0
202,0
63,0
1011,0
610,5
828,9
155,8
1047,8
1157,0
442,9
6,0
22,0
830,0
1416,0
111,0
1270,0
516,0
502,0
1033,8
118,0
520,0
46,0
627,0
206,0
455,10
674,0
1043,6
154,0
1469,0
170,0
1382,10
552,0
1475,0
415,0
987,0
1131,0
1146,9
115,0
36,0
60,6
369,11
0,0
746,0
149,9
39,0
231,0
417,0
1438,0
457,21
132,0
437,8
496,0
1207,0
254,8
1456,11
98,0
737,0
131,0
225,0
395,0
534,15
1073,0
1286,11
1243,11
1437,0
631,0
1287,0
1191,13
135,6
298,0
711,0
1476,0
931,11
836,0
121,0
677,0
5,13
209,0
70,0
848,0
1420,7
594,0
1201,0
639,8
564,0
715,12
194,0
1219,0
326,7
277,0
367,8
1124,0
887,8
1229,0
215,0
1156,10
509,12
1259,10
1354,9
807,6
1214,0
724,0
151,0
466,0
704,11
374,0
566,7
776,12
461,0
1353,0
456,0
413,0
426,0
110,0
1386,0
1158,7
563,0
1273,0
1065,0
666,10
1013,0
165,0
216,9
692,0
998,0
593,9
826,0
555,0
1498,0
41,0
799,0
1174,0
1224,0
993,13
1395,16
47,0
734,0
501,0
872,9
35,0
137,0
1278,0
1359,0
347,10
96,0
1466,0
99,0
95,9
921,0
379,0
443,0
479,0
25,0
24,0
1194,0
1459,0
1172,8
1069,0
922,0
322,0
249,8
476,0
954,0
431,16
408,0
1262,0
1063,0
598,0
585,0
334,0
1161,0
1484,0
1122,0
525,0
1425,5
1084,0
171,7
859,11
1109,11
616,0
678,10
888,0
176,0
1258,0
143,7
11,12
204,0
275,8
911,0
662,0
314,0
422,0
1028,0
809,0
974,0
539,0
150,0
1164,0
1340,0
1432,0
305,0
1152,0
1098,0
629,0
589,0
1178,0
670,9
140,0
1485,0
923,0
754,0
71,0
425,0
283,0
873,0
1170,0
389,0
551,0
278,0
61,0
982,0
67,0
840,0
1320,0
994,0
74,0
436,0
789,0
684,0
1312,0
286,0
59,0
1482,0
883,0
980,0
1319,0
318,0
896,0
946,0
1434,0
1249,0
222,8
1040,9
427,8
1245,0
1006,0
975,0
12,0
1012,0
290,0
930,0
1284,0
710,0
665,0
620,0
243,0
113,0
27,13
725,0
965,12
518,0
308,8
829,0
444,0
602,0
507,0
83,0
1274,0
614,0
208,8
533,0
1039,0
1285,0
628,0
85,0
1029,0
983,9
731,12
683,0
203,0
1303,0
1418,0
1099,0
1365,0
597,0
1356,8
1385,4
1345,0
1325,0
29,0
1493,12
695,0
65,0
92,0
1200,0
779,0
177,0
1430,0
1494,0
1266,0
353,0
91,5
296,0
1238,0
497,0
861,8
810,8
685,0
1106,0
1105,7
655,0
1153,0
942,0
771,8
1443,0
913,0
258,7
1370,0
831,4
652,12
1301,0
528,0
568,5
1479,0
1159,0
757,0
1123,0
1136,0
1379,11
1261,0
384,10
1419,0
312,9
1137,0
1133,12
1267,0
981,7
236,0
1148,0
668,7
1449,0
547,0
212,0
948,0
798,0
1212,0
1077,0
1442,0
630,0
648,0
1282,0
802,0
416,10
364,0
445,0
19,12
44,0
1298,11
1218,14
866,0
966,7
786,0
49,0
1372,0
738,0
712,0
201,6
1071,0
1355,0
876,0
244,0
1121,0
346,0
1197,0
1130,9
48,11
357,0
1405,0
709,14
1415,9
572,0
688,9
1265,0
372,0
362,0
214,0
1404,0
762,8
125,9
1253,10
851,9
1472,0
603,0
1068,0
696,0
801,0
756,0
80,0
515,0
1018,0
838,0
1316,0
1347,15
973,0
1198,0
1125,0
1059,0
454,11
1001,7
489,0
319,8
139,11
764,0
420,0
260,8
546,0
753,9
112,0
1087,0
996,0
701,0
1057,9
1168,0
591,0
1176,0
411,6
514,0
852,0
706,6
1275,0
623,10
285,0
797,10
898,11
1116,0
398,0
321,10
123,0
661,0
1357,0
825,0
500,0
617,0
687,0
569,0
854,0
940,7
265,0
15,0
964,0
1032,0
1187,0
505,0
106,8
944,9
1175,0
690,0
400,0
784,0
1470,8
302,0
246,0
542,0
853,0
435,0
1016,9
891,0
354,0
128,0
933,0
989,0
741,0
386,0
1480,0
107,0
1049,0
538,0
723,0
1022,0
418,0
169,7
1335,0
570,0
1227,4
676,0
579,9
1244,0
1376,0
1141,0
1444,0
441,0
1321,0
276,0
433,11
893,6
1054,0
562,0
1119,0
292,0
977,0
1132,11
483,0
571,0
1023,0
1242,0
1171,0
1269,0
821,0
1368,0
908,12
410,8
51,9
595,0
485,0
1064,0
1221,0
1241,0
178,11
599,0
310,0
133,0
240,0
241,14
191,0
787,0
1104,7
531,0
645,0
409,0
1010,0
136,0
650,0
906,0
890,12
864,0
237,0
1329,0
234,0
378,9
660,0
920,0
1366,0
877,6
917,11
144,0
1181,0
105,0
675,0
1380,0
1061,0
1272,0
835,0
1007,0
17,0
558,0
827,0
1184,0
745,0
1413,0
484,10
720,0
1037,12
1409,0
659,0
270,10
549,8
340,12
1147,8
272,0
1062,0
530,0
93,0
1346,0
1196,0
181,0
405,0
561,0
1436,0
175,8
1338,0
1045,0
392,14
694,0
637,0
1323,0
886,0
775,8
878,8
242,0
325,0
590,11
471,8
1483,0
782,0
1339,0
1134,6
1322,0
337,0
279,0
263,0
901,0
371,0
1421,0
1447,9
1295,0
359,0
352,8
1151,5
889,0
84,0
726,11
53,13
914,0
768,0
1350,8
932,0
793,0
644,0
1268,0
717,0
765,0
1177,0
972,0
138,0
962,0
1144,0
1460,0
1180,0
671,0
698,0
8,0
72,0
1165,0
1021,0
446,0
986,11
172,15
634,0
560,0
356,0
