item,model,crowd_vote
0,B,1
52,B,1
75,B,0
123,B,0
130,B,1
162,B,1
165,B,0
171,B,0
190,B,0
202,B,1
213,B,0
298,B,1
305,B,1
306,B,1
308,B,1
316,B,1
343,B,1
387,B,1
389,B,0
406,B,1
412,B,1
442,B,1
454,B,1
503,B,1
577,B,1
0,B,1
52,B,1
75,B,1
123,B,0
130,B,1
162,B,1
165,B,0
171,B,1
190,B,1
202,B,1
213,B,1
298,B,1
305,B,1
306,B,0
308,B,1
316,B,1
343,B,0
387,B,1
389,B,1
406,B,1
412,B,1
442,B,1
454,B,1
503,B,1
577,B,1
0,B,1
52,B,1
75,B,0
123,B,0
130,B,1
162,B,1
165,B,0
171,B,0
190,B,1
202,B,1
213,B,1
298,B,1
305,B,1
306,B,1
308,B,1
316,B,1
343,B,0
387,B,1
389,B,1
406,B,1
412,B,1
442,B,1
454,B,1
503,B,0
577,B,1
