day,dow,hour,requests,resid
1,Fri,0,2988,-0.03911153755575325
1,Fri,1,2929,-0.009012823956431909
1,Fri,2,2991,-0.00777069940543576
1,Fri,3,3115,-0.0301729597724424
1,Fri,4,3496,-0.0019722195007182315
1,Fri,5,3778,-0.009207155098414417
1,Fri,6,4136,-0.010400037862055844
1,Fri,7,4575,0.003829392106583729
1,Fri,8,4882,-0.02793789145962966
1,Fri,9,5548,-0.012830929823406001
1,Fri,10,6205,-0.018096210569387927
1,Fri,11,7015,-0.00913957159010681
1,Fri,12,7874,-0.004669596669745535
1,Fri,13,8513,-0.00889872490232213
1,Fri,14,8986,-0.013604338980115815
1,Fri,15,9410,0.0011569685781837036
1,Fri,16,8938,-0.040064066333613924
1,Fri,17,8649,-0.022677686089321747
1,Fri,18,8202,0.011570106751581544
1,Fri,19,7074,-0.008915578566706772
1,Fri,20,5845,-0.03699999652008662
1,Fri,21,4968,-0.013342527556457318
1,Fri,22,4047,-0.024166810811274822
1,Fri,23,3450,-0.012165247156737693
2,Sat,0,2973,-0.045669055275426806
2,Sat,1,2997,0.012408384563195846
2,Sat,2,2891,-0.043295872397695195
2,Sat,3,3126,-0.028174083583478934
2,Sat,4,3518,0.0027744358908423083
2,Sat,5,3762,-0.01497626917103994
2,Sat,6,4025,-0.03912656908734587
2,Sat,7,4475,-0.019794151411617
2,Sat,8,4798,-0.04681754471117833
2,Sat,9,5418,-0.03806516494739659
2,Sat,10,6160,-0.02689990177026158
2,Sat,11,6929,-0.022999536595483372
2,Sat,12,7658,-0.03400878380806638
2,Sat,13,8341,-0.03083444613905184
2,Sat,14,8820,-0.033774871120552885
2,Sat,15,9164,-0.02685743280735342
2,Sat,16,8907,-0.04506387644148002
2,Sat,17,8495,-0.04216822903303363
2,Sat,18,7742,-0.047669884752592706
2,Sat,19,6975,-0.024533977166767973
2,Sat,20,5937,-0.022909600480193748
2,Sat,21,4932,-0.022140191000530274
2,Sat,22,4024,-0.03139117648541645
2,Sat,23,3415,-0.023886138572774752
3,Sun,0,3092,0.019996241551331367
3,Sun,1,2941,0.019974615275185903
3,Sun,2,3068,0.04254275293177173
3,Sun,3,3228,0.03035456345439612
3,Sun,4,3468,0.014887080377097323
3,Sun,5,3837,0.03118639609963382
3,Sun,6,4184,0.02603670884454666
3,Sun,7,4465,0.004394144203531097
3,Sun,8,4931,0.006947470110469145
3,Sun,9,5644,0.029222612831203365
3,Sun,10,6418,0.04055178320470465
3,Sun,11,7041,0.019459201225813128
3,Sun,12,8034,0.04034502614851654
3,Sun,13,8597,0.02581914354045023
3,Sun,14,9141,0.028396239574893456
3,Sun,15,9382,0.02307667749576814
3,Sun,16,9394,0.03459209932719853
3,Sun,17,8588,-0.004855558744863431
3,Sun,18,8086,0.02222666956043806
3,Sun,19,7031,0.009887250168822526
3,Sun,20,5971,0.009225565019335913
3,Sun,21,5051,0.02812426150543723
3,Sun,22,4065,0.005170063247983719
3,Sun,23,3454,0.013892877717737805
4,Mon,0,3157,-0.008397687251128716
4,Mon,1,2983,-0.015042610698907277
4,Mon,2,3161,0.02320582960378345
4,Mon,3,3321,0.009558739603108657
4,Mon,4,3640,0.014091212199930526
4,Mon,5,4002,0.024089770161768095
4,Mon,6,4269,-0.003048467789902226
4,Mon,7,4791,0.025661789811555036
4,Mon,8,5171,0.005272371840495227
4,Mon,9,5943,0.031644499937699744
4,Mon,10,6412,-0.009578130063267576
4,Mon,11,7159,-0.013116546608356816
4,Mon,12,8150,0.0054848534306228824
4,Mon,13,8707,-0.010662274795973481
4,Mon,14,9592,0.02735861856238231
4,Mon,15,9795,0.016958843669756973
4,Mon,16,9507,-0.002646029765131952
4,Mon,17,9192,0.013913597910383824
4,Mon,18,8228,-0.009560275257069817
4,Mon,19,7382,0.009404852014175402
4,Mon,20,6313,0.015722932192340444
4,Mon,21,5090,-0.013379588117583052
4,Mon,22,4237,-0.002587879540532273
4,Mon,23,3695,0.032136332464112245
5,Tue,0,3153,0.03176263096339613
5,Tue,1,2867,-0.0132712011943448
5,Tue,2,3026,0.020994014881435874
5,Tue,3,3200,0.013877246256681741
5,Tue,4,3438,-0.001566545430289272
5,Tue,5,3738,-0.0027169868242924167
5,Tue,6,4119,0.002614551430304618
5,Tue,7,4455,-0.005614489763528185
5,Tue,8,5055,0.02401429607470862
5,Tue,9,5472,-0.009490188146907108
5,Tue,10,6030,-0.029569467817986084
5,Tue,11,7073,0.016226660539865878
5,Tue,12,7992,0.027337126697042913
5,Tue,13,8555,0.013155299298630685
5,Tue,14,8826,-0.014436417979716287
5,Tue,15,9349,0.011786559489580073
5,Tue,16,9114,-0.003432492169106016
5,Tue,17,8508,-0.021980725902501108
5,Tue,18,8063,0.011611638508027822
5,Tue,19,7004,-0.0017267364098497717
5,Tue,20,5966,0.0006211718023737545
5,Tue,21,5121,0.03411966545715306
5,Tue,22,4151,0.01833630906794452
5,Tue,23,3419,-0.004057241381445691
6,Wed,0,2842,-0.0660604150705667
6,Wed,1,2743,-0.051471340749987826
6,Wed,2,2828,-0.04066033214585965
6,Wed,3,2929,-0.06859208743446152
6,Wed,4,3196,-0.06853946077838281
6,Wed,5,3501,-0.062204047373565996
6,Wed,6,3802,-0.07145254736915993
6,Wed,7,4165,-0.06691150895075768
6,Wed,8,4669,-0.04940451152169145
6,Wed,9,5192,-0.056004509788195544
6,Wed,10,5806,-0.061415462342018
6,Wed,11,6615,-0.04470741397561595
6,Wed,12,7374,-0.04713242005254625
6,Wed,13,7956,-0.053423895213217554
6,Wed,14,8439,-0.05326596118643501
6,Wed,15,8603,-0.06536125743236032
6,Wed,16,8656,-0.0489826086164048
6,Wed,17,8057,-0.07043710328257946
6,Wed,18,7390,-0.0695347233511957
6,Wed,19,6427,-0.08168792388485013
6,Wed,20,5615,-0.054002735608398356
6,Wed,21,4713,-0.04289101517923721
6,Wed,22,3827,-0.05691560427902245
6,Wed,23,3293,-0.03559480146190612
7,Thu,0,3004,-0.02395755086108317
7,Thu,1,2785,-0.049602780601265495
7,Thu,2,2874,-0.03785247467785832
7,Thu,3,3122,-0.01811423848096469
7,Thu,4,3443,-0.00743188000891979
7,Thu,5,3721,-0.014593036155182225
7,Thu,6,4131,-0.0017951089996412761
7,Thu,7,4384,-0.028996584164066308
7,Thu,8,4882,-0.01812348012591375
7,Thu,9,5312,-0.0464816048288092
7,Thu,10,6246,-0.0016964879758432083
7,Thu,11,6752,-0.0375343402219489
7,Thu,12,7745,-0.01137284633653135
7,Thu,13,8153,-0.04229016937229835
7,Thu,14,8732,-0.03246168106613845
7,Thu,15,8924,-0.042054403391220685
7,Thu,16,8931,-0.03103309096364848
7,Thu,17,8330,-0.05044131204308788
7,Thu,18,7798,-0.02912306006057397
7,Thu,19,6932,-0.0193774382756855
7,Thu,20,5777,-0.03888665639807454
7,Thu,21,4815,-0.03480621756629643
7,Thu,22,3988,-0.02903658545069869
7,Thu,23,3374,-0.024622818221839857
8,Fri,0,3089,-0.005873862219462345
8,Fri,1,2986,0.01025754868021711
8,Fri,2,2969,-0.015152044571803802
8,Fri,3,3186,-0.007639477570047265
8,Fri,4,3485,-0.005123181653530238
8,Fri,5,3844,0.008109294614937368
8,Fri,6,4263,0.019840361260968276
8,Fri,7,4561,0.0007649265733949973
8,Fri,8,5137,0.022971304086315425
8,Fri,9,5619,-0.0001158589076732941
8,Fri,10,6546,0.03539834919943252
8,Fri,11,7159,0.011178587588751565
8,Fri,12,7833,-0.009889878429679366
8,Fri,13,8638,0.005677092802260364
8,Fri,14,8872,-0.026371184611517662
8,Fri,15,9288,-0.011892042683649628
8,Fri,16,9218,-0.009219521771919093
8,Fri,17,8828,-0.002194077200573852
8,Fri,18,8337,0.02789453208051873
8,Fri,19,7229,0.012757529159504677
8,Fri,20,5891,-0.02916149687047681
8,Fri,21,4997,-0.007522723911928542
8,Fri,22,3986,-0.039352564185160324
8,Fri,23,3518,0.007350366787201187
9,Sat,0,2983,-0.04231165755458313
9,Sat,1,2884,-0.02601864752979316
9,Sat,2,2977,-0.013987249617985503
9,Sat,3,3102,-0.03588001331339631
9,Sat,4,3349,-0.04644924452252995
9,Sat,5,3646,-0.0462920952330104
9,Sat,6,4015,-0.041613823160386684
9,Sat,7,4443,-0.026969874453853043
9,Sat,8,5046,0.003574019389489369
9,Sat,9,5395,-0.04231891647027636
9,Sat,10,6147,-0.02901234973068978
9,Sat,11,6807,-0.040762251462270416
9,Sat,12,7456,-0.06073879059278853
9,Sat,13,8424,-0.02093337519156868
9,Sat,14,8820,-0.033774871120552885
9,Sat,15,9144,-0.029042151568107633
9,Sat,16,9055,-0.02858518706796187
9,Sat,17,8544,-0.03641703949169284
9,Sat,18,7718,-0.05077447296506532
9,Sat,19,6876,-0.03882818524565479
9,Sat,20,5942,-0.022067849594706646
9,Sat,21,4893,-0.030078355949189728
9,Sat,22,3977,-0.04313837462374842
9,Sat,23,3503,0.0015524345342317891
10,Sun,0,2998,-0.010871419274137262
10,Sun,1,2906,0.008004568462231604
10,Sun,2,3002,0.020799185647012747
10,Sun,3,3112,-0.006236806928321598
10,Sun,4,3342,-0.022116112673811417
10,Sun,5,3769,0.013307650165025803
10,Sun,6,4079,0.0006239186127732915
10,Sun,7,4408,-0.008452550230142963
10,Sun,8,4959,0.012609197844584807
10,Sun,9,5381,-0.018491860773124535
10,Sun,10,6103,-0.009770284889101588
10,Sun,11,6925,0.0028482372880341833
10,Sun,12,7691,-0.003283920160906839
10,Sun,13,8292,-0.010300827818063851
10,Sun,14,8958,0.008174556108028752
10,Sun,15,9250,0.008908029627066827
10,Sun,16,9352,0.03011137492867344
10,Sun,17,8655,0.002915299168703811
10,Sun,18,7937,0.0036290292740013275
10,Sun,19,7032,0.01002945722181292
10,Sun,20,5984,0.011400206209064012
10,Sun,21,4919,0.001645932209927481
10,Sun,22,4114,0.01715064646675575
10,Sun,23,3392,-0.004217738115614912
11,Mon,0,3283,0.03073166321117414
11,Mon,1,3123,0.030814448041537906
11,Mon,2,3162,0.023522085132980874
11,Mon,3,3397,0.03218211802172796
11,Mon,4,3567,-0.006164751893795624
11,Mon,5,3910,0.0008358477041181256
11,Mon,6,4327,0.010444815730177331
11,Mon,7,4860,0.039959588135343116
11,Mon,8,5408,0.050081379692262507
11,Mon,9,5945,0.03198094539227353
11,Mon,10,6691,0.0330107234458904
11,Mon,11,7475,0.030074313729726576
11,Mon,12,8274,0.020584074787295625
11,Mon,13,8961,0.01809062554338048
11,Mon,14,9483,0.01593052189706201
11,Mon,15,9861,0.023674033967847397
11,Mon,16,9713,0.01878967985325042
11,Mon,17,9322,0.027956496746960324
11,Mon,18,8461,0.018362449455347818
11,Mon,19,7563,0.03362656328987945
11,Mon,20,6499,0.044757984984733046
11,Mon,21,5223,0.012412029370163724
11,Mon,22,4361,0.026254682253743444
11,Mon,23,3539,-0.010994055721757833
12,Tue,0,3093,0.012552820323210617
12,Tue,1,2904,-0.0004505131502641202
12,Tue,2,2983,0.006684286908167025
12,Tue,3,3211,0.01730831628899132
12,Tue,4,3539,0.027383598429135132
12,Tue,5,3588,-0.04366715963060725
12,Tue,6,4141,0.007940795634911846
12,Tue,7,4563,0.018336094846051892
12,Tue,8,4920,-0.0030523118455972886
12,Tue,9,5471,-0.009672936683901345
12,Tue,10,6085,-0.020490501588531385
12,Tue,11,6941,-0.0026108567883340594
12,Tue,12,7863,0.011065324758563255
12,Tue,13,8339,-0.012415789066546945
12,Tue,14,9048,0.010404020013428994
12,Tue,15,9349,0.011786559489580073
12,Tue,16,9105,-0.00442041760323153
12,Tue,17,8616,-0.009367420035378382
12,Tue,18,7959,-0.0013698830667785433
12,Tue,19,6909,-0.015382259731928416
12,Tue,20,5956,-0.0010562587561191439
12,Tue,21,4745,-0.04213089806363052
12,Tue,22,4185,0.02649276534858934
12,Tue,23,3361,-0.021164279638311946
13,Wed,0,3065,0.009466324337787851
13,Wed,1,2906,0.0062437880812582225
13,Wed,2,3059,0.0378446337024875
13,Wed,3,3100,-0.011860460192221617
13,Wed,4,3421,-0.0005168721491804543
13,Wed,5,3771,0.012077303416651343
13,Wed,6,4112,0.006919822316485913
13,Wed,7,4427,-0.0059127355363053635
13,Wed,8,4963,0.011654625299150123
13,Wed,9,5447,-0.008062999143649108
13,Wed,10,6298,0.01991806720784306
13,Wed,11,7005,0.01257276004400143
13,Wed,12,7765,0.004530322432296563
13,Wed,13,8391,-0.00019381131465368018
13,Wed,14,8731,-0.019251850050950092
13,Wed,15,9296,0.012107630352131804
13,Wed,16,9062,-0.0031480724187368248
13,Wed,17,8513,-0.015387299312225378
13,Wed,18,7871,-0.006481473819821559
13,Wed,19,6952,-0.0031722773565434625
13,Wed,20,6040,0.018953422409858978
13,Wed,21,4821,-0.020236664314287
13,Wed,22,4173,0.0296275581234669
13,Wed,23,3295,-0.03498772906386649
14,Thu,0,3216,0.04422509445021816
14,Thu,1,2925,-0.0005647663393973656
14,Thu,2,3026,0.013675614108632217
14,Thu,3,3245,0.02052121903918129
14,Thu,4,3565,0.02738401976542017
14,Thu,5,3813,0.009827553218804533
14,Thu,6,4321,0.04316691742188186
14,Thu,7,4636,0.026887592169037522
14,Thu,8,5049,0.015508364248695061
14,Thu,9,5721,0.02768686908558865
14,Thu,10,6307,0.008021606605811527
14,Thu,11,7229,0.030722730229585382
14,Thu,12,7933,0.012609424193603447
14,Thu,13,8858,0.040639997479454903
14,Thu,14,9364,0.037412565208969406
14,Thu,15,9479,0.018276865002897935
14,Thu,16,9472,0.02777541886627255
14,Thu,17,9005,0.027470711104971568
14,Thu,18,8153,0.015392815173773111
14,Thu,19,7275,0.028914602195221906
14,Thu,20,6178,0.02821780352723513
14,Thu,21,5109,0.024455451882438972
14,Thu,22,4169,0.015344318057595119
14,Thu,23,3539,0.02311548980906645
15,Fri,0,3178,0.022526258932619656
15,Fri,1,2963,0.0025264179542062726
15,Fri,2,2976,-0.012797519500893306
15,Fri,3,3310,0.030536621135265563
15,Fri,4,3394,-0.03157821227905973
15,Fri,5,3770,-0.011326641879285067
15,Fri,6,4111,-0.01646213199221047
15,Fri,7,4503,-0.01203171783256582
15,Fri,8,5104,0.01652722795234013
15,Fri,9,5623,0.0005956949724512106
15,Fri,10,6398,0.012531381545785703
15,Fri,11,7142,0.008801296591242624
15,Fri,12,7918,0.0009025066250561986
15,Fri,13,8754,0.019015990009693673
15,Fri,14,9026,-0.009163094809181649
15,Fri,15,9307,-0.00984859177414632
15,Fri,16,9248,-0.005970480097289066
15,Fri,17,8957,0.01231196818981728
15,Fri,18,8208,0.012301323648182372
15,Fri,19,7155,0.0024689434919840103
15,Fri,20,5993,-0.011996582498271846
15,Fri,21,5081,0.009145982127201524
15,Fri,22,4204,0.013889162350552903
15,Fri,23,3526,0.009621481983059323
16,Sat,0,2917,-0.06468167971324248
16,Sat,1,2842,-0.04068627515464604
16,Sat,2,2809,-0.0720647385579414
16,Sat,3,3005,-0.06764430706089004
16,Sat,4,3337,-0.05003830168205933
16,Sat,5,3623,-0.05261948898820992
16,Sat,6,3983,-0.04961486584340073
16,Sat,7,4386,-0.039880585898307425
16,Sat,8,4869,-0.032129651524793246
16,Sat,9,5423,-0.03714282583802192
16,Sat,10,6129,-0.03194466426653053
16,Sat,11,6713,-0.05466677242134799
16,Sat,12,7505,-0.05418884072465824
16,Sat,13,8114,-0.058424917576913704
16,Sat,14,8679,-0.04988950549577886
16,Sat,15,8953,-0.050150239871459834
16,Sat,16,8846,-0.05193559434660999
16,Sat,17,8315,-0.06358359737285157
16,Sat,18,7723,-0.0501268884353715
16,Sat,19,6861,-0.041011910079157166
16,Sat,20,5763,-0.05265284056466457
16,Sat,21,4940,-0.020519609278912054
16,Sat,22,3852,-0.07506956712024021
16,Sat,23,3367,-0.03803940415242434
17,Sun,0,2955,-0.025315741210650305
17,Sun,1,2831,-0.01813843233078541
17,Sun,2,2953,0.004344818904216036
17,Sun,3,3136,0.0014444596387420683
17,Sun,4,3366,-0.014961513823578187
17,Sun,5,3495,-0.06215828810108469
17,Sun,6,4197,0.02913859627915301
17,Sun,7,4382,-0.01436770788527636
17,Sun,8,4739,-0.03276408596552155
17,Sun,9,5454,-0.005018050554445985
17,Sun,10,6014,-0.02445944146477208
17,Sun,11,6716,-0.027794828659307158
17,Sun,12,7584,-0.017293052064939807
17,Sun,13,8179,-0.024021295554467303
17,Sun,14,8722,-0.018522351985561847
17,Sun,15,9035,-0.014608311564018983
17,Sun,16,9138,0.0069639459685904015
17,Sun,17,8571,-0.006836911367678278
17,Sun,18,7642,-0.03424456000581533
17,Sun,19,6968,0.0008871894640110067
17,Sun,20,5875,-0.006981424199643482
17,Sun,21,4780,-0.027015823265604144
17,Sun,22,3931,-0.028345640443885434
17,Sun,23,3422,0.00458642714833888
18,Mon,0,3169,-0.004604415846342774
18,Mon,1,3085,0.018573999186664414
18,Mon,2,3095,0.0021086756035541
18,Mon,3,3222,-0.020700291981767385
18,Mon,4,3507,-0.023126288929180932
18,Mon,5,3804,-0.026644818259010182
18,Mon,6,4267,-0.0035170164625367706
18,Mon,7,4668,-0.0003439037575442838
18,Mon,8,5072,-0.014056617093136992
18,Mon,9,5805,0.008152058754336722
18,Mon,10,6357,-0.018192122193185
18,Mon,11,7205,-0.006712069475042659
18,Mon,12,8095,-0.0012860698632568557
18,Mon,13,8784,-0.0018581932597995232
18,Mon,14,9427,0.01000802562175962
18,Mon,15,9691,0.006284959836112325
18,Mon,16,9651,0.012386353059422484
18,Mon,17,9007,-0.0064167725814010534
18,Mon,18,8410,0.012316911860284496
18,Mon,19,7432,0.016154793237591947
18,Mon,20,6220,0.0008830237626358262
18,Mon,21,5085,-0.014362292589690684
18,Mon,22,4183,-0.015413135312670773
18,Mon,23,3583,0.0013604462543880666
19,Tue,0,2995,-0.019639152254920994
19,Tue,1,2853,-0.018165460071519007
19,Tue,2,3013,0.016689372590827756
19,Tue,3,3196,0.012626659911975355
19,Tue,4,3473,0.0085608557307073
19,Tue,5,3720,-0.0075433803401741065
19,Tue,6,4005,-0.025448828244822322
19,Tue,7,4383,-0.021906285579064988
19,Tue,8,4723,-0.04391241253572753
19,Tue,9,5605,0.014522519853973404
19,Tue,10,6206,-0.0008022640774880685
19,Tue,11,6844,-0.016683336153562545
19,Tue,12,7783,0.0008396333454611105
19,Tue,13,8368,-0.008944394642518949
19,Tue,14,8943,-0.001267966617463423
19,Tue,15,9190,-0.0053659645437036385
19,Tue,16,8988,-0.01735306161312622
19,Tue,17,8619,-0.009019311423148824
19,Tue,18,7934,-0.004515726846617718
19,Tue,19,6864,-0.021916332603362565
19,Tue,20,5879,-0.014067594639164405
19,Tue,21,4928,-0.004293016933318905
19,Tue,22,4031,-0.01099489007076887
19,Tue,23,3430,-0.0008455598571177891
20,Wed,0,3228,0.061273267891907776
20,Wed,1,3004,0.039405343763977
20,Wed,2,3115,0.05598278230826506
20,Wed,3,3341,0.06299595716039572
20,Wed,4,3541,0.03395444194039532
20,Wed,5,3939,0.055658314074985275
20,Wed,6,4167,0.020205041673966945
20,Wed,7,4763,0.06723486508550519
20,Wed,8,5054,0.029822423682399235
20,Wed,9,5748,0.045719163801722085
20,Wed,10,6495,0.05071618666301614
20,Wed,11,7176,0.036689004124200064
20,Wed,12,8219,0.06134885614910446
20,Wed,13,8898,0.05846962293061286
20,Wed,14,9313,0.04527593384367323
20,Wed,15,9656,0.050100908738826666
20,Wed,16,9706,0.06550267138848143
20,Wed,17,9311,0.07420975691566967
20,Wed,18,8518,0.07251015341623912
20,Wed,19,7412,0.060894179530272874
20,Wed,20,6178,0.04154215584313503
20,Wed,21,5199,0.05524071908201106
20,Wed,22,4279,0.05470872580314948
20,Wed,23,3588,0.050188655510150414
21,Thu,0,3038,-0.012704743367919547
21,Thu,1,2944,0.005908850628994239
21,Thu,2,2995,0.0033799405848820296
21,Thu,3,3204,0.007807869815645921
21,Thu,4,3448,-0.005980922152882394
21,Thu,5,3751,-0.0065640891131766715
21,Thu,6,4063,-0.018390974700415563
21,Thu,7,4457,-0.012484107857461485
21,Thu,8,4984,0.0025522333735613634
21,Thu,9,5628,0.011298837249928584
21,Thu,10,6286,0.004686682144864118
21,Thu,11,7042,0.004516073640646545
21,Thu,12,7787,-0.005964991809657261
21,Thu,13,8507,0.0002106749481896042
21,Thu,14,8938,-0.009145588966675389
21,Thu,15,9212,-0.010293449659794618
21,Thu,16,9151,-0.006699644667012894
21,Thu,17,8778,0.0019407596178755426
21,Thu,18,8120,0.011337260902413715
21,Thu,19,7148,0.011304607548772383
21,Thu,20,5981,-0.004186347186773132
21,Thu,21,4960,-0.005139557787853188
21,Thu,22,4157,0.012462125639214616
21,Thu,23,3365,-0.027293442895726966
22,Fri,0,3051,-0.018249854407646815
22,Fri,1,2827,-0.04445165388079922
22,Fri,2,2883,-0.044540798113774066
22,Fri,3,3034,-0.056515945783891394
22,Fri,4,3436,-0.01928117572272656
22,Fri,5,3659,-0.041207733939081795
22,Fri,6,4058,-0.02943661000749169
22,Fri,7,4417,-0.03131266462014906
22,Fri,8,4850,-0.03451348273969673
22,Fri,9,5624,0.000773504359849686
22,Fri,10,6111,-0.03335996382100792
22,Fri,11,7021,-0.008284688020261721
22,Fri,12,7644,-0.03431285216056845
22,Fri,13,8357,-0.027392524403775376
22,Fri,14,8868,-0.02682211748509533
22,Fri,15,9061,-0.03663444919469605
22,Fri,16,9138,-0.017935598061998737
22,Fri,17,8488,-0.04146689556167682
22,Fri,18,7828,-0.03509795815031713
22,Fri,19,7002,-0.01914512001681845
22,Fri,20,5968,-0.016176491581116337
22,Fri,21,4818,-0.043997834616300635
22,Fri,22,4062,-0.020467669781328093
22,Fri,23,3408,-0.024412083154145236
23,Sat,0,3277,0.051672168713987665
23,Sat,1,3196,0.07668623618947724
23,Sat,2,3302,0.08960848290965534
23,Sat,3,3535,0.09476647766509365
23,Sat,4,3714,0.05698375203835881
23,Sat,5,4017,0.050599918297879076
23,Sat,6,4422,0.054929449883490855
23,Sat,7,4874,0.06560530536667428
23,Sat,8,5263,0.045675290005509794
23,Sat,9,5975,0.05978358623963681
23,Sat,10,6679,0.053985289102853606
23,Sat,11,7676,0.07937651651256394
23,Sat,12,8338,0.05105841781549514
23,Sat,13,9237,0.07119378349003891
23,Sat,14,9985,0.09028061149879107
23,Sat,15,10127,0.0730597385879792
23,Sat,16,9938,0.06445860859924024
23,Sat,17,9452,0.06457441587326318
23,Sat,18,8665,0.06495510686887784
23,Sat,19,7612,0.06285364573121965
23,Sat,20,6554,0.07595406617854883
23,Sat,21,5360,0.061071103611158195
23,Sat,22,4415,0.061329220583033556
23,Sat,23,3760,0.07234189164534555
24,Sun,0,2982,-0.016221707761013754
24,Sun,1,2853,-0.010398728147449438
24,Sun,2,2875,-0.022419515901045683
24,Sun,3,3029,-0.033265478599307646
24,Sun,4,3305,-0.0332473946243258
24,Sun,5,3806,0.023075415089302227
24,Sun,6,4044,-0.007992579667483832
24,Sun,7,4390,-0.012543929904317103
24,Sun,8,4873,-0.004883366383221233
24,Sun,9,5327,-0.028576921416746337
24,Sun,10,6104,-0.009606457891145226
24,Sun,11,6939,0.0048677114582686976
24,Sun,12,7566,-0.01966913395923353
24,Sun,13,8354,-0.0028520038319562735
24,Sun,14,8725,-0.018178473028694797
24,Sun,15,9212,0.0047916830370786645
24,Sun,16,9029,-0.005035317297149455
24,Sun,17,8824,0.02225228606123708
24,Sun,18,7861,-0.005991906978064843
24,Sun,19,6910,-0.007470810008074591
24,Sun,20,5800,-0.019828466163919478
24,Sun,21,4909,-0.0003888634654813372
24,Sun,22,4020,-0.0059604002414200274
24,Sun,23,3406,-9.947970003194168e-05
25,Mon,0,3257,0.02278176676502046
25,Mon,1,2994,-0.011362446059542342
25,Mon,2,3079,-0.003073522092682801
25,Mon,3,3283,-0.0019478216073108984
25,Mon,4,3652,0.017382041928130303
25,Mon,5,4054,0.03699797947660008
25,Mon,6,4420,0.03170761924771101
25,Mon,7,4857,0.03934217713235344
25,Mon,8,5280,0.026130380018164867
25,Mon,9,5921,0.027936109704917167
25,Mon,10,6612,0.021134456443128946
25,Mon,11,7401,0.020125989474247707
25,Mon,12,8145,0.004871205892813535
25,Mon,13,8983,0.020542563236740308
25,Mon,14,9602,0.028400556658506493
25,Mon,15,9930,0.03064657634533341
25,Mon,16,9853,0.033099731337669525
25,Mon,17,9370,0.03309212028101971
25,Mon,18,8391,0.01005527538469364
25,Mon,19,7279,-0.0046453040251501765
25,Mon,20,6387,0.027375689753313948
25,Mon,21,5150,-0.0016618484528408972
25,Mon,22,4318,0.016346767232351428
25,Mon,23,3675,0.026709647153222237
26,Tue,0,3066,0.0037865306493106154
26,Tue,1,2855,-0.01746481196486882
26,Tue,2,2862,-0.03471745097875642
26,Tue,3,3092,-0.02044997519122324
26,Tue,4,3394,-0.014445400172540195
26,Tue,5,3773,0.006601504295477241
26,Tue,6,4107,-0.0003026743708054169
26,Tue,7,4373,-0.02419017371800608
26,Tue,8,4849,-0.01758685619872613
26,Tue,9,5593,0.01237947056440064
26,Tue,10,6192,-0.0030605116552842038
26,Tue,11,7036,0.010982141103845433
26,Tue,12,7723,-0.006898845943951182
26,Tue,13,8355,-0.010499046947215263
26,Tue,14,8915,-0.004403643066830165
26,Tue,15,9083,-0.017076725463648357
26,Tue,16,9073,-0.007940966913373204
26,Tue,17,8748,0.005835867277235396
26,Tue,18,8021,0.0063893698987750325
26,Tue,19,6974,-0.00601889549176049
26,Tue,20,5928,-0.005768089064046356
26,Tue,21,4976,0.005399133548492363
26,Tue,22,4130,0.013265059442371899
26,Tue,23,3373,-0.017600801558506456
27,Wed,0,2968,-0.022687588270423997
27,Wed,1,2912,0.008305998752885319
27,Wed,2,2934,-0.003869788039433636
27,Wed,3,3165,0.008887171473332983
27,Wed,4,3502,0.022881075181127513
27,Wed,5,3796,0.018684092660868783
27,Wed,6,3973,-0.027463974850638395
27,Wed,7,4438,-0.0034313447164945887
27,Wed,8,4814,-0.018824313731312547
27,Wed,9,5534,0.00778144073184156
27,Wed,10,6135,-0.006301867998242394
27,Wed,11,6934,0.0023861583815357745
27,Wed,12,7681,-0.0063456829614657595
27,Wed,13,8309,-0.010013661460097745
27,Wed,14,9132,0.02565045309774805
27,Wed,15,9249,0.007039141138196037
27,Wed,16,8976,-0.012683041241477455
27,Wed,17,8639,-0.0006957274696910432
27,Wed,18,7853,-0.008770822982158588
27,Wed,19,6849,-0.01809792749484851
27,Wed,20,5909,-0.002972141943870188
27,Wed,21,4989,0.014013956703565034
27,Wed,22,4141,0.021930586982349537
27,Wed,23,3379,-0.00981786158145967
28,Thu,0,3073,-0.0012517389029687853
28,Thu,1,2938,0.0038690743560306218
28,Thu,2,2953,-0.010740313792657191
28,Thu,3,3290,0.03429132613936836
28,Thu,4,3487,0.005264870871552106
28,Thu,5,3864,0.023112457936009224
28,Thu,6,4093,-0.011035296187752425
28,Thu,7,4576,0.013862334907091184
28,Thu,8,4976,0.000945968613113024
28,Thu,9,5527,-0.006808505667791287
28,Thu,10,6179,-0.012480432748080639
28,Thu,11,7068,0.008201146178696495
28,Thu,12,7906,0.009200329996419399
28,Thu,13,8593,0.01026865105547281
28,Thu,14,9128,0.01188800866728934
28,Thu,15,9415,0.011502560205477907
28,Thu,16,9286,0.007944287657282834
28,Thu,17,8837,0.00863924059185206
28,Thu,18,8057,0.0035488670071111006
28,Thu,19,7085,0.0024525053881772063
28,Thu,20,5998,-0.001348281862527334
28,Thu,21,5091,0.02092638247581574
28,Thu,22,4135,0.00715643378125938
28,Thu,23,3478,0.005731182311627857
29,Fri,0,3323,0.06713531498140614
29,Fri,1,3078,0.04059788003371351
29,Fri,2,3155,0.04560132737413786
29,Fri,3,3318,0.03295025930140197
29,Fri,4,3726,0.061734766453601334
29,Fri,5,4040,0.05783418501539686
29,Fri,6,4429,0.05803665242507311
29,Fri,7,4796,0.050999894471501106
29,Fri,8,5323,0.05853570571126343
29,Fri,9,5840,0.038457858435809955
29,Fri,10,6740,0.06460189949724193
29,Fri,11,7375,0.04090213785403096
29,Fri,12,8253,0.04233806532230522
29,Fri,13,8776,0.021525831031555254
29,Fri,14,9393,0.03069017040391031
29,Fri,15,9702,0.031714465606936026
29,Fri,16,9657,0.03730295912737036
29,Fri,17,9348,0.05503670048843157
29,Fri,18,8512,0.04866679224122383
29,Fri,19,7429,0.04004621326067781
29,Fri,20,6435,0.05915740648235612
29,Fri,21,5356,0.06185026476760108
29,Fri,22,4346,0.047104705142140796
29,Fri,23,3674,0.05073267251015273
30,Sat,0,3367,0.07876186074678007
30,Sat,1,3076,0.038422363136529775
30,Sat,2,3217,0.06353338659720033
30,Sat,3,3276,0.018687526744305655
30,Sat,4,3691,0.05077255205899258
30,Sat,5,4031,0.05407861475757983
30,Sat,6,4395,0.04880559321955924
30,Sat,7,4681,0.025206342119088482
30,Sat,8,5292,0.05116980927383091
30,Sat,9,5931,0.05239294208599782
30,Sat,10,6553,0.03494141284137253
30,Sat,11,7297,0.0287446263679646
30,Sat,12,8200,0.03437020181804795
30,Sat,13,8964,0.04119483035965332
30,Sat,14,9395,0.029377422181536716
30,Sat,15,9802,0.040442697759781376
30,Sat,16,9764,0.046795864536932186
30,Sat,17,9193,0.036791871782015595
30,Sat,18,8330,0.025528960485162844
30,Sat,19,7448,0.04107468262875935
30,Sat,20,6227,0.0247771979906507
30,Sat,21,5309,0.0515115182427503
30,Sat,22,4361,0.04902417770722792
30,Sat,23,3554,0.016004371802963463
31,Sun,0,3012,-0.006213284212754799
31,Sun,1,2999,0.039500567510334816
31,Sun,2,2871,-0.023811546708341735
31,Sun,3,3062,-0.022431492423402283
31,Sun,4,3401,-0.004618632249673543
31,Sun,5,3731,0.00317558126484465
31,Sun,6,4114,0.009166806662414248
31,Sun,7,4432,-0.0030232868783388878
31,Sun,8,4751,-0.03023537323532599
31,Sun,9,5397,-0.01552312311407128
31,Sun,10,6151,-0.001936707550901584
31,Sun,11,6700,-0.03017986368884107
31,Sun,12,7722,0.0007384026190921933
31,Sun,13,8512,0.015883351725741512
31,Sun,14,8871,-0.0015843547375878897
31,Sun,15,9084,-0.009199909876216772
31,Sun,16,9066,-0.0009460101079561412
31,Sun,17,8710,0.009249536611127374
31,Sun,18,7804,-0.013268844460272544
31,Sun,19,6875,-0.012548435862435592
31,Sun,20,5904,-0.0020578149677900615
31,Sun,21,4921,0.0020523949691755305
31,Sun,22,4000,-0.010947319861911817
31,Sun,23,3518,0.03224991081779032
32,Mon,0,3061,-0.03927326975887693
32,Mon,1,2872,-0.05295698683148298
32,Mon,2,2877,-0.07091890470752935
32,Mon,3,3112,-0.05543148515601912
32,Mon,4,3520,-0.01942679702153022
32,Mon,5,3802,-0.02717064973305041
32,Mon,6,4085,-0.04710107168106753
32,Mon,7,4409,-0.05742041965960426
32,Mon,8,4933,-0.041841734218222626
32,Mon,9,5441,-0.05659892666373584
32,Mon,10,6245,-0.035966135971561286
32,Mon,11,6868,-0.05461095074611455
32,Mon,12,7857,-0.03112593180103329
32,Mon,13,8433,-0.042635128229181474
32,Mon,14,8838,-0.05450574534109842
32,Mon,15,9063,-0.0607088937364082
32,Mon,16,8968,-0.06100855240724723
32,Mon,17,8833,-0.025923024089615332
32,Mon,18,8095,-0.025855661504533778
32,Mon,19,7152,-0.02224553652974104
32,Mon,20,5916,-0.049222207426742215
32,Mon,21,4861,-0.059408612949876816
32,Mon,22,4000,-0.06014199808960935
32,Mon,23,3387,-0.05488734283228515
33,Tue,0,3105,0.016424417250741313
33,Tue,1,2929,0.00811998815008766
33,Tue,2,2881,-0.028101828165116777
33,Tue,3,3226,0.021968156854575996
33,Tue,4,3405,-0.011210103302857363
33,Tue,5,3653,-0.025715835611880178
33,Tue,6,4253,0.03462492763370234
33,Tue,7,4541,0.013503575889694086
33,Tue,8,5096,0.03209156607333269
33,Tue,9,5474,-0.009124791233495133
33,Tue,10,6243,0.005141528483356139
33,Tue,11,6967,0.0011277340735844632
33,Tue,12,7938,0.02055786530732784
33,Tue,13,8570,0.014907022267744097
33,Tue,14,9146,0.02117631431198197
33,Tue,15,9293,0.005778924638259908
33,Tue,16,9315,0.018380635254086952
33,Tue,17,8995,0.033678062380766205
33,Tue,18,8083,0.014088880119615954
33,Tue,19,7044,0.003967634418457933
33,Tue,20,6167,0.03375425017099809
33,Tue,21,5056,0.021346845046121
33,Tue,22,4151,0.01833630906794452
33,Tue,23,3423,-0.002888163383452276
34,Wed,1,2963,0.02566518160382203
34,Wed,2,2990,0.01503372790805152
34,Wed,3,3150,0.004137320990368981
34,Wed,4,3435,0.0035665518425246276
34,Wed,5,3918,0.05031342996874424
35,Thu,1,2928,0.00046017393223021785
35,Thu,2,2955,-0.010063380294916852
35,Thu,3,3236,0.017744296617334954
35,Thu,4,3512,0.012407758238114242
35,Thu,5,3726,-0.013250393657609279
36,Fri,1,2880,-0.025880693268907545
36,Fri,2,2952,-0.020893363792433978
36,Fri,3,3158,-0.01646538176633676
36,Fri,4,3378,-0.0363028629255079
36,Fri,5,3662,-0.0403882856703298
37,Sat,1,2981,0.00705630637445398
37,Sat,2,3074,0.018071013670149044
37,Sat,3,3288,0.022343280921311645
37,Sat,4,3640,0.03686070765341501
37,Sat,5,3880,0.015904111537040078
38,Sun,1,2889,0.0021384372533422846
38,Sun,2,2979,0.013109412094877121
38,Sun,3,3152,0.006532719812327531
38,Sun,4,3511,0.027208152897834476
38,Sun,5,3767,0.012776935023264699
