run,N,D,lr,wu,qk,B,wd,seed,status,loss
1,2e+07,4e+08,0.0008547,0.02,0,500000,0.1,0,ok,5.3078
2,2e+07,4e+08,0.001367,0.02,0,500000,0.1,0,ok,5.2746
3,2e+07,4e+08,0.002188,0.02,0,500000,0.1,0,ok,5.2555
4,2e+07,4e+08,0.003501,0.02,0,500000,0.1,0,ok,5.2673
5,2e+07,4e+08,0.005601,0.02,0,500000,0.1,0,ok,5.2996
6,4e+07,8e+08,0.0008489,0.02,0,500000,0.1,0,ok,4.6245
7,4e+07,8e+08,0.001358,0.02,0,500000,0.1,0,ok,4.5922
8,4e+07,8e+08,0.002173,0.02,0,500000,0.1,0,ok,4.5764
9,4e+07,8e+08,0.003477,0.02,0,500000,0.1,0,ok,4.5917
10,4e+07,8e+08,0.005563,0.02,0,500000,0.1,0,ok,4.6319
11,8e+07,1.6e+09,0.0009693,0.02,0,500000,0.1,0,ok,4.0671
12,8e+07,1.6e+09,0.001551,0.02,0,500000,0.1,0,ok,4.0491
13,8e+07,1.6e+09,0.002481,0.02,0,500000,0.1,0,ok,4.0404
14,8e+07,1.6e+09,0.00397,0.02,0,500000,0.1,0,ok,4.0735
15,8e+07,1.6e+09,0.006353,0.02,0,500000,0.1,0,ok,4.1223
16,1.6e+08,3.2e+09,0.0006953,0.02,0,500000,0.1,0,ok,3.6682
17,1.6e+08,3.2e+09,0.001113,0.02,0,500000,0.1,0,ok,3.6257
18,1.6e+08,3.2e+09,0.00178,0.02,0,500000,0.1,0,ok,3.6173
19,1.6e+08,3.2e+09,0.002848,0.02,0,500000,0.1,0,ok,3.6256
20,1.6e+08,3.2e+09,0.004557,0.02,0,500000,0.1,0,ok,3.6624
21,8e+07,1.6e+09,0.002481,0.02,0,500000,0.1,1,ok,4.0455
22,8e+07,1.6e+09,0.002481,0.02,1,500000,0.1,0,ok,4.0497
23,8e+07,1.6e+09,0.002481,0.02,1,500000,0.1,1,ok,4.0461
