requested_at,run_id,outcome,returned_lo,returned_hi
2026-07-16T06:00:00Z,r00049,range,0.3111,0.3511
2026-07-16T06:07:00Z,r00179,value,0.7136,0.7136
2026-07-16T06:14:00Z,r00198,no_bundle,,
2026-07-16T06:21:00Z,r00265,range,0.3199,0.3599
2026-07-16T07:28:00Z,r00604,no_bundle,,
2026-07-16T07:35:00Z,r00609,no_bundle,,
2026-07-16T07:42:00Z,r00663,value,0.5719,0.5719
2026-07-16T07:49:00Z,r01120,range,0.2499,0.2699
2026-07-16T08:56:00Z,r01127,value,0.3680,0.3680
2026-07-16T08:03:00Z,r01156,no_bundle,,
2026-07-16T08:10:00Z,r01171,no_bundle,,
2026-07-16T08:17:00Z,r01199,no_bundle,,
2026-07-16T09:24:00Z,r01376,no_bundle,,
2026-07-16T09:31:00Z,r01415,no_bundle,,
2026-07-16T09:38:00Z,r01417,range,0.3338,0.3538
2026-07-16T09:45:00Z,r01428,no_bundle,,
2026-07-16T10:52:00Z,r01603,no_bundle,,
2026-07-16T10:59:00Z,r01655,no_bundle,,
2026-07-16T10:06:00Z,r01745,range,0.0495,0.0745
2026-07-16T10:13:00Z,r01759,range,0.2154,0.2404
2026-07-16T11:20:00Z,r01772,range,0.1114,0.1364
2026-07-16T11:27:00Z,r01803,range,0.1967,0.2217
2026-07-16T11:34:00Z,r01839,range,0.2083,0.2333
2026-07-16T11:41:00Z,r01849,range,0.3349,0.3599
2026-07-17T12:48:00Z,r01965,range,0.2449,0.2699
2026-07-17T12:55:00Z,r01989,range,0.2230,0.2480
2026-07-17T12:02:00Z,r01998,range,0.2728,0.2978
2026-07-17T12:09:00Z,r02027,range,0.3231,0.3481
2026-07-17T13:16:00Z,r02048,range,0.2357,0.2607
2026-07-17T13:23:00Z,r02085,no_bundle,,
2026-07-17T13:30:00Z,r02160,range,0.2449,0.2699
2026-07-17T13:37:00Z,r02236,range,0.2570,0.2820
2026-07-17T14:44:00Z,r02257,range,0.2259,0.2509
2026-07-17T14:51:00Z,r02375,range,0.3066,0.3316
2026-07-17T14:58:00Z,r02431,value,0.4190,0.4190
2026-07-17T14:05:00Z,r02434,range,0.2132,0.2382
2026-07-17T15:12:00Z,r02442,range,0.2449,0.2699
2026-07-17T15:19:00Z,r02585,range,0.3211,0.3461
2026-07-17T15:26:00Z,r02604,no_bundle,,
2026-07-17T15:33:00Z,r02605,no_bundle,,
