run_id,finished_at
r00001,2026-06-27T16:28:42Z
r00002,2026-06-22T04:41:42Z
r00003,2026-07-08T09:52:40Z
r00004,2026-06-25T11:17:22Z
r00005,2026-06-21T18:20:31Z
r00006,2026-06-23T14:26:36Z
r00007,2026-06-23T23:41:29Z
r00008,2026-07-02T10:02:39Z
r00009,2026-07-03T02:37:37Z
r00010,2026-06-25T08:57:48Z
r00011,2026-06-22T20:55:54Z
r00012,2026-07-09T00:27:15Z
r00013,2026-06-26T01:36:31Z
r00014,2026-07-01T06:45:55Z
r00015,2026-07-04T21:46:08Z
r00016,2026-06-25T04:07:41Z
r00017,2026-07-03T09:14:58Z
r00018,2026-06-27T17:14:57Z
r00019,2026-07-02T14:25:40Z
r00020,2026-06-22T19:12:50Z
r00021,2026-06-28T19:28:26Z
r00022,2026-07-08T11:52:12Z
r00023,2026-06-28T13:09:06Z
r00024,2026-06-27T14:28:33Z
r00025,2026-06-25T07:23:29Z
r00026,2026-06-21T15:54:45Z
r00027,2026-07-08T19:01:44Z
r00028,2026-07-07T02:37:07Z
r00029,2026-07-07T07:43:22Z
r00030,2026-06-23T23:32:30Z
r00032,2026-06-22T14:41:52Z
r00033,2026-07-01T13:07:10Z
r00034,2026-06-22T06:17:07Z
r00036,2026-06-28T11:46:05Z
r00037,2026-06-24T03:57:26Z
r00038,2026-07-02T02:53:34Z
r00039,2026-07-01T06:59:46Z
r00040,2026-06-25T20:43:04Z
r00041,2026-07-07T06:29:33Z
r00042,2026-06-23T03:59:17Z
r00043,2026-06-23T10:04:54Z
r00044,2026-06-21T02:28:42Z
r00045,2026-07-04T13:43:08Z
r00046,2026-06-30T09:15:48Z
r00047,2026-06-26T00:59:41Z
r00048,2026-06-30T05:17:25Z
r00049,2026-07-05T05:50:03Z
r00050,2026-07-06T09:22:30Z
r00051,2026-06-30T14:30:18Z
r00052,2026-07-08T20:10:11Z
r00053,2026-06-27T14:57:16Z
r00054,2026-06-24T19:17:58Z
r00055,2026-07-07T02:30:21Z
r00056,2026-07-02T11:05:40Z
r00057,2026-07-07T14:22:23Z
r00058,2026-07-03T12:10:39Z
r00059,2026-07-06T10:40:52Z
r00060,2026-07-05T18:18:16Z
r00061,2026-06-22T15:09:18Z
r00062,2026-07-02T18:09:09Z
r00063,2026-07-02T06:18:21Z
r00064,2026-06-28T21:49:03Z
r00065,2026-06-25T02:08:50Z
r00066,2026-06-22T15:45:48Z
r00067,2026-07-02T01:50:40Z
r00068,2026-06-24T21:38:30Z
r00069,2026-06-22T12:38:41Z
r00070,2026-06-21T12:23:36Z
r00071,2026-06-30T01:15:29Z
r00072,2026-06-24T00:32:56Z
r00073,2026-06-22T07:09:29Z
r00074,2026-06-30T15:51:49Z
r00076,2026-07-07T10:16:27Z
r00077,2026-07-08T19:50:04Z
r00078,2026-06-21T21:59:07Z
r00080,2026-06-24T21:52:07Z
r00081,2026-07-07T19:15:53Z
r00082,2026-06-28T14:21:09Z
r00083,2026-06-21T23:24:54Z
r00084,2026-06-30T22:05:26Z
r00085,2026-07-05T23:22:07Z
r00086,2026-06-26T11:28:45Z
r00087,2026-07-04T11:41:37Z
r00088,2026-06-29T18:18:37Z
r00089,2026-06-22T09:49:53Z
r00090,2026-07-04T07:27:11Z
r00091,2026-06-28T02:55:09Z
r00092,2026-07-06T13:13:55Z
r00093,2026-06-30T15:44:40Z
r00094,2026-06-27T08:15:21Z
r00095,2026-06-21T13:08:20Z
r00096,2026-06-23T17:36:47Z
r00097,2026-07-03T14:19:54Z
r00098,2026-06-26T19:23:00Z
r00099,2026-06-23T05:42:21Z
r00100,2026-07-08T22:18:02Z
r00101,2026-06-27T10:14:14Z
r00102,2026-07-03T09:08:53Z
r00103,2026-07-04T05:13:30Z
r00104,2026-07-05T07:12:09Z
r00105,2026-06-24T21:32:03Z
r00107,2026-06-21T06:55:57Z
r00108,2026-07-03T01:06:27Z
r00109,2026-07-02T19:42:04Z
r00110,2026-07-02T11:17:45Z
r00112,2026-06-30T03:10:47Z
r00113,2026-07-05T03:53:08Z
r00114,2026-06-23T22:13:24Z
r00115,2026-07-04T02:28:43Z
r00116,2026-07-08T21:31:39Z
r00117,2026-06-25T20:13:26Z
r00118,2026-07-06T05:21:08Z
r00119,2026-07-02T01:28:02Z
r00120,2026-07-02T15:13:32Z
r00121,2026-07-03T10:22:23Z
r00122,2026-06-23T08:47:53Z
r00123,2026-07-01T20:38:07Z
r00124,2026-07-06T09:55:08Z
r00125,2026-07-06T22:56:14Z
r00126,2026-06-21T15:59:43Z
r00127,2026-07-08T20:26:43Z
r00128,2026-06-25T17:28:55Z
r00129,2026-06-27T06:12:30Z
r00130,2026-06-27T19:48:25Z
r00131,2026-07-05T22:07:29Z
r00132,2026-07-03T17:27:42Z
r00133,2026-06-24T12:07:55Z
r00134,2026-06-27T16:40:26Z
r00135,2026-07-04T10:36:42Z
r00136,2026-07-01T05:25:31Z
r00137,2026-07-06T19:31:31Z
r00138,2026-06-28T11:46:59Z
r00139,2026-06-27T02:57:41Z
r00140,2026-07-01T09:23:01Z
r00141,2026-06-28T09:49:50Z
r00142,2026-06-26T01:44:22Z
r00143,2026-07-02T10:27:52Z
r00144,2026-06-27T19:51:57Z
r00145,2026-07-03T08:57:31Z
r00146,2026-07-07T08:45:12Z
r00147,2026-06-22T21:55:48Z
r00148,2026-07-05T21:06:23Z
r00149,2026-07-05T07:15:56Z
r00150,2026-06-22T00:39:55Z
r00151,2026-07-06T18:26:18Z
r00152,2026-06-30T11:30:27Z
r00153,2026-07-06T20:38:37Z
r00154,2026-07-08T15:31:22Z
r00155,2026-07-02T09:03:06Z
r00157,2026-06-28T21:52:26Z
r00158,2026-07-03T03:03:13Z
r00159,2026-07-08T14:26:50Z
r00160,2026-07-04T07:01:46Z
r00161,2026-06-25T16:46:13Z
r00162,2026-07-04T08:44:32Z
r00163,2026-06-27T08:19:58Z
r00164,2026-06-30T05:07:23Z
r00165,2026-06-23T19:11:21Z
r00166,2026-06-21T22:56:46Z
r00167,2026-07-05T03:25:07Z
r00168,2026-06-30T23:30:48Z
r00169,2026-06-30T07:06:13Z
r00170,2026-06-26T20:21:07Z
r00172,2026-07-03T13:14:38Z
r00173,2026-06-21T12:02:36Z
r00174,2026-07-05T17:21:49Z
r00175,2026-07-03T22:46:13Z
r00176,2026-06-26T05:40:53Z
r00177,2026-06-27T04:22:56Z
r00178,2026-07-04T11:01:48Z
r00179,2026-07-04T02:52:24Z
r00180,2026-06-29T10:39:20Z
r00181,2026-06-28T04:15:48Z
r00182,2026-07-01T22:10:12Z
r00183,2026-07-06T07:47:56Z
r00184,2026-06-27T03:34:53Z
r00186,2026-07-01T05:57:07Z
r00187,2026-07-03T20:14:17Z
r00188,2026-06-29T22:56:58Z
r00190,2026-06-28T12:29:16Z
r00191,2026-07-03T06:41:49Z
r00192,2026-07-01T11:28:24Z
r00193,2026-06-28T19:18:51Z
r00194,2026-07-05T22:36:33Z
r00195,2026-06-26T15:01:55Z
r00196,2026-07-07T05:05:31Z
r00197,2026-06-24T05:32:33Z
r00198,2026-06-28T21:16:40Z
r00199,2026-06-27T07:52:59Z
r00200,2026-06-22T08:33:26Z
r00201,2026-06-27T17:20:12Z
r00202,2026-07-09T02:35:55Z
r00203,2026-06-23T10:36:57Z
r00204,2026-06-23T18:51:49Z
r00205,2026-07-01T05:42:47Z
r00206,2026-07-04T15:54:22Z
r00207,2026-06-30T17:43:28Z
r00208,2026-06-24T20:29:23Z
r00209,2026-06-22T13:40:30Z
r00210,2026-06-23T12:34:31Z
r00211,2026-07-04T19:40:22Z
r00212,2026-07-02T17:53:02Z
r00213,2026-06-23T23:38:47Z
r00214,2026-06-24T22:54:25Z
r00215,2026-06-27T21:45:42Z
r00216,2026-07-07T01:25:49Z
r00217,2026-06-30T21:39:32Z
r00218,2026-06-29T09:29:39Z
r00219,2026-06-22T04:03:05Z
r00220,2026-06-28T06:56:04Z
r00221,2026-06-28T16:04:16Z
r00222,2026-07-03T21:46:00Z
r00223,2026-07-04T05:45:45Z
r00224,2026-07-07T09:14:48Z
r00225,2026-06-22T16:22:02Z
r00226,2026-06-30T14:49:40Z
r00227,2026-06-25T00:06:05Z
r00228,2026-06-30T19:36:31Z
r00229,2026-07-03T03:10:50Z
r00230,2026-07-02T15:58:46Z
r00231,2026-07-07T03:05:33Z
r00232,2026-06-24T01:40:35Z
r00233,2026-06-26T06:57:09Z
r00234,2026-06-23T08:08:12Z
r00235,2026-07-07T22:01:00Z
r00236,2026-07-08T11:05:24Z
r00237,2026-06-23T08:27:10Z
r00238,2026-07-06T18:10:43Z
r00239,2026-07-04T20:39:06Z
r00240,2026-07-05T06:39:49Z
r00242,2026-07-08T08:14:36Z
r00243,2026-06-24T21:31:29Z
r00244,2026-07-09T00:14:51Z
r00245,2026-07-04T21:11:57Z
r00246,2026-07-03T13:31:09Z
r00247,2026-06-23T18:38:06Z
r00248,2026-07-02T23:03:43Z
r00249,2026-07-02T04:42:11Z
r00250,2026-07-05T17:08:58Z
r00251,2026-06-29T02:34:26Z
r00252,2026-07-05T00:59:35Z
r00253,2026-07-08T03:06:09Z
r00254,2026-07-01T14:19:56Z
r00255,2026-07-08T19:38:34Z
r00256,2026-07-05T23:24:10Z
r00257,2026-06-25T13:17:20Z
r00258,2026-06-28T21:59:48Z
r00259,2026-06-22T02:54:15Z
r00260,2026-07-01T20:48:50Z
r00261,2026-07-08T21:53:46Z
r00262,2026-06-24T00:30:48Z
r00263,2026-06-30T20:24:28Z
r00264,2026-06-25T22:28:14Z
r00265,2026-07-04T21:31:33Z
r00266,2026-06-27T21:53:51Z
r00267,2026-07-04T21:43:17Z
r00268,2026-06-26T04:24:18Z
r00269,2026-06-21T23:39:43Z
r00270,2026-06-29T11:53:05Z
r00271,2026-06-26T19:01:30Z
r00272,2026-06-25T16:51:39Z
r00273,2026-07-06T16:07:38Z
r00274,2026-06-23T22:26:13Z
r00275,2026-06-30T03:10:01Z
r00276,2026-06-27T15:30:29Z
r00277,2026-07-03T04:15:18Z
r00278,2026-07-04T15:37:16Z
r00279,2026-06-22T08:21:13Z
r00280,2026-06-25T11:36:10Z
r00281,2026-06-23T12:57:35Z
r00282,2026-06-30T09:36:49Z
r00283,2026-07-02T17:35:03Z
r00284,2026-06-23T10:27:27Z
r00286,2026-07-07T05:33:28Z
r00287,2026-06-23T18:19:20Z
r00288,2026-07-04T03:37:08Z
r00289,2026-06-21T02:05:06Z
r00290,2026-07-07T23:10:22Z
r00291,2026-06-27T05:41:40Z
r00292,2026-07-01T03:54:32Z
r00293,2026-06-23T02:56:19Z
r00294,2026-07-08T05:53:15Z
r00295,2026-06-26T01:28:50Z
r00297,2026-06-26T03:09:39Z
r00298,2026-06-26T16:34:30Z
r00299,2026-07-01T18:20:40Z
r00300,2026-06-21T04:57:35Z
r00301,2026-07-03T14:46:55Z
r00302,2026-07-07T04:41:20Z
r00304,2026-07-07T19:25:20Z
r00305,2026-07-07T15:13:12Z
r00306,2026-07-06T09:49:31Z
r00307,2026-06-25T11:59:16Z
r00308,2026-07-05T20:23:49Z
r00309,2026-06-24T18:41:35Z
r00310,2026-06-21T02:12:51Z
r00311,2026-06-21T08:27:29Z
r00312,2026-06-23T19:07:18Z
r00313,2026-07-02T05:09:21Z
r00314,2026-07-08T10:51:46Z
r00315,2026-06-26T08:29:49Z
r00316,2026-07-02T17:39:37Z
r00317,2026-06-24T16:36:51Z
r00318,2026-06-28T12:47:55Z
r00319,2026-06-28T09:33:06Z
r00320,2026-06-23T05:59:31Z
r00321,2026-07-04T13:58:35Z
r00322,2026-07-05T01:47:32Z
r00323,2026-07-08T14:20:37Z
r00324,2026-07-03T21:34:34Z
r00325,2026-07-01T08:55:16Z
r00326,2026-06-28T23:08:12Z
r00327,2026-06-27T05:11:54Z
r00328,2026-07-03T14:13:04Z
r00329,2026-06-24T00:25:39Z
r00330,2026-07-04T05:51:50Z
r00331,2026-06-21T03:24:30Z
r00332,2026-06-25T05:01:04Z
r00333,2026-07-06T03:55:52Z
r00334,2026-06-28T10:09:40Z
r00335,2026-07-04T16:28:59Z
r00336,2026-06-22T15:46:17Z
r00337,2026-07-04T02:32:19Z
r00338,2026-07-02T03:39:46Z
r00339,2026-07-02T12:58:18Z
r00340,2026-07-02T22:11:05Z
r00341,2026-06-27T21:50:40Z
r00342,2026-07-07T17:39:30Z
r00343,2026-06-24T10:58:24Z
r00344,2026-07-04T02:22:04Z
r00345,2026-07-02T22:32:46Z
r00346,2026-07-07T11:22:30Z
r00347,2026-06-26T17:34:36Z
r00348,2026-06-24T04:16:51Z
r00349,2026-06-25T01:34:51Z
r00350,2026-07-09T01:33:30Z
r00351,2026-07-04T10:27:04Z
r00352,2026-06-28T14:15:29Z
r00353,2026-06-29T01:15:48Z
r00354,2026-06-28T08:33:02Z
r00355,2026-06-24T08:37:26Z
r00356,2026-06-22T14:17:33Z
r00357,2026-07-04T02:52:22Z
r00358,2026-06-28T12:24:31Z
r00359,2026-07-01T19:20:07Z
r00360,2026-07-03T14:01:57Z
r00361,2026-07-07T11:40:10Z
r00363,2026-07-07T06:37:55Z
r00364,2026-07-06T02:33:33Z
r00365,2026-06-23T19:26:22Z
r00366,2026-06-30T00:18:22Z
r00367,2026-06-27T18:52:42Z
r00368,2026-06-25T19:25:51Z
r00369,2026-07-06T06:02:54Z
r00370,2026-06-27T15:46:15Z
r00371,2026-06-22T02:13:29Z
r00372,2026-07-02T17:58:35Z
r00373,2026-07-06T05:07:04Z
r00374,2026-07-08T18:33:45Z
r00375,2026-07-01T21:45:46Z
r00376,2026-06-23T02:38:51Z
r00377,2026-07-01T03:03:31Z
r00378,2026-07-08T02:42:57Z
r00379,2026-07-04T00:40:57Z
r00380,2026-07-06T20:00:22Z
r00381,2026-06-26T13:08:37Z
r00382,2026-07-02T09:13:16Z
r00383,2026-06-28T08:38:34Z
r00384,2026-06-28T02:37:44Z
r00385,2026-06-24T16:34:15Z
r00386,2026-07-04T17:53:26Z
r00387,2026-06-28T22:28:25Z
r00388,2026-07-04T07:05:28Z
r00389,2026-07-07T13:24:31Z
r00390,2026-06-26T06:58:00Z
r00391,2026-06-21T09:07:20Z
r00392,2026-06-26T06:01:34Z
r00393,2026-07-01T08:32:51Z
r00394,2026-07-03T15:43:10Z
r00395,2026-06-26T18:51:44Z
r00396,2026-07-02T12:40:07Z
r00397,2026-07-04T08:52:00Z
r00398,2026-06-27T02:32:36Z
r00399,2026-06-23T18:11:46Z
r00400,2026-07-07T15:45:03Z
r00401,2026-06-24T09:16:18Z
r00402,2026-07-05T01:25:41Z
r00403,2026-06-22T06:17:36Z
r00404,2026-07-05T11:21:56Z
r00405,2026-06-26T21:58:57Z
r00406,2026-07-04T16:47:04Z
r00407,2026-07-02T10:47:30Z
r00408,2026-07-08T23:11:32Z
r00409,2026-06-30T12:55:10Z
r00410,2026-06-28T23:52:30Z
r00411,2026-06-27T05:37:27Z
r00412,2026-07-05T05:34:46Z
r00413,2026-07-06T21:26:54Z
r00414,2026-07-02T23:17:36Z
r00415,2026-06-25T04:23:08Z
r00417,2026-06-26T04:50:17Z
r00418,2026-06-21T05:10:06Z
r00419,2026-07-03T19:47:14Z
r00420,2026-06-22T13:50:48Z
r00421,2026-06-30T19:12:08Z
r00422,2026-06-24T19:27:00Z
r00423,2026-06-28T13:02:34Z
r00424,2026-06-29T08:37:56Z
r00425,2026-07-01T21:57:55Z
r00426,2026-06-22T21:39:59Z
r00427,2026-07-04T00:29:06Z
r00428,2026-06-23T04:58:07Z
r00429,2026-07-02T11:48:38Z
r00430,2026-06-24T12:08:42Z
r00431,2026-06-29T12:27:52Z
r00432,2026-07-09T00:25:47Z
r00433,2026-07-03T02:34:17Z
r00434,2026-06-21T22:10:13Z
r00435,2026-06-30T15:09:56Z
r00436,2026-07-01T15:11:36Z
r00437,2026-06-21T22:44:06Z
r00438,2026-06-26T04:57:52Z
r00439,2026-06-27T11:04:23Z
r00440,2026-06-22T19:47:58Z
r00441,2026-07-01T19:44:10Z
r00442,2026-07-08T06:02:16Z
r00443,2026-07-02T23:48:17Z
r00444,2026-07-08T06:36:38Z
r00445,2026-06-25T03:40:04Z
r00446,2026-07-03T19:07:32Z
r00447,2026-07-06T05:25:50Z
r00448,2026-06-26T16:46:14Z
r00449,2026-06-23T05:28:01Z
r00450,2026-07-07T08:17:24Z
r00451,2026-07-07T04:10:13Z
r00452,2026-07-08T10:15:42Z
r00453,2026-06-28T09:34:38Z
r00454,2026-07-02T08:37:13Z
r00456,2026-06-29T09:08:19Z
r00457,2026-07-03T02:11:57Z
r00458,2026-07-03T20:47:26Z
r00459,2026-06-25T22:57:26Z
r00461,2026-07-08T21:09:34Z
r00462,2026-07-02T22:20:32Z
r00463,2026-06-26T19:39:57Z
r00464,2026-07-05T20:40:18Z
r00465,2026-07-08T20:58:31Z
r00466,2026-07-04T02:47:05Z
r00467,2026-06-26T07:02:21Z
r00468,2026-07-03T21:39:07Z
r00469,2026-07-08T19:36:28Z
r00471,2026-06-30T04:39:26Z
r00472,2026-07-08T21:19:44Z
r00473,2026-07-04T10:13:13Z
r00474,2026-06-21T22:56:03Z
r00475,2026-06-21T06:58:31Z
r00477,2026-06-26T16:46:45Z
r00478,2026-06-25T19:18:36Z
r00479,2026-06-28T13:17:48Z
r00480,2026-06-21T05:59:53Z
r00481,2026-06-28T09:59:44Z
r00482,2026-07-08T10:10:25Z
r00483,2026-06-22T15:40:46Z
r00484,2026-07-03T18:06:02Z
r00485,2026-06-22T01:10:43Z
r00486,2026-06-26T01:20:59Z
r00487,2026-07-06T17:25:17Z
r00488,2026-07-07T23:19:43Z
r00489,2026-07-05T06:39:19Z
r00490,2026-07-02T15:25:55Z
r00491,2026-06-26T12:54:59Z
r00492,2026-06-29T07:29:12Z
r00493,2026-07-08T10:34:24Z
r00494,2026-07-01T06:50:10Z
r00495,2026-07-08T15:22:27Z
r00496,2026-07-01T21:25:28Z
r00497,2026-07-05T22:11:51Z
r00498,2026-07-07T22:40:41Z
r00500,2026-06-25T08:08:16Z
r00501,2026-07-04T22:33:46Z
r00503,2026-06-24T14:01:40Z
r00504,2026-07-04T22:27:43Z
r00505,2026-06-24T03:20:24Z
r00506,2026-06-29T17:02:54Z
r00507,2026-07-04T03:26:07Z
r00508,2026-07-03T00:37:27Z
r00509,2026-07-04T03:20:12Z
r00510,2026-06-24T21:36:17Z
r00511,2026-07-03T11:21:52Z
r00512,2026-07-02T14:42:26Z
r00513,2026-07-08T18:09:18Z
r00514,2026-06-25T19:10:04Z
r00515,2026-06-23T02:25:54Z
r00516,2026-07-04T01:26:34Z
r00517,2026-06-23T11:01:03Z
r00518,2026-07-08T20:34:17Z
r00519,2026-07-02T07:24:26Z
r00520,2026-06-26T08:01:12Z
r00522,2026-07-07T10:29:48Z
r00523,2026-07-03T17:01:11Z
r00524,2026-07-08T16:47:52Z
r00525,2026-06-25T14:23:54Z
r00526,2026-06-21T23:38:57Z
r00527,2026-07-02T02:30:23Z
r00528,2026-06-23T19:53:49Z
r00529,2026-06-26T09:13:42Z
r00531,2026-07-06T04:07:59Z
r00532,2026-07-03T05:38:32Z
r00533,2026-07-05T04:10:20Z
r00534,2026-06-23T09:28:31Z
r00535,2026-07-06T09:03:06Z
r00536,2026-07-04T20:26:56Z
r00537,2026-06-23T12:05:59Z
r00538,2026-06-30T23:26:01Z
r00539,2026-07-08T02:04:54Z
r00540,2026-07-02T11:25:27Z
r00541,2026-06-25T06:39:04Z
r00542,2026-07-08T08:43:33Z
r00543,2026-06-22T21:33:03Z
r00544,2026-06-22T04:32:37Z
r00545,2026-06-30T05:03:35Z
r00546,2026-07-09T01:39:20Z
r00547,2026-06-27T21:29:55Z
r00548,2026-07-05T17:31:20Z
r00549,2026-06-24T15:36:44Z
r00550,2026-07-07T10:39:37Z
r00551,2026-06-25T21:15:08Z
r00552,2026-07-06T14:46:27Z
r00553,2026-06-21T08:41:20Z
r00554,2026-06-21T02:38:30Z
r00555,2026-06-24T15:26:45Z
r00556,2026-07-01T04:47:17Z
r00557,2026-06-22T10:56:36Z
r00558,2026-06-22T09:33:09Z
r00559,2026-07-06T09:18:15Z
r00560,2026-06-23T00:31:10Z
r00561,2026-07-04T14:18:30Z
r00562,2026-06-24T06:12:13Z
r00563,2026-06-28T15:39:03Z
r00564,2026-07-06T22:49:39Z
r00565,2026-07-02T02:50:02Z
r00566,2026-06-25T04:38:58Z
r00567,2026-06-26T04:20:03Z
r00569,2026-07-08T07:11:10Z
r00570,2026-07-06T03:03:21Z
r00571,2026-06-23T03:49:44Z
r00572,2026-06-27T08:42:58Z
r00573,2026-06-27T17:37:02Z
r00574,2026-07-07T05:28:10Z
r00575,2026-07-02T03:24:33Z
r00576,2026-06-28T02:57:12Z
r00577,2026-06-29T08:35:06Z
r00578,2026-06-27T12:37:29Z
r00579,2026-07-01T14:35:51Z
r00581,2026-06-29T01:07:00Z
r00582,2026-07-02T09:59:47Z
r00583,2026-06-29T15:00:19Z
r00584,2026-06-29T05:03:06Z
r00585,2026-06-28T00:26:04Z
r00586,2026-06-29T10:11:20Z
r00588,2026-07-02T04:26:51Z
r00589,2026-07-02T14:59:13Z
r00590,2026-07-03T02:41:08Z
r00591,2026-06-28T04:13:06Z
r00592,2026-06-30T23:16:29Z
r00593,2026-06-30T21:57:08Z
r00594,2026-07-01T19:58:16Z
r00595,2026-07-01T10:19:15Z
r00596,2026-07-02T23:05:32Z
r00597,2026-06-30T07:01:35Z
r00598,2026-07-01T18:40:10Z
r00599,2026-06-30T05:52:14Z
r00600,2026-06-28T06:57:20Z
r00601,2026-06-29T19:50:07Z
r00602,2026-06-28T21:15:12Z
r00603,2026-06-28T22:41:05Z
r00604,2026-07-03T05:50:28Z
r00605,2026-06-27T19:50:38Z
r00606,2026-06-28T20:40:53Z
r00607,2026-06-28T08:46:09Z
r00608,2026-07-03T01:52:58Z
r00609,2026-06-30T22:29:45Z
r00610,2026-06-27T07:17:02Z
r00611,2026-07-01T05:45:13Z
r00612,2026-07-01T19:09:47Z
r00613,2026-06-27T14:56:10Z
r00614,2026-07-08T03:27:45Z
r00615,2026-06-27T00:12:25Z
r00616,2026-07-03T21:14:14Z
r00617,2026-07-03T07:06:27Z
r00618,2026-07-08T13:51:02Z
r00619,2026-07-07T15:04:54Z
r00620,2026-07-02T17:46:49Z
r00621,2026-06-24T07:35:31Z
r00622,2026-07-03T02:37:46Z
r00623,2026-06-29T11:54:56Z
r00624,2026-07-04T05:35:14Z
r00625,2026-07-06T13:54:41Z
r00626,2026-07-01T04:56:16Z
r00627,2026-07-08T02:44:39Z
r00628,2026-07-05T05:29:25Z
r00629,2026-07-05T08:15:59Z
r00630,2026-06-22T12:03:23Z
r00631,2026-07-01T01:32:09Z
r00632,2026-07-06T19:07:50Z
r00633,2026-06-29T15:41:29Z
r00634,2026-07-04T19:20:58Z
r00635,2026-07-07T18:39:08Z
r00636,2026-06-21T21:29:09Z
r00637,2026-07-05T06:19:25Z
r00638,2026-06-22T22:45:29Z
r00639,2026-07-06T01:17:37Z
r00640,2026-06-23T05:48:08Z
r00641,2026-06-29T06:42:52Z
r00642,2026-07-01T01:31:08Z
r00643,2026-06-22T08:58:07Z
r00644,2026-06-24T09:18:27Z
r00645,2026-07-03T12:15:12Z
r00647,2026-07-05T14:24:58Z
r00648,2026-07-03T21:11:14Z
r00649,2026-07-06T07:32:52Z
r00650,2026-06-28T09:55:52Z
r00651,2026-06-30T06:43:17Z
r00652,2026-07-01T21:41:55Z
r00653,2026-07-02T12:20:00Z
r00654,2026-07-03T08:51:31Z
r00655,2026-06-27T20:04:13Z
r00656,2026-06-29T23:52:13Z
r00657,2026-07-05T20:41:00Z
r00658,2026-06-29T13:03:08Z
r00659,2026-07-06T21:21:56Z
r00660,2026-07-03T04:08:00Z
r00661,2026-06-23T15:53:14Z
r00662,2026-06-22T03:07:37Z
r00663,2026-07-04T13:32:34Z
r00664,2026-06-29T17:51:21Z
r00665,2026-07-07T13:06:27Z
r00666,2026-06-29T00:53:21Z
r00667,2026-07-02T15:24:48Z
r00668,2026-06-25T02:51:22Z
r00669,2026-06-26T10:30:39Z
r00670,2026-06-29T07:09:00Z
r00671,2026-06-28T12:39:32Z
r00672,2026-06-26T22:23:44Z
r00673,2026-06-23T03:22:31Z
r00674,2026-06-23T05:10:36Z
r00675,2026-06-30T19:55:45Z
r00676,2026-06-28T17:07:02Z
r00677,2026-06-30T08:13:08Z
r00678,2026-07-02T05:56:27Z
r00679,2026-06-25T02:15:54Z
r00680,2026-07-02T23:38:56Z
r00681,2026-06-27T02:57:30Z
r00682,2026-06-27T13:57:17Z
r00683,2026-06-23T12:24:14Z
r00684,2026-06-21T02:11:47Z
r00685,2026-06-24T04:32:23Z
r00686,2026-07-07T09:45:37Z
r00687,2026-06-29T20:13:06Z
r00688,2026-06-23T01:23:52Z
r00690,2026-07-04T07:31:16Z
r00691,2026-06-23T13:41:37Z
r00692,2026-07-04T19:28:32Z
r00693,2026-06-30T05:21:42Z
r00694,2026-06-27T15:29:55Z
r00695,2026-06-26T13:55:09Z
r00696,2026-06-23T06:04:35Z
r00697,2026-06-29T12:47:53Z
r00698,2026-06-26T18:18:24Z
r00699,2026-07-02T20:38:17Z
r00700,2026-07-09T01:02:38Z
r00701,2026-06-26T07:57:18Z
r00702,2026-06-23T06:19:28Z
r00703,2026-06-25T02:32:08Z
r00704,2026-06-26T20:17:38Z
r00705,2026-06-23T16:38:52Z
r00706,2026-06-27T06:04:41Z
r00707,2026-07-07T08:39:57Z
r00708,2026-06-21T04:57:54Z
r00709,2026-07-05T04:25:40Z
r00710,2026-07-03T23:12:16Z
r00711,2026-06-25T16:41:31Z
r00712,2026-06-30T23:51:37Z
r00713,2026-07-05T13:06:33Z
r00714,2026-07-02T12:55:35Z
r00715,2026-07-06T09:07:08Z
r00716,2026-06-27T10:23:54Z
r00717,2026-07-04T14:23:01Z
r00718,2026-06-21T09:29:36Z
r00719,2026-07-03T16:12:57Z
r00720,2026-06-27T08:46:30Z
r00721,2026-07-02T04:48:02Z
r00722,2026-06-28T20:23:44Z
r00723,2026-07-01T20:17:08Z
r00724,2026-06-28T08:21:33Z
r00725,2026-07-07T21:51:59Z
r00726,2026-06-30T20:09:43Z
r00727,2026-07-02T00:42:26Z
r00728,2026-07-04T06:14:41Z
r00729,2026-07-03T11:30:28Z
r00730,2026-06-25T09:43:08Z
r00731,2026-06-29T06:44:05Z
r00732,2026-07-05T17:55:28Z
r00733,2026-07-09T00:10:40Z
r00734,2026-07-05T12:10:02Z
r00735,2026-06-28T06:51:39Z
r00736,2026-06-29T00:17:58Z
r00737,2026-06-30T12:45:10Z
r00738,2026-06-28T19:46:08Z
r00739,2026-07-03T02:22:08Z
r00740,2026-06-29T01:13:39Z
r00741,2026-06-23T10:41:30Z
r00742,2026-06-28T05:19:21Z
r00743,2026-07-08T21:50:33Z
r00745,2026-06-30T10:29:18Z
r00746,2026-07-05T18:27:13Z
r00747,2026-07-08T12:31:01Z
r00748,2026-06-25T01:19:10Z
r00750,2026-07-02T03:33:30Z
r00751,2026-07-04T05:28:51Z
r00752,2026-07-01T15:15:43Z
r00753,2026-07-02T03:32:48Z
r00754,2026-07-07T14:29:13Z
r00755,2026-06-30T13:02:40Z
r00756,2026-07-01T10:06:06Z
r00757,2026-07-04T10:41:33Z
r00758,2026-07-06T01:26:47Z
r00759,2026-07-03T23:43:58Z
r00760,2026-06-29T06:28:29Z
r00761,2026-07-02T09:09:50Z
r00762,2026-07-06T20:15:50Z
r00763,2026-06-27T20:28:15Z
r00764,2026-06-30T01:41:58Z
r00765,2026-07-04T21:15:24Z
r00766,2026-06-21T12:16:07Z
r00767,2026-06-29T21:08:17Z
r00768,2026-06-24T17:47:30Z
r00770,2026-07-01T17:09:08Z
r00771,2026-07-02T10:42:35Z
r00772,2026-06-23T07:39:38Z
r00773,2026-07-05T20:42:09Z
r00774,2026-06-29T17:07:29Z
r00776,2026-06-26T12:43:15Z
r00777,2026-06-29T14:09:44Z
r00778,2026-07-02T01:40:42Z
r00779,2026-07-07T11:38:15Z
r00780,2026-06-29T15:03:15Z
r00781,2026-06-21T15:26:07Z
r00782,2026-06-22T23:44:57Z
r00783,2026-06-27T06:34:17Z
r00784,2026-06-30T04:33:59Z
r00785,2026-07-04T13:33:41Z
r00786,2026-07-05T06:05:46Z
r00787,2026-06-23T14:02:59Z
r00789,2026-07-08T10:08:44Z
r00790,2026-07-08T04:22:57Z
r00791,2026-07-03T11:40:18Z
r00792,2026-06-30T09:21:26Z
r00793,2026-07-01T01:28:24Z
r00794,2026-06-29T11:03:08Z
r00795,2026-06-21T21:54:18Z
r00796,2026-06-23T21:33:29Z
r00797,2026-06-26T07:59:24Z
r00798,2026-07-04T04:37:46Z
r00799,2026-07-04T08:35:13Z
r00800,2026-07-02T03:25:41Z
r00801,2026-07-03T02:30:21Z
r00802,2026-06-25T22:21:22Z
r00803,2026-06-30T03:15:45Z
r00804,2026-06-27T14:06:41Z
r00805,2026-06-26T10:34:45Z
r00806,2026-06-21T20:37:37Z
r00807,2026-07-01T11:50:49Z
r00808,2026-06-21T14:31:31Z
r00809,2026-07-04T05:37:03Z
r00810,2026-07-02T14:41:09Z
r00811,2026-07-02T18:53:31Z
r00812,2026-06-27T18:15:26Z
r00813,2026-06-29T18:01:08Z
r00814,2026-06-22T08:39:35Z
r00815,2026-07-02T12:57:39Z
r00816,2026-07-03T13:37:38Z
r00817,2026-07-01T22:48:15Z
r00818,2026-07-01T19:26:36Z
r00820,2026-07-07T12:03:09Z
r00821,2026-06-23T10:49:13Z
r00822,2026-07-05T04:49:20Z
r00823,2026-06-23T21:46:24Z
r00825,2026-07-03T23:46:18Z
r00826,2026-07-07T16:16:51Z
r00827,2026-06-29T12:07:56Z
r00828,2026-07-02T00:29:48Z
r00865,2026-06-24T14:59:48Z
r00866,2026-07-03T20:47:21Z
r00867,2026-07-08T16:59:30Z
r00868,2026-07-01T23:08:26Z
r00869,2026-06-24T18:47:49Z
r00870,2026-06-23T23:13:34Z
r00871,2026-06-28T18:23:59Z
r00872,2026-06-27T19:59:51Z
r00873,2026-06-25T08:41:33Z
r00874,2026-06-23T11:37:40Z
r00875,2026-07-01T11:40:56Z
r00876,2026-06-24T12:37:48Z
r00877,2026-06-27T08:08:39Z
r00878,2026-07-08T13:48:00Z
r00879,2026-07-08T12:51:44Z
r00880,2026-07-04T17:07:26Z
r00881,2026-06-30T04:25:13Z
r00882,2026-07-04T14:22:51Z
r00883,2026-07-07T03:12:34Z
r00884,2026-07-08T05:00:07Z
r00885,2026-07-08T03:49:02Z
r00886,2026-06-23T00:45:03Z
r00887,2026-07-08T23:58:38Z
r00888,2026-07-04T20:02:58Z
r00889,2026-07-08T04:28:56Z
r00890,2026-07-09T00:54:59Z
r00891,2026-06-28T20:19:16Z
r00892,2026-06-26T09:40:10Z
r00893,2026-06-25T06:12:10Z
r00894,2026-06-30T09:20:09Z
r00895,2026-06-26T19:38:19Z
r00896,2026-06-28T15:30:29Z
r00897,2026-06-27T16:19:02Z
r00898,2026-06-23T18:28:57Z
r00899,2026-07-02T11:42:07Z
r00900,2026-07-07T12:37:52Z
r00901,2026-06-27T17:44:00Z
r00902,2026-07-08T12:57:53Z
r00903,2026-07-07T16:41:42Z
r00904,2026-07-02T17:06:11Z
r00905,2026-07-03T03:22:43Z
r00906,2026-07-08T19:17:38Z
r00907,2026-07-04T10:12:19Z
r00908,2026-06-28T14:25:39Z
r00909,2026-06-27T16:37:48Z
r00910,2026-06-30T23:04:39Z
r00911,2026-07-08T07:41:41Z
r00912,2026-06-26T05:01:31Z
r00913,2026-06-28T17:37:36Z
r00914,2026-07-04T23:00:03Z
r00915,2026-06-21T19:11:16Z
r00916,2026-06-25T14:18:33Z
r00917,2026-06-24T07:49:41Z
r00918,2026-06-21T23:25:48Z
r00919,2026-07-08T22:14:07Z
r00920,2026-07-07T10:29:35Z
r00921,2026-06-28T14:50:38Z
r00922,2026-06-24T18:16:32Z
r00923,2026-07-07T06:10:09Z
r00924,2026-06-28T20:47:49Z
r00925,2026-07-01T20:43:01Z
r00926,2026-07-06T06:32:43Z
r00927,2026-07-05T10:16:24Z
r00928,2026-07-01T13:55:51Z
r00929,2026-06-29T05:49:30Z
r00930,2026-07-06T16:02:34Z
r00931,2026-07-04T21:10:01Z
r00932,2026-07-08T13:31:04Z
r00933,2026-06-24T09:49:55Z
r00934,2026-06-23T17:55:53Z
r00935,2026-07-02T13:40:07Z
r00936,2026-07-03T10:56:57Z
r00937,2026-06-21T04:27:06Z
r00938,2026-07-05T16:44:24Z
r00939,2026-06-26T23:49:05Z
r00940,2026-06-27T18:53:50Z
r00941,2026-06-21T16:42:14Z
r00942,2026-07-08T16:12:57Z
r00943,2026-06-27T11:38:01Z
r00944,2026-07-07T12:50:59Z
r00945,2026-07-06T19:37:03Z
r00946,2026-06-21T06:29:14Z
r00947,2026-07-07T22:00:33Z
r00948,2026-07-02T06:43:37Z
r00949,2026-07-03T22:59:31Z
r00951,2026-06-29T00:16:34Z
r00952,2026-07-09T01:53:22Z
r00953,2026-07-01T12:27:42Z
r00954,2026-07-05T16:37:55Z
r00955,2026-07-06T15:29:50Z
r00956,2026-06-26T18:27:30Z
r00957,2026-06-30T09:13:03Z
r00958,2026-06-26T07:02:30Z
r00959,2026-06-22T06:59:43Z
r00960,2026-07-07T03:38:55Z
r00961,2026-06-25T11:28:01Z
r00962,2026-06-24T14:26:34Z
r00963,2026-07-08T19:44:54Z
r00964,2026-07-01T10:44:52Z
r00965,2026-06-24T09:05:36Z
r00966,2026-07-06T11:55:55Z
r00967,2026-07-02T00:24:12Z
r00968,2026-06-26T13:17:12Z
r00969,2026-06-25T01:37:27Z
r00970,2026-06-27T23:54:03Z
r00971,2026-07-05T03:38:25Z
r00972,2026-07-08T03:12:00Z
r01009,2026-06-28T09:50:50Z
r01011,2026-07-01T20:27:41Z
r01012,2026-06-26T19:15:06Z
r01013,2026-07-01T10:15:05Z
r01014,2026-06-29T02:19:18Z
r01015,2026-07-08T16:01:29Z
r01016,2026-07-02T17:04:50Z
r01017,2026-06-29T10:16:37Z
r01018,2026-07-07T04:36:16Z
r01019,2026-07-08T21:32:31Z
r01020,2026-06-28T21:28:10Z
r01022,2026-06-29T01:00:47Z
r01023,2026-07-05T14:06:11Z
r01024,2026-06-28T03:09:38Z
r01025,2026-06-29T16:32:33Z
r01026,2026-07-03T15:04:54Z
r01027,2026-07-01T23:24:26Z
r01029,2026-06-27T04:56:56Z
r01030,2026-07-05T16:42:13Z
r01031,2026-07-07T09:05:29Z
r01032,2026-07-07T04:23:35Z
r01033,2026-07-02T23:46:23Z
r01034,2026-07-06T17:30:00Z
r01035,2026-06-23T09:59:05Z
r01036,2026-06-23T16:15:43Z
r01037,2026-07-03T01:45:17Z
r01038,2026-07-08T21:54:36Z
r01039,2026-07-08T20:26:30Z
r01040,2026-06-23T09:16:07Z
r01041,2026-06-27T03:35:54Z
r01042,2026-07-05T10:11:34Z
r01043,2026-06-28T06:43:45Z
r01044,2026-06-30T00:24:00Z
r01045,2026-06-22T15:28:04Z
r01046,2026-06-22T04:38:44Z
r01048,2026-06-22T15:55:19Z
r01049,2026-07-04T08:21:54Z
r01050,2026-06-27T12:25:38Z
r01051,2026-06-25T01:50:22Z
r01052,2026-06-24T19:46:23Z
r01053,2026-06-30T04:10:21Z
r01054,2026-07-08T18:41:17Z
r01055,2026-07-01T05:01:01Z
r01056,2026-07-06T02:12:45Z
r01057,2026-06-29T14:23:24Z
r01058,2026-06-28T15:24:13Z
r01059,2026-06-23T12:41:21Z
r01060,2026-06-28T21:27:40Z
r01061,2026-07-04T22:00:56Z
r01062,2026-06-23T14:07:10Z
r01063,2026-06-24T21:23:49Z
r01064,2026-06-22T11:14:13Z
r01065,2026-06-22T19:53:48Z
r01066,2026-07-04T02:11:26Z
r01067,2026-06-28T06:45:49Z
r01068,2026-07-04T18:18:28Z
r01069,2026-07-05T07:11:08Z
r01070,2026-07-01T06:09:12Z
r01072,2026-06-26T20:06:08Z
r01073,2026-06-23T08:40:56Z
r01074,2026-06-23T02:51:57Z
r01075,2026-06-25T07:24:04Z
r01076,2026-06-21T03:06:12Z
r01077,2026-07-04T23:53:35Z
r01078,2026-07-01T20:04:05Z
r01079,2026-06-27T10:41:54Z
r01080,2026-06-24T21:02:42Z
r01081,2026-06-30T16:47:35Z
r01082,2026-06-30T15:29:57Z
r01083,2026-06-30T23:30:23Z
r01084,2026-06-30T14:13:02Z
r01085,2026-06-25T01:38:20Z
r01087,2026-06-29T10:05:11Z
r01088,2026-07-08T15:48:02Z
r01089,2026-07-05T18:42:43Z
r01090,2026-07-06T08:12:01Z
r01091,2026-06-28T23:30:52Z
r01092,2026-07-08T20:52:17Z
r01093,2026-06-26T19:06:33Z
r01094,2026-07-03T16:12:47Z
r01095,2026-06-30T05:28:21Z
r01096,2026-06-21T07:35:02Z
r01097,2026-06-22T14:16:53Z
r01098,2026-06-26T20:02:05Z
r01099,2026-07-06T21:15:00Z
r01100,2026-07-08T08:47:08Z
r01101,2026-06-28T04:01:32Z
r01102,2026-07-03T09:53:47Z
r01103,2026-06-25T09:10:38Z
r01104,2026-06-22T08:51:48Z
r01106,2026-07-04T08:41:31Z
r01107,2026-06-26T01:06:45Z
r01108,2026-07-04T04:32:27Z
r01109,2026-06-27T14:52:38Z
r01110,2026-06-25T04:24:13Z
r01111,2026-06-23T04:19:26Z
r01112,2026-06-29T23:40:54Z
r01113,2026-07-02T19:29:59Z
r01114,2026-06-21T18:21:52Z
r01115,2026-06-26T06:43:03Z
r01116,2026-06-27T08:52:47Z
r01117,2026-07-02T14:08:33Z
r01118,2026-06-24T08:58:40Z
r01119,2026-06-26T14:26:46Z
r01120,2026-06-27T22:28:42Z
r01121,2026-07-03T16:17:44Z
r01122,2026-06-28T13:56:33Z
r01123,2026-07-06T21:49:10Z
r01124,2026-07-04T14:15:59Z
r01125,2026-07-02T18:06:41Z
r01127,2026-07-04T03:25:19Z
r01128,2026-06-21T11:32:19Z
r01129,2026-07-08T01:00:57Z
r01130,2026-06-24T15:24:30Z
r01131,2026-07-01T15:23:10Z
r01132,2026-06-22T01:29:01Z
r01133,2026-07-02T00:24:22Z
r01134,2026-06-26T16:00:42Z
r01135,2026-07-03T01:48:01Z
r01136,2026-06-24T07:44:18Z
r01137,2026-07-08T23:12:02Z
r01138,2026-06-24T18:36:50Z
r01139,2026-06-23T04:30:45Z
r01140,2026-06-21T04:27:38Z
r01141,2026-06-23T21:24:42Z
r01142,2026-06-25T10:30:34Z
r01143,2026-07-01T22:01:38Z
r01144,2026-07-02T07:21:19Z
r01145,2026-07-02T06:24:27Z
r01146,2026-06-27T13:39:08Z
r01147,2026-06-30T15:48:25Z
r01148,2026-07-03T12:56:13Z
r01149,2026-06-26T08:47:04Z
r01150,2026-06-26T05:11:33Z
r01151,2026-07-05T06:15:11Z
r01152,2026-07-02T21:20:30Z
r01153,2026-06-29T01:19:30Z
r01154,2026-07-02T05:11:56Z
r01155,2026-06-24T23:45:27Z
r01156,2026-06-30T04:30:39Z
r01157,2026-06-28T18:52:44Z
r01158,2026-07-08T08:51:11Z
r01159,2026-06-28T03:45:36Z
r01160,2026-07-03T17:37:53Z
r01161,2026-06-22T01:51:48Z
r01162,2026-06-30T10:14:59Z
r01163,2026-06-30T06:20:07Z
r01164,2026-06-28T02:50:30Z
r01165,2026-06-22T13:34:59Z
r01166,2026-06-25T10:53:38Z
r01167,2026-07-01T01:58:36Z
r01168,2026-06-24T12:37:10Z
r01169,2026-06-25T22:03:12Z
r01170,2026-07-05T17:25:08Z
r01171,2026-07-02T18:20:06Z
r01172,2026-06-23T03:52:19Z
r01173,2026-06-30T03:54:59Z
r01174,2026-06-23T06:48:40Z
r01175,2026-07-05T13:12:11Z
r01176,2026-06-24T02:52:24Z
r01177,2026-07-01T23:53:14Z
r01178,2026-07-03T17:42:50Z
r01179,2026-06-25T19:19:56Z
r01180,2026-07-09T00:24:55Z
r01181,2026-07-09T00:55:57Z
r01182,2026-06-21T11:43:04Z
r01183,2026-07-04T01:08:37Z
r01184,2026-06-28T02:02:05Z
r01185,2026-07-09T00:21:12Z
r01186,2026-07-04T19:32:57Z
r01187,2026-06-23T20:03:18Z
r01188,2026-07-03T11:53:35Z
r01189,2026-06-25T04:48:50Z
r01190,2026-07-07T21:28:10Z
r01191,2026-06-27T21:34:19Z
r01192,2026-06-28T18:46:08Z
r01194,2026-06-24T06:49:25Z
r01195,2026-06-27T18:21:35Z
r01196,2026-07-06T19:11:36Z
r01197,2026-06-25T12:15:37Z
r01198,2026-06-28T00:35:29Z
r01199,2026-06-29T02:25:33Z
r01200,2026-06-21T11:32:01Z
r01201,2026-06-25T02:12:01Z
r01202,2026-06-24T08:12:01Z
r01203,2026-06-26T22:45:19Z
r01204,2026-06-23T05:26:52Z
r01205,2026-07-06T02:35:11Z
r01206,2026-07-04T23:16:26Z
r01207,2026-06-28T04:05:32Z
r01208,2026-06-25T12:29:00Z
r01209,2026-06-26T08:36:33Z
r01210,2026-07-05T12:21:12Z
r01211,2026-07-07T10:15:09Z
r01212,2026-06-25T22:54:59Z
r01213,2026-06-25T00:36:59Z
r01214,2026-07-02T07:47:47Z
r01215,2026-06-25T17:12:08Z
r01216,2026-06-25T20:11:21Z
r01217,2026-06-22T17:42:34Z
r01218,2026-06-29T14:15:54Z
r01219,2026-07-03T23:17:25Z
r01220,2026-06-22T02:42:32Z
r01221,2026-07-06T22:27:55Z
r01222,2026-06-28T08:44:11Z
r01223,2026-06-27T15:50:58Z
r01224,2026-07-03T13:16:10Z
r01225,2026-06-22T16:05:45Z
r01226,2026-06-30T12:26:54Z
r01227,2026-07-07T01:18:37Z
r01228,2026-07-01T11:29:51Z
r01229,2026-06-30T22:38:33Z
r01230,2026-07-04T02:32:36Z
r01231,2026-07-08T04:45:21Z
r01232,2026-07-08T15:35:32Z
r01233,2026-07-01T09:12:10Z
r01234,2026-07-05T06:19:21Z
r01235,2026-06-27T00:46:22Z
r01236,2026-07-04T21:06:24Z
r01237,2026-07-08T01:10:45Z
r01238,2026-06-26T01:10:26Z
r01239,2026-07-03T11:40:54Z
r01240,2026-06-30T10:41:40Z
r01241,2026-07-02T16:28:16Z
r01242,2026-07-08T09:21:54Z
r01243,2026-06-28T07:28:37Z
r01244,2026-06-25T19:41:50Z
r01245,2026-06-21T04:13:24Z
r01246,2026-06-29T18:45:02Z
r01247,2026-07-01T13:14:04Z
r01248,2026-07-01T21:21:15Z
r01249,2026-06-30T20:08:50Z
r01250,2026-06-28T22:32:49Z
r01251,2026-07-04T09:01:53Z
r01252,2026-06-22T00:42:57Z
r01253,2026-07-08T11:23:19Z
r01254,2026-07-03T08:36:01Z
r01255,2026-07-08T10:17:26Z
r01256,2026-06-30T18:20:46Z
r01257,2026-07-08T10:32:02Z
r01258,2026-07-04T21:40:45Z
r01259,2026-06-21T19:40:12Z
r01261,2026-06-22T05:55:11Z
r01262,2026-06-24T03:54:55Z
r01263,2026-06-30T08:08:51Z
r01264,2026-07-07T03:26:44Z
r01265,2026-07-07T08:40:13Z
r01266,2026-07-01T09:31:56Z
r01267,2026-07-07T11:01:39Z
r01268,2026-06-29T02:40:15Z
r01269,2026-06-29T03:55:24Z
r01270,2026-06-26T10:17:26Z
r01271,2026-07-07T08:12:00Z
r01272,2026-07-04T06:21:45Z
r01273,2026-07-08T20:27:47Z
r01274,2026-06-24T01:03:15Z
r01275,2026-07-08T10:40:36Z
r01276,2026-06-30T09:58:10Z
r01277,2026-06-28T17:31:11Z
r01278,2026-07-06T19:11:00Z
r01279,2026-07-06T03:44:27Z
r01280,2026-06-27T08:40:37Z
r01281,2026-06-23T22:26:59Z
r01282,2026-07-02T08:45:47Z
r01283,2026-06-22T11:54:27Z
r01284,2026-07-06T16:36:57Z
r01285,2026-07-06T01:13:40Z
r01286,2026-06-30T08:03:28Z
r01287,2026-06-22T04:55:31Z
r01288,2026-07-07T02:44:21Z
r01289,2026-07-05T03:48:49Z
r01290,2026-07-08T03:09:41Z
r01291,2026-07-07T00:11:50Z
r01292,2026-06-22T16:47:31Z
r01293,2026-06-21T23:55:13Z
r01294,2026-06-23T05:07:54Z
r01295,2026-06-28T13:26:42Z
r01296,2026-06-27T06:55:19Z
r01297,2026-07-02T07:33:14Z
r01298,2026-07-05T21:20:57Z
r01299,2026-06-28T06:18:27Z
r01300,2026-06-29T02:52:12Z
r01301,2026-07-06T00:18:28Z
r01302,2026-06-23T10:59:40Z
r01303,2026-06-23T05:15:23Z
r01304,2026-06-26T16:28:04Z
r01305,2026-07-07T14:40:50Z
r01306,2026-06-29T22:42:06Z
r01307,2026-06-26T18:22:22Z
r01308,2026-07-08T04:04:44Z
r01309,2026-06-25T06:49:02Z
r01310,2026-07-07T23:03:35Z
r01311,2026-07-02T15:02:58Z
r01312,2026-06-21T07:28:08Z
r01313,2026-07-05T06:20:53Z
r01314,2026-06-25T20:32:25Z
r01316,2026-07-06T09:25:01Z
r01317,2026-06-21T09:35:03Z
r01318,2026-06-28T01:13:01Z
r01319,2026-06-25T11:30:18Z
r01320,2026-07-05T05:01:11Z
r01321,2026-07-02T23:42:38Z
r01322,2026-07-08T15:03:31Z
r01323,2026-06-23T13:30:52Z
r01324,2026-06-27T12:07:21Z
r01325,2026-06-22T17:56:41Z
r01326,2026-06-21T22:36:26Z
r01327,2026-06-22T13:11:50Z
r01328,2026-06-25T08:35:00Z
r01329,2026-06-29T08:01:13Z
r01330,2026-07-02T01:20:39Z
r01331,2026-06-28T01:01:48Z
r01332,2026-07-06T21:35:05Z
r01333,2026-06-28T18:57:50Z
r01334,2026-07-02T08:45:29Z
r01335,2026-06-28T00:30:38Z
r01336,2026-07-04T20:20:34Z
r01337,2026-07-07T09:54:45Z
r01338,2026-07-07T05:52:05Z
r01339,2026-06-26T00:12:20Z
r01340,2026-07-04T13:36:41Z
r01341,2026-07-04T00:11:38Z
r01342,2026-06-27T21:15:14Z
r01343,2026-06-30T23:51:47Z
r01344,2026-06-26T17:23:59Z
r01345,2026-06-28T12:37:05Z
r01346,2026-06-21T05:19:12Z
r01347,2026-07-03T21:09:42Z
r01348,2026-06-27T11:14:47Z
r01349,2026-07-01T12:45:04Z
r01351,2026-07-08T05:06:42Z
r01352,2026-06-24T18:16:51Z
r01353,2026-07-05T05:08:24Z
r01354,2026-06-27T01:18:48Z
r01355,2026-07-03T04:31:05Z
r01356,2026-07-06T10:08:09Z
r01357,2026-07-08T22:27:57Z
r01358,2026-06-24T09:30:18Z
r01359,2026-07-08T05:29:17Z
r01360,2026-07-08T04:58:27Z
r01362,2026-06-21T03:46:17Z
r01363,2026-06-25T08:53:57Z
r01365,2026-07-05T21:16:42Z
r01366,2026-07-07T06:07:49Z
r01367,2026-06-23T01:45:30Z
r01368,2026-07-06T19:18:19Z
r01369,2026-06-23T14:24:01Z
r01370,2026-06-28T04:01:00Z
r01371,2026-06-26T15:51:06Z
r01372,2026-07-06T19:01:46Z
r01373,2026-06-21T07:43:04Z
r01374,2026-07-07T04:08:33Z
r01375,2026-07-01T22:12:47Z
r01376,2026-06-30T10:40:04Z
r01377,2026-06-25T17:39:46Z
r01378,2026-06-22T11:32:25Z
r01379,2026-06-27T00:29:11Z
r01380,2026-06-22T15:47:36Z
r01381,2026-06-24T00:45:04Z
r01382,2026-07-07T15:55:48Z
r01383,2026-06-27T18:25:24Z
r01384,2026-06-29T05:15:19Z
r01385,2026-06-24T06:22:10Z
r01386,2026-07-02T01:19:56Z
r01387,2026-06-29T18:50:54Z
r01389,2026-07-01T22:50:59Z
r01390,2026-06-22T13:20:04Z
r01391,2026-07-03T12:05:34Z
r01392,2026-06-30T04:36:16Z
r01393,2026-07-06T14:20:44Z
r01394,2026-07-08T01:45:47Z
r01395,2026-07-03T21:09:09Z
r01396,2026-07-02T04:26:18Z
r01397,2026-06-25T19:48:27Z
r01398,2026-06-23T03:27:52Z
r01399,2026-06-24T20:50:07Z
r01400,2026-07-08T02:54:54Z
r01401,2026-06-29T13:44:33Z
r01402,2026-07-02T11:18:43Z
r01403,2026-06-28T06:29:01Z
r01404,2026-07-08T21:35:59Z
r01405,2026-07-05T15:13:58Z
r01406,2026-06-29T08:36:00Z
r01408,2026-07-04T19:54:48Z
r01409,2026-07-01T11:04:38Z
r01410,2026-06-28T19:21:06Z
r01411,2026-06-23T20:26:10Z
r01412,2026-07-02T15:39:43Z
r01413,2026-06-23T08:06:58Z
r01414,2026-07-04T06:26:26Z
r01415,2026-06-27T15:16:22Z
r01417,2026-07-08T22:15:44Z
r01418,2026-06-29T04:18:11Z
r01419,2026-06-29T02:18:03Z
r01420,2026-06-25T08:35:32Z
r01421,2026-06-25T07:33:17Z
r01422,2026-07-01T11:22:51Z
r01423,2026-07-06T02:00:16Z
r01424,2026-06-24T05:58:05Z
r01425,2026-06-27T12:35:47Z
r01426,2026-07-08T14:17:07Z
r01427,2026-07-03T16:06:18Z
r01428,2026-07-01T04:48:31Z
r01429,2026-06-23T05:49:24Z
r01430,2026-06-25T14:55:57Z
r01431,2026-07-04T01:36:21Z
r01432,2026-07-05T19:46:23Z
r01433,2026-07-01T17:01:54Z
r01434,2026-06-26T11:11:24Z
r01435,2026-06-30T15:19:36Z
r01436,2026-06-22T03:06:38Z
r01437,2026-06-27T23:48:03Z
r01438,2026-07-03T20:54:54Z
r01439,2026-07-07T19:39:33Z
r01440,2026-06-21T12:13:54Z
r01441,2026-07-01T14:23:15Z
r01442,2026-06-21T15:50:47Z
r01443,2026-06-24T17:35:00Z
r01444,2026-07-08T03:10:21Z
r01445,2026-06-28T01:26:27Z
r01446,2026-06-28T07:27:59Z
r01447,2026-06-26T15:19:51Z
r01448,2026-07-03T20:41:15Z
r01449,2026-06-28T14:19:44Z
r01450,2026-07-03T19:28:47Z
r01451,2026-06-22T15:00:36Z
r01452,2026-06-27T06:21:50Z
r01453,2026-06-29T18:59:31Z
r01454,2026-07-07T01:05:55Z
r01455,2026-06-24T18:41:59Z
r01456,2026-07-02T06:15:47Z
r01457,2026-06-21T05:23:12Z
r01458,2026-07-03T06:38:02Z
r01459,2026-06-28T01:01:45Z
r01460,2026-07-04T03:44:11Z
r01461,2026-07-08T07:07:37Z
r01462,2026-06-27T02:31:58Z
r01463,2026-06-23T00:37:05Z
r01464,2026-07-07T22:37:26Z
r01465,2026-07-04T00:31:23Z
r01466,2026-07-03T18:10:36Z
r01467,2026-06-28T14:43:08Z
r01468,2026-06-23T11:38:43Z
r01469,2026-07-01T15:36:09Z
r01470,2026-06-29T08:30:54Z
r01471,2026-06-24T03:45:05Z
r01472,2026-06-29T02:46:45Z
r01473,2026-07-06T01:41:15Z
r01474,2026-07-03T13:07:40Z
r01475,2026-06-24T16:26:09Z
r01476,2026-07-01T21:31:52Z
r01477,2026-06-26T16:51:45Z
r01478,2026-06-27T13:03:16Z
r01479,2026-07-03T00:55:12Z
r01480,2026-06-28T01:23:47Z
r01481,2026-06-30T00:59:37Z
r01482,2026-06-24T19:22:42Z
r01483,2026-06-26T06:50:36Z
r01484,2026-06-26T23:01:43Z
r01485,2026-07-04T10:03:39Z
r01486,2026-06-30T09:29:46Z
r01487,2026-07-02T16:15:47Z
r01488,2026-07-07T05:54:57Z
r01489,2026-06-23T17:42:52Z
r01490,2026-06-27T14:44:18Z
r01491,2026-06-22T08:02:10Z
r01492,2026-07-08T04:21:57Z
r01493,2026-07-06T06:27:05Z
r01494,2026-07-04T19:04:50Z
r01495,2026-06-26T01:00:01Z
r01496,2026-07-04T06:47:46Z
r01497,2026-06-22T01:17:59Z
r01499,2026-06-29T12:27:12Z
r01500,2026-06-24T19:37:02Z
r01501,2026-06-30T09:19:11Z
r01502,2026-07-01T05:29:22Z
r01503,2026-06-24T08:41:13Z
r01504,2026-07-06T23:33:00Z
r01505,2026-06-21T23:29:26Z
r01506,2026-07-02T22:28:59Z
r01507,2026-07-06T12:27:54Z
r01508,2026-06-26T20:02:39Z
r01509,2026-06-24T05:27:17Z
r01510,2026-06-23T20:53:10Z
r01511,2026-06-27T10:36:33Z
r01512,2026-07-04T10:32:31Z
r01513,2026-06-25T22:13:18Z
r01514,2026-06-27T07:12:13Z
r01515,2026-06-23T14:16:35Z
r01516,2026-06-25T09:48:08Z
r01517,2026-06-25T13:56:20Z
r01518,2026-07-03T23:05:49Z
r01519,2026-06-23T18:37:47Z
r01520,2026-06-26T20:25:35Z
r01521,2026-07-03T06:22:44Z
r01522,2026-07-04T17:29:35Z
r01523,2026-07-05T08:47:25Z
r01524,2026-07-02T10:18:29Z
r01525,2026-06-22T12:49:14Z
r01526,2026-06-28T09:40:04Z
r01527,2026-07-01T18:08:28Z
r01528,2026-07-01T05:53:57Z
r01529,2026-07-04T11:26:31Z
r01530,2026-07-08T00:05:52Z
r01531,2026-06-25T19:31:21Z
r01533,2026-06-26T04:31:10Z
r01534,2026-06-23T06:26:30Z
r01535,2026-07-06T21:43:24Z
r01536,2026-06-30T14:38:54Z
r01537,2026-07-03T14:17:32Z
r01538,2026-06-24T18:54:48Z
r01539,2026-07-01T04:14:31Z
r01540,2026-07-06T23:50:34Z
r01541,2026-07-02T00:09:04Z
r01542,2026-06-26T23:48:13Z
r01543,2026-06-23T14:00:03Z
r01544,2026-07-02T12:32:54Z
r01545,2026-06-24T01:30:31Z
r01546,2026-07-03T19:00:03Z
r01547,2026-06-21T18:56:07Z
r01548,2026-07-06T02:56:03Z
r01549,2026-07-06T20:13:44Z
r01550,2026-07-06T13:52:48Z
r01551,2026-06-23T10:03:49Z
r01552,2026-06-22T11:54:45Z
r01553,2026-06-23T14:17:11Z
r01554,2026-06-25T18:24:04Z
r01555,2026-07-05T19:58:42Z
r01556,2026-06-25T22:10:58Z
r01557,2026-06-21T19:36:28Z
r01558,2026-07-04T18:58:44Z
r01559,2026-07-08T20:24:03Z
r01560,2026-06-25T16:08:40Z
r01561,2026-06-27T07:58:07Z
r01562,2026-06-24T20:10:24Z
r01563,2026-07-07T20:43:12Z
r01564,2026-06-29T10:29:50Z
r01565,2026-07-03T02:15:21Z
r01566,2026-06-30T16:54:53Z
r01567,2026-06-27T02:06:38Z
r01568,2026-06-29T15:13:21Z
r01570,2026-07-01T13:53:13Z
r01571,2026-07-08T13:18:18Z
r01574,2026-07-05T08:44:51Z
r01575,2026-06-26T18:41:38Z
r01576,2026-06-27T18:22:01Z
r01577,2026-06-28T07:31:48Z
r01578,2026-06-21T19:46:53Z
r01579,2026-07-02T23:50:23Z
r01580,2026-06-30T02:03:58Z
r01581,2026-07-06T03:21:52Z
r01582,2026-07-09T00:17:20Z
r01583,2026-06-23T03:53:06Z
r01584,2026-06-24T23:34:43Z
r01585,2026-06-23T14:37:04Z
r01586,2026-06-25T05:34:38Z
r01587,2026-07-02T16:21:57Z
r01588,2026-06-22T19:09:01Z
r01589,2026-07-08T07:11:02Z
r01590,2026-06-22T02:59:06Z
r01591,2026-06-24T04:12:06Z
r01592,2026-07-04T05:31:22Z
r01593,2026-07-05T20:12:20Z
r01594,2026-07-08T06:04:12Z
r01595,2026-07-02T16:28:00Z
r01596,2026-06-29T16:48:43Z
r01597,2026-07-08T05:08:32Z
r01598,2026-06-25T07:58:06Z
r01599,2026-07-01T09:46:26Z
r01600,2026-06-24T07:48:22Z
r01601,2026-07-02T22:39:44Z
r01603,2026-06-30T22:01:29Z
r01604,2026-07-03T09:42:22Z
r01605,2026-06-23T09:28:54Z
r01606,2026-07-02T06:19:45Z
r01607,2026-07-03T19:14:27Z
r01608,2026-06-22T17:40:46Z
r01609,2026-07-01T12:11:49Z
r01610,2026-07-06T02:02:36Z
r01611,2026-06-30T06:50:20Z
r01612,2026-06-25T06:54:07Z
r01613,2026-06-27T08:09:59Z
r01614,2026-06-24T04:27:21Z
r01615,2026-06-28T19:27:40Z
r01616,2026-06-25T15:01:41Z
r01617,2026-07-05T02:37:14Z
r01618,2026-07-04T08:14:55Z
r01619,2026-07-05T10:18:19Z
r01620,2026-07-05T05:30:43Z
r01621,2026-06-27T22:19:52Z
r01622,2026-06-22T13:46:38Z
r01623,2026-07-01T21:26:30Z
r01625,2026-07-08T18:34:33Z
r01626,2026-06-23T11:28:31Z
r01627,2026-07-05T06:53:20Z
r01628,2026-07-04T01:08:59Z
r01629,2026-07-04T15:34:00Z
r01630,2026-07-07T09:09:52Z
r01631,2026-06-30T02:39:08Z
r01632,2026-06-22T09:33:30Z
r01633,2026-06-28T17:38:08Z
r01634,2026-06-26T21:56:28Z
r01635,2026-06-29T14:32:52Z
r01636,2026-06-25T12:49:29Z
r01637,2026-06-26T18:38:40Z
r01638,2026-06-25T15:07:22Z
r01639,2026-07-02T18:18:10Z
r01640,2026-07-06T15:48:04Z
r01641,2026-06-28T13:47:39Z
r01642,2026-06-22T14:40:08Z
r01643,2026-06-29T01:39:05Z
r01644,2026-07-05T08:02:26Z
r01645,2026-07-08T23:34:58Z
r01646,2026-07-02T18:25:21Z
r01647,2026-07-01T12:52:15Z
r01648,2026-07-02T13:35:36Z
r01649,2026-07-02T19:46:21Z
r01651,2026-06-25T21:55:00Z
r01652,2026-06-24T14:23:43Z
r01653,2026-07-04T16:16:24Z
r01654,2026-07-03T03:06:19Z
r01655,2026-06-27T12:19:37Z
r01656,2026-07-05T11:40:22Z
r01657,2026-07-03T10:02:17Z
r01658,2026-06-22T21:15:54Z
r01660,2026-06-23T03:51:25Z
r01661,2026-07-08T07:21:57Z
r01662,2026-06-23T20:18:35Z
r01663,2026-06-21T12:06:52Z
r01664,2026-06-27T02:34:18Z
r01665,2026-07-06T04:11:31Z
r01666,2026-06-26T04:29:49Z
r01667,2026-07-08T12:13:39Z
r01668,2026-06-27T13:38:31Z
r01670,2026-07-06T05:03:00Z
r01671,2026-07-02T15:41:14Z
r01672,2026-07-02T01:36:28Z
r01673,2026-06-25T00:09:50Z
r01675,2026-06-25T14:58:53Z
r01676,2026-06-28T08:54:50Z
r01677,2026-07-06T17:48:08Z
r01678,2026-06-21T17:59:58Z
r01679,2026-07-07T20:21:13Z
r01680,2026-06-30T07:18:19Z
r01681,2026-06-22T04:33:34Z
r01682,2026-07-04T14:41:43Z
r01683,2026-06-25T02:12:47Z
r01684,2026-06-24T10:08:51Z
r01685,2026-06-28T09:20:56Z
r01686,2026-07-09T02:14:08Z
r01687,2026-06-24T11:11:20Z
r01688,2026-07-03T05:12:04Z
r01689,2026-06-24T22:15:56Z
r01690,2026-06-28T22:40:31Z
r01691,2026-07-08T07:24:43Z
r01692,2026-07-07T23:15:09Z
r01693,2026-06-22T11:28:37Z
r01694,2026-06-29T16:13:12Z
r01695,2026-06-30T03:13:43Z
r01696,2026-06-30T20:33:44Z
r01697,2026-07-01T04:32:07Z
r01698,2026-06-27T16:37:10Z
r01699,2026-06-29T03:31:43Z
r01700,2026-06-23T01:33:10Z
r01701,2026-06-23T19:49:46Z
r01702,2026-07-04T17:51:02Z
r01703,2026-07-03T17:42:09Z
r01704,2026-07-03T12:02:17Z
r01705,2026-06-24T19:18:19Z
r01706,2026-06-25T12:45:37Z
r01707,2026-06-21T12:55:23Z
r01708,2026-07-05T21:38:31Z
r01709,2026-07-01T13:30:39Z
r01710,2026-07-06T12:28:06Z
r01711,2026-07-08T07:09:07Z
r01712,2026-06-24T02:14:22Z
r01713,2026-07-08T15:32:50Z
r01714,2026-06-22T04:11:56Z
r01715,2026-07-01T11:54:05Z
r01716,2026-07-04T02:33:16Z
r01717,2026-06-26T06:10:13Z
r01718,2026-07-01T14:04:01Z
r01719,2026-07-01T12:29:02Z
r01720,2026-07-05T08:29:44Z
r01721,2026-06-25T08:11:06Z
r01722,2026-07-05T07:11:15Z
r01723,2026-06-28T21:03:51Z
r01724,2026-06-30T12:48:53Z
r01725,2026-07-03T12:19:26Z
r01726,2026-07-03T11:06:40Z
r01727,2026-06-28T21:58:38Z
r01728,2026-07-07T03:08:29Z
r01729,2026-07-02T07:25:02Z
r01730,2026-07-06T09:18:50Z
r01731,2026-07-03T08:20:44Z
r01732,2026-06-23T01:21:29Z
r01733,2026-06-21T18:27:33Z
r01735,2026-07-06T02:17:14Z
r01736,2026-06-25T18:33:33Z
r01737,2026-06-25T09:43:40Z
r01738,2026-07-04T15:45:22Z
r01739,2026-06-25T12:13:34Z
r01740,2026-06-28T01:38:45Z
r01741,2026-06-27T16:34:34Z
r01742,2026-07-02T22:48:27Z
r01743,2026-07-02T11:01:01Z
r01744,2026-07-08T19:38:30Z
r01745,2026-06-25T17:09:02Z
r01746,2026-07-08T15:26:57Z
r01747,2026-06-22T17:11:08Z
r01748,2026-06-29T18:36:27Z
r01749,2026-06-30T10:08:44Z
r01750,2026-07-02T10:36:21Z
r01751,2026-06-25T14:06:52Z
r01752,2026-07-08T01:41:31Z
r01753,2026-06-30T10:04:31Z
r01754,2026-07-04T14:41:31Z
r01755,2026-06-30T00:58:07Z
r01756,2026-06-22T08:59:16Z
r01757,2026-06-26T05:09:15Z
r01758,2026-07-05T11:43:39Z
r01759,2026-07-05T17:49:53Z
r01760,2026-06-21T22:47:32Z
r01761,2026-06-22T14:05:31Z
r01762,2026-06-23T08:59:18Z
r01763,2026-06-28T05:34:39Z
r01764,2026-07-03T13:54:57Z
r01765,2026-07-04T20:34:45Z
r01766,2026-07-07T00:16:47Z
r01767,2026-07-04T16:36:12Z
r01768,2026-06-25T16:51:35Z
r01769,2026-07-04T02:07:59Z
r01770,2026-07-01T14:07:08Z
r01771,2026-07-06T00:29:16Z
r01772,2026-07-01T09:37:07Z
r01773,2026-06-24T18:16:04Z
r01774,2026-07-01T01:11:03Z
r01775,2026-07-01T03:00:26Z
r01776,2026-06-29T09:07:47Z
r01777,2026-06-24T09:38:45Z
r01779,2026-07-06T12:38:32Z
r01780,2026-06-24T12:03:41Z
r01781,2026-06-23T13:17:37Z
r01782,2026-06-24T21:09:54Z
r01783,2026-06-27T15:21:38Z
r01784,2026-06-21T04:54:19Z
r01785,2026-07-05T15:23:11Z
r01786,2026-07-03T16:19:26Z
r01787,2026-07-01T15:29:19Z
r01788,2026-07-04T02:16:27Z
r01789,2026-07-06T18:09:17Z
r01790,2026-06-27T05:34:55Z
r01791,2026-06-23T09:35:08Z
r01792,2026-06-22T21:10:28Z
r01794,2026-06-30T08:14:53Z
r01795,2026-06-28T23:40:52Z
r01796,2026-07-02T05:00:22Z
r01797,2026-06-27T15:42:59Z
r01798,2026-07-08T13:56:57Z
r01800,2026-07-06T05:53:53Z
r01801,2026-06-29T18:19:55Z
r01802,2026-07-05T23:52:24Z
r01803,2026-06-27T22:43:40Z
r01804,2026-07-07T16:53:36Z
r01805,2026-06-22T22:24:16Z
r01806,2026-06-23T02:43:28Z
r01808,2026-06-23T20:24:28Z
r01809,2026-07-07T12:39:29Z
r01810,2026-06-30T01:57:01Z
r01811,2026-07-08T18:37:08Z
r01812,2026-07-07T13:04:45Z
r01813,2026-06-26T09:03:53Z
r01814,2026-06-27T18:08:30Z
r01816,2026-06-24T23:23:28Z
r01817,2026-06-23T17:09:33Z
r01818,2026-07-01T00:13:14Z
r01819,2026-07-08T19:49:26Z
r01820,2026-07-04T12:18:00Z
r01821,2026-06-25T15:51:24Z
r01822,2026-07-04T14:51:26Z
r01823,2026-06-26T17:54:28Z
r01824,2026-06-25T04:24:44Z
r01825,2026-07-06T02:07:31Z
r01826,2026-06-26T17:06:19Z
r01827,2026-06-23T11:22:09Z
r01828,2026-06-28T23:58:40Z
r01829,2026-07-03T04:46:17Z
r01830,2026-07-06T23:51:03Z
r01831,2026-07-02T01:24:32Z
r01832,2026-07-03T10:59:46Z
r01833,2026-07-05T14:27:15Z
r01834,2026-07-04T02:05:23Z
r01835,2026-07-08T05:46:26Z
r01836,2026-06-22T04:15:13Z
r01837,2026-06-28T12:15:00Z
r01838,2026-06-27T19:45:27Z
r01839,2026-06-29T05:03:03Z
r01840,2026-07-02T02:51:07Z
r01842,2026-07-06T05:45:51Z
r01843,2026-06-27T01:31:18Z
r01844,2026-07-04T14:37:58Z
r01845,2026-07-03T00:04:35Z
r01846,2026-06-25T15:39:54Z
r01847,2026-06-23T12:05:32Z
r01848,2026-06-24T05:15:06Z
r01849,2026-07-04T23:57:36Z
r01850,2026-07-05T16:54:27Z
r01851,2026-06-24T19:56:05Z
r01852,2026-06-26T12:17:52Z
r01853,2026-06-29T14:37:31Z
r01854,2026-06-26T05:57:15Z
r01855,2026-07-08T23:17:36Z
r01856,2026-07-05T08:18:27Z
r01857,2026-06-23T04:29:51Z
r01858,2026-06-22T17:35:15Z
r01859,2026-06-27T03:50:53Z
r01860,2026-07-03T00:10:06Z
r01861,2026-06-29T19:18:06Z
r01862,2026-06-24T16:42:56Z
r01863,2026-06-24T04:41:53Z
r01864,2026-06-21T16:14:39Z
r01865,2026-06-30T19:07:57Z
r01866,2026-07-07T18:24:47Z
r01867,2026-07-04T02:12:12Z
r01868,2026-06-28T20:40:27Z
r01869,2026-06-28T23:06:25Z
r01870,2026-06-26T01:12:13Z
r01871,2026-06-30T19:56:42Z
r01872,2026-07-04T18:28:22Z
r01873,2026-06-22T06:00:22Z
r01874,2026-07-06T14:08:35Z
r01875,2026-06-24T21:33:21Z
r01876,2026-06-23T15:50:21Z
r01877,2026-06-28T07:33:18Z
r01878,2026-07-06T15:01:17Z
r01879,2026-06-28T13:04:43Z
r01880,2026-07-06T14:59:03Z
r01881,2026-06-30T10:40:46Z
r01882,2026-06-24T02:33:56Z
r01883,2026-07-08T16:46:07Z
r01884,2026-07-04T07:17:19Z
r01885,2026-06-24T12:13:01Z
r01886,2026-07-01T09:02:19Z
r01887,2026-06-22T06:06:31Z
r01888,2026-07-04T02:05:11Z
r01889,2026-06-23T19:08:26Z
r01890,2026-06-28T23:39:39Z
r01891,2026-07-01T20:46:11Z
r01892,2026-07-01T22:27:14Z
r01893,2026-07-05T11:58:10Z
r01894,2026-06-21T03:49:06Z
r01895,2026-06-23T14:15:03Z
r01896,2026-06-26T07:56:38Z
r01897,2026-07-03T07:45:39Z
r01899,2026-06-30T22:22:02Z
r01900,2026-06-25T15:31:11Z
r01901,2026-06-25T11:30:44Z
r01902,2026-07-08T08:47:15Z
r01903,2026-07-07T14:08:12Z
r01904,2026-06-27T14:08:59Z
r01905,2026-06-22T19:05:00Z
r01906,2026-07-02T10:17:55Z
r01907,2026-07-05T02:35:42Z
r01908,2026-07-01T21:29:31Z
r01909,2026-06-25T10:56:35Z
r01910,2026-06-30T15:43:18Z
r01911,2026-06-25T11:51:47Z
r01912,2026-06-21T02:27:33Z
r01913,2026-06-24T10:26:19Z
r01914,2026-07-06T23:30:23Z
r01915,2026-06-29T11:05:01Z
r01916,2026-06-24T15:25:58Z
r01917,2026-06-30T05:52:23Z
r01918,2026-06-27T05:55:32Z
r01919,2026-07-05T23:13:50Z
r01920,2026-06-21T12:14:06Z
r01921,2026-06-30T21:05:09Z
r01922,2026-07-07T19:17:10Z
r01923,2026-07-03T16:02:32Z
r01924,2026-07-07T19:20:49Z
r01925,2026-06-22T17:18:24Z
r01926,2026-06-24T19:02:20Z
r01927,2026-07-02T15:04:48Z
r01928,2026-06-23T14:43:38Z
r01929,2026-06-22T20:42:53Z
r01930,2026-07-06T10:52:51Z
r01931,2026-06-29T14:04:33Z
r01932,2026-07-07T10:58:11Z
r01933,2026-07-07T08:33:23Z
r01934,2026-06-22T01:19:07Z
r01935,2026-07-06T11:34:07Z
r01936,2026-07-06T18:21:01Z
r01937,2026-06-22T02:07:53Z
r01938,2026-06-23T19:17:21Z
r01939,2026-07-03T06:52:35Z
r01940,2026-06-23T04:25:48Z
r01941,2026-07-05T23:29:47Z
r01942,2026-06-22T16:32:35Z
r01944,2026-07-03T10:28:35Z
r01945,2026-06-29T06:29:09Z
r01946,2026-06-29T00:52:18Z
r01947,2026-06-26T11:15:58Z
r01948,2026-07-07T12:49:30Z
r01949,2026-07-01T14:26:07Z
r01950,2026-06-26T16:11:31Z
r01951,2026-07-09T01:20:51Z
r01952,2026-07-01T00:27:44Z
r01953,2026-06-23T19:30:33Z
r01954,2026-06-30T21:36:21Z
r01955,2026-06-27T20:04:44Z
r01956,2026-06-28T16:49:24Z
r01957,2026-06-29T07:48:03Z
r01958,2026-07-01T11:32:20Z
r01959,2026-06-28T05:24:02Z
r01961,2026-06-27T08:03:46Z
r01962,2026-07-07T07:27:48Z
r01963,2026-07-02T17:41:26Z
r01964,2026-07-06T09:41:15Z
r01965,2026-07-02T05:29:31Z
r01966,2026-06-27T20:05:35Z
r01967,2026-07-05T07:16:29Z
r01968,2026-07-04T23:43:30Z
r01969,2026-07-02T15:06:18Z
r01970,2026-07-03T12:49:38Z
r01971,2026-06-28T12:47:40Z
r01972,2026-07-07T15:39:17Z
r01973,2026-07-02T18:35:11Z
r01974,2026-06-28T02:16:35Z
r01975,2026-06-29T12:20:23Z
r01976,2026-07-03T12:11:04Z
r01977,2026-06-27T18:56:11Z
r01978,2026-07-04T00:48:19Z
r01979,2026-07-06T07:38:40Z
r01980,2026-06-27T05:04:32Z
r01981,2026-07-04T03:42:19Z
r01982,2026-07-03T09:22:38Z
r01983,2026-07-02T08:53:38Z
r01984,2026-06-23T08:18:03Z
r01985,2026-06-23T21:00:17Z
r01986,2026-07-01T12:37:37Z
r01987,2026-07-04T06:57:52Z
r01988,2026-06-26T11:18:45Z
r01989,2026-07-07T06:40:13Z
r01990,2026-07-08T09:11:14Z
r01991,2026-07-07T11:06:22Z
r01992,2026-06-23T10:57:50Z
r01993,2026-06-23T01:35:44Z
r01994,2026-06-29T04:03:30Z
r01995,2026-06-23T06:33:23Z
r01996,2026-07-03T07:32:33Z
r01997,2026-07-07T07:14:42Z
r01998,2026-07-05T20:36:09Z
r01999,2026-06-25T13:51:30Z
r02000,2026-06-25T03:06:28Z
r02001,2026-06-24T04:49:09Z
r02002,2026-07-08T12:16:04Z
r02003,2026-07-07T02:09:02Z
r02004,2026-06-29T23:09:16Z
r02005,2026-07-07T22:19:58Z
r02007,2026-06-22T21:35:47Z
r02008,2026-06-26T13:59:37Z
r02009,2026-06-29T01:40:04Z
r02010,2026-06-25T14:32:46Z
r02011,2026-06-23T17:30:23Z
r02012,2026-06-23T20:34:50Z
r02013,2026-06-30T13:25:38Z
r02014,2026-07-07T05:16:43Z
r02015,2026-07-02T13:22:06Z
r02016,2026-07-01T13:02:13Z
r02017,2026-07-02T18:27:15Z
r02018,2026-06-26T15:00:37Z
r02019,2026-06-30T12:05:47Z
r02020,2026-07-05T16:30:34Z
r02021,2026-06-26T06:42:12Z
r02022,2026-07-05T15:14:53Z
r02023,2026-07-04T14:20:39Z
r02024,2026-06-27T12:04:10Z
r02025,2026-06-26T03:47:15Z
r02026,2026-07-08T02:07:50Z
r02027,2026-07-08T02:37:54Z
r02028,2026-06-25T07:19:18Z
r02029,2026-06-24T11:59:54Z
r02030,2026-07-03T15:43:47Z
r02031,2026-07-07T23:01:49Z
r02032,2026-06-24T08:00:53Z
r02033,2026-07-03T21:06:22Z
r02034,2026-06-27T18:41:22Z
r02035,2026-07-04T22:09:59Z
r02036,2026-07-07T13:15:55Z
r02037,2026-06-21T15:35:57Z
r02038,2026-07-01T14:50:40Z
r02039,2026-07-06T17:04:17Z
r02040,2026-07-03T22:14:17Z
r02041,2026-06-27T16:47:15Z
r02042,2026-06-24T08:14:02Z
r02043,2026-07-02T20:29:37Z
r02044,2026-06-24T10:33:53Z
r02045,2026-06-24T21:07:27Z
r02046,2026-06-30T22:48:07Z
r02047,2026-06-27T17:54:22Z
r02048,2026-07-05T06:46:39Z
r02049,2026-07-04T14:00:36Z
r02050,2026-07-05T08:34:10Z
r02051,2026-06-30T13:35:12Z
r02052,2026-07-03T21:19:46Z
r02053,2026-07-01T19:39:57Z
r02054,2026-06-27T03:36:45Z
r02055,2026-07-03T08:48:00Z
r02056,2026-06-27T20:25:17Z
r02057,2026-06-29T18:06:02Z
r02058,2026-06-29T22:45:56Z
r02059,2026-07-03T10:22:06Z
r02060,2026-07-01T01:02:27Z
r02061,2026-06-27T09:15:07Z
r02062,2026-06-29T22:24:12Z
r02063,2026-07-01T22:29:42Z
r02064,2026-07-02T06:05:11Z
r02065,2026-06-28T05:20:15Z
r02066,2026-07-02T02:03:53Z
r02067,2026-06-29T16:05:18Z
r02068,2026-07-03T08:42:58Z
r02069,2026-06-29T16:46:24Z
r02070,2026-07-02T05:36:51Z
r02071,2026-06-27T21:23:01Z
r02072,2026-07-01T08:29:30Z
r02073,2026-06-30T01:23:51Z
r02074,2026-06-28T08:36:50Z
r02075,2026-06-29T18:40:21Z
r02077,2026-06-29T18:25:19Z
r02078,2026-07-01T21:36:42Z
r02079,2026-06-29T02:25:28Z
r02080,2026-06-27T17:35:10Z
r02081,2026-06-27T17:12:43Z
r02082,2026-06-28T12:05:40Z
r02083,2026-07-02T11:57:38Z
r02084,2026-06-30T10:50:29Z
r02085,2026-06-27T12:59:43Z
r02086,2026-07-02T09:12:26Z
r02087,2026-07-02T09:09:46Z
r02088,2026-07-02T23:09:47Z
r02089,2026-07-02T02:05:53Z
r02090,2026-06-28T11:15:01Z
r02091,2026-07-01T22:42:54Z
r02092,2026-06-21T16:35:01Z
r02093,2026-06-22T05:15:29Z
r02094,2026-06-27T04:58:14Z
r02095,2026-07-08T18:49:35Z
r02096,2026-07-01T09:21:59Z
r02099,2026-06-25T02:09:07Z
r02100,2026-07-06T02:59:55Z
r02101,2026-07-04T00:52:30Z
r02102,2026-07-01T12:31:55Z
r02103,2026-07-04T03:35:03Z
r02104,2026-06-22T05:10:52Z
r02105,2026-06-29T16:27:33Z
r02106,2026-07-03T03:46:45Z
r02107,2026-06-29T11:17:50Z
r02109,2026-06-21T06:38:54Z
r02110,2026-06-28T13:38:19Z
r02111,2026-07-03T00:02:35Z
r02112,2026-06-27T11:56:01Z
r02113,2026-06-30T16:14:30Z
r02114,2026-07-02T06:45:15Z
r02115,2026-06-24T22:14:09Z
r02116,2026-06-27T04:27:49Z
r02117,2026-06-22T04:51:29Z
r02118,2026-07-04T15:43:38Z
r02119,2026-06-30T09:40:17Z
r02120,2026-07-03T09:08:36Z
r02121,2026-07-01T07:42:08Z
r02122,2026-07-01T18:01:01Z
r02123,2026-06-27T10:28:39Z
r02124,2026-07-04T22:41:58Z
r02125,2026-07-08T07:34:23Z
r02126,2026-06-23T22:55:00Z
r02127,2026-06-29T13:32:49Z
r02129,2026-07-03T02:26:56Z
r02130,2026-07-01T05:06:00Z
r02131,2026-06-23T06:44:24Z
r02132,2026-07-07T10:18:23Z
r02133,2026-06-24T17:10:19Z
r02134,2026-07-06T03:21:49Z
r02135,2026-06-28T18:06:15Z
r02136,2026-06-25T08:52:05Z
r02137,2026-06-21T03:31:19Z
r02138,2026-06-23T10:56:59Z
r02139,2026-07-01T23:22:28Z
r02140,2026-06-21T22:00:55Z
r02141,2026-07-08T20:36:13Z
r02142,2026-06-22T23:14:12Z
r02143,2026-06-25T17:50:16Z
r02144,2026-07-08T15:24:58Z
r02145,2026-06-25T12:07:20Z
r02146,2026-07-03T08:05:48Z
r02147,2026-06-30T02:36:16Z
r02148,2026-06-23T09:35:22Z
r02149,2026-06-28T23:45:42Z
r02150,2026-07-03T01:27:25Z
r02151,2026-06-22T18:21:09Z
r02152,2026-06-24T08:08:23Z
r02153,2026-06-27T05:37:00Z
r02154,2026-06-25T07:36:49Z
r02155,2026-07-03T16:28:40Z
r02156,2026-06-21T04:20:21Z
r02157,2026-06-22T06:26:19Z
r02158,2026-06-29T14:02:28Z
r02159,2026-06-25T02:36:53Z
r02160,2026-06-30T07:27:32Z
r02197,2026-06-23T22:44:41Z
r02198,2026-07-02T15:10:10Z
r02200,2026-06-29T23:28:57Z
r02201,2026-06-27T19:18:46Z
r02202,2026-07-04T11:03:06Z
r02203,2026-06-28T16:19:18Z
r02205,2026-06-22T17:08:08Z
r02206,2026-07-02T02:02:10Z
r02207,2026-06-26T17:41:06Z
r02208,2026-06-28T23:40:44Z
r02209,2026-07-06T03:44:03Z
r02210,2026-06-24T17:32:20Z
r02211,2026-06-21T19:23:38Z
r02212,2026-06-29T12:16:05Z
r02213,2026-06-22T19:49:03Z
r02214,2026-06-25T10:02:13Z
r02215,2026-06-27T22:28:55Z
r02216,2026-07-04T22:13:25Z
r02217,2026-07-06T17:38:58Z
r02218,2026-07-06T10:00:48Z
r02220,2026-07-08T04:50:08Z
r02221,2026-06-24T04:38:28Z
r02222,2026-07-06T17:08:45Z
r02223,2026-06-27T17:23:26Z
r02225,2026-06-24T22:53:47Z
r02226,2026-07-08T04:28:00Z
r02227,2026-07-07T06:59:34Z
r02228,2026-06-22T15:32:25Z
r02229,2026-06-26T14:47:49Z
r02230,2026-07-05T03:36:44Z
r02231,2026-06-26T15:01:22Z
r02232,2026-07-02T06:11:05Z
r02234,2026-07-02T10:10:59Z
r02235,2026-07-05T14:15:54Z
r02236,2026-07-06T16:41:08Z
r02238,2026-06-26T20:33:45Z
r02239,2026-07-03T15:04:25Z
r02240,2026-06-22T19:59:32Z
r02241,2026-07-01T06:14:15Z
r02242,2026-06-26T12:01:57Z
r02243,2026-07-05T18:12:42Z
r02244,2026-06-23T07:27:14Z
r02245,2026-07-05T13:34:56Z
r02246,2026-06-25T02:25:22Z
r02247,2026-06-25T02:56:33Z
r02248,2026-07-04T19:55:24Z
r02249,2026-07-08T00:31:23Z
r02250,2026-06-30T13:47:46Z
r02251,2026-07-03T10:18:50Z
r02252,2026-06-26T23:44:43Z
r02253,2026-07-07T11:28:24Z
r02254,2026-06-21T15:29:25Z
r02255,2026-07-07T12:27:25Z
r02256,2026-06-30T08:48:54Z
r02257,2026-06-27T00:00:00Z
r02258,2026-07-05T07:24:22Z
r02259,2026-07-06T00:09:12Z
r02260,2026-06-23T09:45:54Z
r02261,2026-07-02T20:00:12Z
r02262,2026-06-25T18:20:00Z
r02263,2026-06-29T11:07:58Z
r02264,2026-06-28T13:48:29Z
r02265,2026-06-29T17:22:30Z
r02266,2026-06-26T16:42:23Z
r02267,2026-06-27T21:07:51Z
r02268,2026-07-06T09:25:36Z
r02269,2026-07-04T09:58:33Z
r02270,2026-06-30T20:39:17Z
r02272,2026-06-25T20:03:18Z
r02273,2026-07-08T15:03:41Z
r02274,2026-07-01T12:59:42Z
r02275,2026-07-05T10:57:15Z
r02276,2026-06-22T12:21:26Z
r02277,2026-07-04T13:20:46Z
r02278,2026-07-01T03:18:16Z
r02279,2026-06-28T11:23:26Z
r02280,2026-06-26T17:55:30Z
r02281,2026-06-24T02:36:02Z
r02282,2026-06-29T10:07:06Z
r02283,2026-07-02T13:32:53Z
r02284,2026-07-03T10:33:50Z
r02285,2026-06-22T08:05:56Z
r02287,2026-07-04T20:18:57Z
r02288,2026-07-01T03:29:27Z
r02290,2026-06-24T23:42:08Z
r02291,2026-07-01T18:26:49Z
r02292,2026-06-23T17:56:14Z
r02294,2026-06-29T15:43:09Z
r02295,2026-07-03T23:48:55Z
r02296,2026-07-01T19:51:28Z
r02297,2026-06-22T05:36:38Z
r02298,2026-06-25T20:53:02Z
r02299,2026-07-05T10:23:57Z
r02301,2026-06-24T05:02:10Z
r02302,2026-07-04T06:02:28Z
r02303,2026-07-03T19:59:47Z
r02304,2026-06-25T02:23:43Z
r02305,2026-06-22T13:48:42Z
r02306,2026-07-02T07:37:20Z
r02307,2026-07-09T00:45:01Z
r02308,2026-06-26T15:39:55Z
r02309,2026-06-30T13:54:37Z
r02310,2026-07-01T00:53:14Z
r02311,2026-06-23T18:45:01Z
r02312,2026-06-24T15:28:49Z
r02313,2026-07-08T06:22:13Z
r02314,2026-06-26T22:02:24Z
r02315,2026-07-07T00:14:27Z
r02316,2026-06-30T11:32:35Z
r02317,2026-07-05T23:53:01Z
r02318,2026-06-25T08:21:16Z
r02319,2026-06-23T14:03:42Z
r02320,2026-06-29T23:18:17Z
r02321,2026-06-28T13:38:10Z
r02322,2026-07-07T23:54:05Z
r02323,2026-07-07T11:37:41Z
r02324,2026-06-22T23:46:32Z
r02326,2026-06-29T06:49:35Z
r02327,2026-06-24T03:45:01Z
r02328,2026-06-25T03:47:20Z
r02329,2026-06-27T04:25:23Z
r02330,2026-07-02T07:14:33Z
r02331,2026-06-24T17:52:38Z
r02332,2026-07-04T21:27:24Z
r02333,2026-06-29T22:44:52Z
r02334,2026-06-29T10:43:50Z
r02335,2026-06-26T06:31:30Z
r02337,2026-06-27T04:52:50Z
r02338,2026-07-03T14:03:09Z
r02339,2026-07-03T20:32:04Z
r02340,2026-06-29T04:08:46Z
r02341,2026-06-25T04:43:36Z
r02342,2026-06-23T00:15:15Z
r02343,2026-07-01T03:54:07Z
r02344,2026-07-03T08:56:30Z
r02345,2026-06-30T12:42:50Z
r02346,2026-06-27T18:13:32Z
r02347,2026-06-24T12:13:26Z
r02348,2026-06-29T23:22:59Z
r02350,2026-06-26T07:20:33Z
r02351,2026-07-06T09:29:33Z
r02352,2026-06-29T18:13:54Z
r02353,2026-06-30T19:50:05Z
r02354,2026-07-06T10:01:53Z
r02355,2026-06-29T15:47:13Z
r02356,2026-06-26T03:47:39Z
r02357,2026-06-26T20:26:02Z
r02358,2026-06-27T15:59:33Z
r02359,2026-06-23T19:36:17Z
r02360,2026-06-30T11:33:38Z
r02362,2026-07-05T06:42:29Z
r02363,2026-07-03T04:09:00Z
r02364,2026-07-02T17:00:52Z
r02365,2026-07-03T10:51:49Z
r02366,2026-07-02T11:28:32Z
r02367,2026-07-05T20:48:01Z
r02368,2026-07-01T04:31:03Z
r02369,2026-06-21T16:34:27Z
r02370,2026-07-03T23:03:38Z
r02371,2026-06-21T11:53:42Z
r02373,2026-07-01T02:06:17Z
r02374,2026-06-26T23:31:28Z
r02375,2026-07-05T10:05:05Z
r02376,2026-07-05T12:55:33Z
r02377,2026-06-22T22:13:57Z
r02378,2026-06-29T22:26:33Z
r02379,2026-07-05T20:17:07Z
r02380,2026-06-24T12:00:50Z
r02381,2026-06-22T21:05:48Z
r02382,2026-06-29T23:56:20Z
r02383,2026-06-30T22:31:47Z
r02384,2026-06-24T15:36:34Z
r02385,2026-07-02T21:40:41Z
r02386,2026-07-03T23:52:28Z
r02387,2026-07-04T08:46:57Z
r02390,2026-07-05T01:10:51Z
r02391,2026-07-08T18:58:05Z
r02392,2026-06-24T23:44:22Z
r02393,2026-06-26T12:52:09Z
r02394,2026-06-23T04:26:36Z
r02395,2026-06-22T15:40:11Z
r02396,2026-07-01T07:24:50Z
r02397,2026-06-21T05:37:51Z
r02398,2026-06-29T20:05:49Z
r02399,2026-07-06T22:16:09Z
r02400,2026-06-24T18:49:34Z
r02401,2026-06-22T02:04:27Z
r02402,2026-06-23T11:47:37Z
r02403,2026-07-08T06:48:29Z
r02404,2026-06-25T18:07:57Z
r02405,2026-07-08T11:24:14Z
r02406,2026-06-24T20:09:12Z
r02407,2026-07-08T11:39:47Z
r02408,2026-06-26T05:06:04Z
r02409,2026-06-21T09:14:20Z
r02410,2026-07-08T03:32:27Z
r02412,2026-06-28T23:45:11Z
r02413,2026-07-05T09:55:41Z
r02414,2026-07-08T04:46:09Z
r02416,2026-06-22T12:29:03Z
r02417,2026-07-03T15:00:57Z
r02419,2026-06-22T21:00:48Z
r02420,2026-07-06T07:15:43Z
r02421,2026-07-05T06:01:22Z
r02423,2026-06-26T23:42:14Z
r02424,2026-06-27T00:27:26Z
r02425,2026-06-23T14:36:40Z
r02426,2026-06-30T01:26:42Z
r02427,2026-06-25T22:46:59Z
r02428,2026-07-04T10:39:22Z
r02429,2026-07-05T03:41:50Z
r02430,2026-06-21T12:06:29Z
r02431,2026-07-04T17:23:51Z
r02432,2026-06-22T18:18:26Z
r02433,2026-06-30T08:43:05Z
r02434,2026-06-28T14:11:58Z
r02435,2026-06-23T02:52:46Z
r02436,2026-06-25T13:54:21Z
r02437,2026-06-21T12:20:13Z
r02438,2026-07-08T02:24:01Z
r02439,2026-07-04T15:37:23Z
r02440,2026-07-06T05:35:20Z
r02441,2026-07-03T14:10:42Z
r02442,2026-07-03T00:02:00Z
r02443,2026-07-07T05:09:29Z
r02444,2026-06-21T14:02:35Z
r02445,2026-07-03T14:48:57Z
r02446,2026-06-29T21:05:22Z
r02447,2026-07-01T04:51:26Z
r02449,2026-07-08T15:14:18Z
r02450,2026-06-21T13:46:09Z
r02451,2026-07-01T01:00:28Z
r02452,2026-06-21T10:44:39Z
r02453,2026-07-07T05:10:52Z
r02454,2026-06-24T14:51:07Z
r02455,2026-06-29T18:57:40Z
r02456,2026-06-30T09:19:38Z
r02457,2026-06-26T23:40:26Z
r02458,2026-07-04T15:26:58Z
r02459,2026-06-25T17:21:39Z
r02460,2026-06-27T07:13:10Z
r02461,2026-07-06T22:25:14Z
r02462,2026-06-26T08:16:10Z
r02463,2026-06-28T17:57:41Z
r02464,2026-06-25T20:28:39Z
r02465,2026-06-22T10:12:56Z
r02466,2026-06-29T00:56:47Z
r02467,2026-07-05T09:24:18Z
r02468,2026-06-26T20:20:46Z
r02469,2026-06-29T18:34:54Z
r02470,2026-07-07T12:36:42Z
r02471,2026-06-26T11:06:35Z
r02472,2026-06-24T09:35:56Z
r02473,2026-06-28T01:40:55Z
r02474,2026-06-21T04:18:47Z
r02475,2026-07-06T16:28:03Z
r02476,2026-06-21T05:43:26Z
r02477,2026-07-05T14:57:00Z
r02478,2026-06-25T07:47:44Z
r02479,2026-06-25T19:41:09Z
r02480,2026-06-27T15:21:31Z
r02481,2026-07-04T14:54:35Z
r02482,2026-07-08T21:11:41Z
r02483,2026-06-22T03:42:36Z
r02484,2026-07-04T09:05:36Z
r02485,2026-07-04T18:33:59Z
r02486,2026-06-21T23:44:23Z
r02487,2026-07-05T14:20:17Z
r02488,2026-07-02T04:13:12Z
r02489,2026-07-01T15:08:17Z
r02490,2026-07-07T04:38:52Z
r02491,2026-07-01T16:08:47Z
r02492,2026-06-21T05:02:50Z
r02493,2026-07-07T20:38:44Z
r02494,2026-07-04T20:44:41Z
r02495,2026-07-04T20:35:28Z
r02496,2026-06-30T13:54:04Z
r02497,2026-06-23T09:12:25Z
r02498,2026-07-05T20:46:21Z
r02499,2026-06-24T06:32:27Z
r02500,2026-06-21T08:25:59Z
r02501,2026-06-30T22:03:37Z
r02502,2026-06-21T18:41:51Z
r02503,2026-07-07T12:38:54Z
r02504,2026-07-01T23:01:57Z
r02505,2026-06-30T07:17:21Z
r02506,2026-07-04T23:07:54Z
r02507,2026-07-09T00:04:30Z
r02508,2026-06-25T09:44:07Z
r02510,2026-06-27T10:17:47Z
r02511,2026-06-22T23:43:28Z
r02512,2026-07-04T16:12:08Z
r02513,2026-06-27T04:13:04Z
r02514,2026-07-08T10:18:03Z
r02516,2026-06-27T16:55:54Z
r02518,2026-06-27T13:42:08Z
r02519,2026-07-07T04:47:46Z
r02520,2026-07-08T01:56:33Z
r02558,2026-06-24T00:19:17Z
r02559,2026-07-01T05:17:27Z
r02560,2026-06-23T01:20:23Z
r02561,2026-06-21T10:58:41Z
r02562,2026-07-05T00:08:52Z
r02563,2026-07-05T02:00:31Z
r02565,2026-07-04T19:21:30Z
r02566,2026-07-06T04:36:47Z
r02567,2026-07-01T08:26:30Z
r02568,2026-07-05T07:53:28Z
r02569,2026-06-25T01:58:55Z
r02570,2026-07-08T22:30:26Z
r02571,2026-07-02T17:25:03Z
r02572,2026-06-21T06:45:43Z
r02573,2026-06-21T18:59:47Z
r02574,2026-06-21T23:49:19Z
r02576,2026-07-05T07:57:05Z
r02577,2026-07-06T21:56:47Z
r02578,2026-06-29T19:24:55Z
r02579,2026-07-04T08:54:50Z
r02580,2026-07-03T11:43:02Z
r02581,2026-07-07T11:03:50Z
r02583,2026-06-28T12:59:25Z
r02584,2026-06-26T17:05:07Z
r02585,2026-07-04T22:44:01Z
r02586,2026-07-01T03:27:04Z
r02587,2026-07-03T15:52:36Z
r02588,2026-07-09T01:59:22Z
r02589,2026-06-27T08:03:15Z
r02590,2026-06-24T20:31:35Z
r02591,2026-06-23T16:18:47Z
r02592,2026-06-30T18:27:57Z
r02593,2026-07-11T07:00:00Z
r02594,2026-07-11T07:15:00Z
r02595,2026-07-11T07:30:00Z
r02596,2026-07-11T07:45:00Z
r02597,2026-07-11T08:00:00Z
r02598,2026-07-11T08:15:00Z
r02599,2026-07-11T08:30:00Z
r02600,2026-07-11T08:45:00Z
r02601,2026-07-11T11:00:00Z
r02602,2026-07-11T11:20:00Z
r02603,2026-07-12T07:00:00Z
r02604,2026-07-12T07:15:00Z
r02605,2026-07-12T07:30:00Z
r02606,2026-07-12T07:45:00Z
r02607,2026-07-12T08:00:00Z
r02608,2026-07-12T11:00:00Z
r02609,2026-07-13T07:00:00Z
r02610,2026-07-13T07:15:00Z
r02611,2026-07-13T07:30:00Z
r02612,2026-07-13T11:00:00Z
r02613,2026-07-13T11:20:00Z
