run,N,D,lr,B,wd,wu,seed,status,loss
1,1.5e+07,3e+08,0.002862,500000,0.1,0.01,0,ok,6.6938
2,1.5e+07,3e+08,0.005724,500000,0.1,0.01,0,ok,6.6282
3,1.5e+07,3e+08,0.01145,500000,0.1,0.01,0,ok,6.6019
4,1.5e+07,3e+08,0.02289,500000,0.1,0.01,0,ok,6.734
5,1.5e+07,3e+08,0.04579,500000,0.1,0.01,0,ok,6.99
6,3e+07,6e+08,0.001758,500000,0.1,0.01,0,ok,5.6589
7,3e+07,6e+08,0.003516,500000,0.1,0.01,0,ok,5.5743
8,3e+07,6e+08,0.007032,500000,0.1,0.01,0,ok,5.5459
9,3e+07,6e+08,0.01406,500000,0.1,0.01,0,ok,5.6209
10,3e+07,6e+08,0.02813,500000,0.1,0.01,0,ok,5.831
11,6e+07,1.2e+09,0.001201,500000,0.1,0.01,0,ok,4.8387
12,6e+07,1.2e+09,0.002402,500000,0.1,0.01,0,ok,4.7513
13,6e+07,1.2e+09,0.004803,500000,0.1,0.01,0,ok,4.7268
14,6e+07,1.2e+09,0.009607,500000,0.1,0.01,0,ok,4.7671
15,6e+07,1.2e+09,0.01921,500000,0.1,0.01,0,ok,4.9214
16,1.2e+08,2.4e+09,0.001023,500000,0.1,0.01,0,ok,4.181
17,1.2e+08,2.4e+09,0.002046,500000,0.1,0.01,0,ok,4.0946
18,1.2e+08,2.4e+09,0.004092,500000,0.1,0.01,0,ok,4.0724
19,1.2e+08,2.4e+09,0.008184,500000,0.1,0.01,0,ok,4.1346
20,1.2e+08,2.4e+09,0.01637,500000,0.1,0.01,0,ok,4.3058
21,2.4e+08,4.8e+09,0.0008156,500000,0.1,0.01,0,ok,3.6711
22,2.4e+08,4.8e+09,0.001631,500000,0.1,0.01,0,ok,3.5875
23,2.4e+08,4.8e+09,0.003263,500000,0.1,0.01,0,ok,3.5613
24,2.4e+08,4.8e+09,0.006525,500000,0.1,0.01,0,ok,3.6239
25,2.4e+08,4.8e+09,0.01305,500000,0.1,0.01,0,ok,3.8013
