lr,weight_decay,hidden,batch_size,aug_sigma,label_smoothing,warmup_frac,steps,seed,dev_acc
0.001,0.3,256,128,0.0,0.0,0.02,1000,0,0.619
0.001,1.0,256,128,0.0,0.0,0.02,1000,0,0.633
0.001,2.0,256,128,0.0,0.0,0.02,1000,0,0.642
0.001,3.0,256,128,0.0,0.0,0.02,1000,0,0.649
0.001,5.0,256,128,0.0,0.0,0.02,1000,0,0.649
0.001,8.0,256,128,0.0,0.0,0.02,1000,0,0.621
0.003,0.3,256,128,0.0,0.0,0.02,1000,0,0.565
0.003,1.0,256,128,0.0,0.0,0.02,1000,0,0.628
0.003,2.0,256,128,0.0,0.0,0.02,1000,0,0.656
0.003,3.0,256,128,0.0,0.0,0.02,1000,0,0.663
0.003,5.0,256,128,0.0,0.0,0.02,1000,0,0.648
0.003,8.0,256,128,0.0,0.0,0.02,1000,0,0.608
