item,category,len_A,len_B,judge_A,judge_B
0,math,296,446,1,1
1,math,213,593,1,1
2,writing,312,382,1,1
3,code,160,1089,0,0
4,code,173,360,1,1
5,writing,301,984,0,1
6,science,274,866,0,0
7,code,290,752,1,1
8,advice,315,573,1,1
9,code,328,2238,1,0
10,advice,235,505,0,1
11,writing,334,811,0,0
12,writing,212,544,1,0
13,advice,233,504,0,0
14,science,108,1660,0,1
15,writing,156,951,0,1
16,advice,199,432,1,1
17,advice,133,319,1,1
18,writing,185,288,1,1
19,math,235,413,0,1
20,math,185,498,1,1
21,advice,165,864,1,1
22,math,168,741,1,1
23,math,164,855,1,1
24,science,141,464,0,1
25,advice,181,576,1,1
26,science,158,259,1,1
27,science,190,628,1,0
28,code,216,705,1,1
29,writing,130,818,0,1
30,advice,177,296,1,1
31,code,193,1356,0,1
32,math,214,1184,1,1
33,code,130,481,1,1
34,code,288,1127,1,1
35,writing,126,472,1,1
36,science,194,1764,1,1
37,science,147,152,1,1
38,advice,160,2300,1,1
39,science,186,212,0,1
40,code,221,757,1,1
41,math,233,760,1,1
42,science,142,1833,0,1
43,advice,510,529,0,1
44,advice,251,631,0,1
45,code,230,442,1,1
46,code,202,646,1,1
47,writing,190,776,0,1
48,writing,166,762,1,1
49,writing,115,529,1,0
50,writing,238,550,0,1
51,math,188,452,1,1
52,code,114,410,1,1
53,math,215,421,0,1
54,math,266,526,1,1
55,math,265,280,1,1
56,math,232,735,1,1
57,math,279,1145,0,1
58,code,183,924,1,0
59,code,500,447,0,1
60,advice,110,299,1,1
61,writing,310,1101,1,1
62,writing,202,622,1,1
63,advice,268,935,1,1
64,advice,224,619,1,0
65,advice,363,836,1,1
66,science,278,488,0,1
67,writing,290,815,1,1
68,math,163,165,1,1
69,code,184,186,1,1
70,code,90,229,1,1
71,writing,156,2565,0,1
72,code,219,631,0,1
73,advice,255,1138,1,0
74,advice,120,262,1,1
75,science,245,241,1,1
76,writing,148,757,1,1
77,science,136,225,1,1
78,advice,326,910,0,0
79,science,330,694,1,1
80,math,236,701,0,0
81,advice,171,491,0,1
82,science,123,941,1,1
83,code,303,456,1,1
84,advice,85,727,1,0
85,math,521,1385,0,1
86,code,106,669,0,1
87,advice,277,492,1,1
88,writing,170,269,1,1
89,advice,217,682,1,1
90,code,233,807,1,1
91,writing,133,839,1,1
92,math,141,166,1,1
93,writing,224,1249,1,1
94,science,164,1291,0,1
95,code,196,380,0,1
96,code,264,826,1,1
97,code,138,138,1,1
98,code,244,476,0,1
99,math,255,647,1,1
100,math,179,591,1,1
101,science,175,459,1,1
102,science,219,1457,1,0
103,math,303,830,1,0
104,math,136,1028,1,1
105,science,408,1397,0,1
106,advice,188,508,1,1
107,science,284,704,1,1
108,writing,94,1046,0,1
109,advice,280,196,1,1
110,writing,309,1367,0,1
111,code,264,554,1,1
112,code,157,682,1,1
113,math,266,434,0,1
114,science,105,296,1,1
115,math,134,260,1,1
116,science,176,564,0,1
117,code,143,550,1,1
118,writing,108,2170,1,0
119,advice,344,1006,1,1
120,science,205,436,0,1
121,science,259,826,0,0
122,science,282,690,0,1
123,science,265,756,1,1
124,math,227,599,1,1
125,writing,243,359,0,1
126,writing,129,297,1,1
127,science,176,532,1,1
128,advice,216,786,0,1
129,advice,88,574,1,1
130,advice,177,800,1,1
131,code,165,935,1,1
132,math,211,821,0,0
133,advice,165,690,0,1
134,math,210,693,0,1
135,advice,228,733,1,1
136,science,172,1280,1,1
137,writing,331,375,1,1
138,math,83,619,1,1
139,math,241,417,0,1
140,code,145,573,1,1
141,science,116,939,1,1
142,science,256,840,1,1
143,science,55,347,1,1
144,advice,174,335,1,1
145,science,209,439,1,1
146,advice,283,1446,0,0
147,writing,320,2601,1,1
148,code,206,1130,1,1
149,advice,229,1486,0,0
150,advice,127,189,1,0
151,writing,187,708,1,1
152,science,303,498,0,0
153,science,164,875,0,1
154,math,143,649,1,1
155,advice,202,279,1,1
156,science,176,724,0,1
157,science,162,778,1,0
158,writing,207,360,1,1
159,writing,257,924,1,0
160,writing,184,562,1,0
161,math,159,787,1,1
162,math,137,444,1,1
163,science,133,556,1,1
164,math,245,732,0,1
165,science,145,385,1,1
166,advice,408,1138,1,1
167,science,494,1043,1,1
168,science,187,719,1,1
169,science,221,868,1,1
170,writing,246,381,1,1
171,code,213,646,1,1
172,writing,167,524,1,1
173,code,180,395,1,1
174,science,193,679,1,0
175,code,215,1151,1,1
176,math,162,603,1,1
177,advice,290,385,1,1
178,code,243,735,0,1
179,science,212,663,1,1
180,science,131,632,1,0
181,science,245,589,1,1
182,advice,199,137,1,1
183,writing,353,633,0,1
184,code,107,551,1,1
185,advice,107,1237,1,1
186,advice,253,1382,1,1
187,science,180,775,0,1
188,code,120,308,1,1
189,advice,157,400,1,1
190,advice,187,822,1,0
191,advice,107,160,1,1
192,science,344,714,1,1
193,math,130,871,0,1
194,advice,214,1000,1,1
195,writing,147,1014,1,1
196,code,174,670,1,1
197,code,250,577,1,1
198,advice,138,1235,0,1
199,math,164,776,1,1
200,math,215,416,1,1
201,advice,239,362,1,1
202,science,213,1445,0,1
203,science,343,1706,1,0
204,math,203,1198,0,1
205,advice,149,302,0,1
206,code,127,552,0,1
207,advice,141,1440,1,1
208,advice,103,1285,1,1
209,writing,295,1007,0,1
210,advice,136,567,1,1
211,math,236,1315,1,1
212,advice,266,269,1,1
213,code,114,487,1,1
214,science,229,1039,1,1
215,code,277,1041,0,0
216,writing,163,584,0,1
217,code,160,701,0,1
218,writing,154,431,1,1
219,advice,259,392,1,1
220,math,201,1421,1,1
221,writing,202,1085,1,1
222,science,318,567,1,0
223,advice,175,656,0,1
224,advice,182,307,1,1
225,science,178,1475,1,1
226,code,225,228,1,1
227,code,329,514,1,1
228,code,281,1284,1,0
229,writing,291,1028,1,0
230,advice,212,928,1,1
231,science,97,343,1,1
232,code,140,203,1,1
233,science,116,626,0,1
234,science,167,1178,1,1
235,code,244,187,1,1
236,math,296,305,1,1
237,math,155,1062,1,1
238,science,213,335,0,1
239,code,108,608,1,1
240,code,178,692,0,0
241,code,243,384,1,1
242,code,361,626,1,1
243,math,136,786,1,1
244,science,145,434,1,0
245,science,291,258,0,1
246,writing,214,788,1,1
247,code,179,988,0,1
248,advice,240,474,1,1
249,writing,211,1285,1,1
250,advice,182,774,0,1
251,science,106,705,0,0
252,code,166,651,0,1
253,writing,227,640,1,1
254,writing,237,418,1,1
255,writing,145,510,1,1
256,math,134,485,1,1
257,math,428,396,1,1
258,code,129,1053,0,0
259,science,176,721,0,0
260,science,210,359,0,1
261,writing,164,645,1,1
262,science,269,485,1,1
263,code,309,584,1,1
264,advice,280,569,0,1
265,science,148,250,1,1
266,advice,193,949,1,1
267,math,183,1034,0,1
268,code,136,511,1,1
269,writing,118,289,1,1
270,advice,277,369,1,1
271,science,380,776,1,0
272,writing,227,381,1,1
273,science,93,332,0,1
274,writing,266,734,1,1
275,advice,220,315,1,1
276,writing,151,1517,0,1
277,code,128,714,1,1
278,writing,183,208,1,1
279,writing,119,387,1,1
280,advice,219,794,0,0
281,code,311,1115,1,1
282,science,113,944,0,1
283,writing,101,643,0,1
284,writing,188,626,1,0
285,advice,190,578,0,1
286,writing,204,575,1,1
287,math,164,1193,1,1
288,writing,197,1125,1,1
289,writing,272,1506,1,1
290,science,140,1410,0,1
291,writing,270,346,1,0
292,writing,167,1155,0,1
293,math,111,313,1,1
294,math,220,451,1,1
295,math,372,606,1,1
296,science,261,814,1,1
297,writing,165,949,1,1
298,science,176,591,0,0
299,science,134,790,1,1
300,code,154,353,0,1
301,code,146,1278,1,1
302,advice,147,412,0,1
303,advice,255,539,0,1
304,code,196,782,0,0
305,science,289,1745,0,1
306,code,234,753,0,1
307,advice,145,351,0,1
308,math,146,373,1,1
309,math,307,446,1,1
310,math,241,817,1,1
311,code,349,575,1,1
312,science,216,830,1,1
313,writing,267,260,1,1
314,advice,158,830,1,1
315,science,229,688,1,1
316,writing,115,848,1,1
317,writing,102,291,1,1
318,writing,224,604,1,0
319,math,350,562,0,1
320,writing,124,691,1,0
321,science,242,551,1,1
322,writing,180,730,1,0
323,math,146,706,1,1
324,writing,219,1100,0,1
325,science,273,444,0,1
326,code,167,1129,1,1
327,advice,189,253,1,1
328,code,183,362,1,1
329,code,76,414,1,1
330,writing,116,279,0,1
331,code,106,235,1,1
332,math,297,1021,0,1
333,math,152,255,1,1
334,math,399,711,0,1
335,code,205,534,1,1
336,advice,178,356,1,1
337,writing,279,2696,0,0
338,science,235,467,1,1
339,math,146,630,1,1
340,math,128,599,1,1
341,writing,219,972,1,1
342,code,213,346,1,0
343,writing,190,324,1,1
344,writing,292,782,1,1
345,writing,249,787,0,1
346,science,107,446,1,1
347,science,218,560,1,1
348,science,289,1145,0,1
349,writing,114,1014,0,0
350,science,359,333,1,1
351,advice,205,709,1,1
352,math,159,885,1,1
353,code,160,292,1,1
354,math,394,732,0,1
355,code,110,293,1,1
356,advice,360,795,1,1
357,math,190,353,1,1
358,writing,123,511,1,1
359,advice,158,434,1,1
360,advice,225,481,1,0
361,math,237,749,1,1
362,advice,123,243,1,1
363,writing,209,456,0,1
364,science,122,429,1,0
365,code,293,2050,0,0
366,science,112,316,1,1
367,math,205,464,0,1
368,advice,267,525,1,1
369,writing,160,394,1,1
370,math,182,410,1,1
371,science,178,488,1,0
372,science,199,760,0,1
373,writing,202,505,1,1
374,math,271,399,1,1
375,science,129,387,0,1
376,writing,187,376,1,1
377,writing,241,480,0,0
378,code,203,307,0,1
379,math,127,265,1,1
380,math,197,2600,0,0
381,math,201,286,1,1
382,science,215,341,0,1
383,code,166,1118,0,0
384,math,302,867,1,1
385,science,217,904,0,0
386,advice,154,733,0,1
387,writing,315,644,0,1
388,advice,92,370,1,1
389,advice,224,2886,0,1
390,science,261,493,1,1
391,code,372,1576,1,1
392,writing,354,709,0,0
393,writing,265,858,0,1
394,science,244,1042,1,1
395,code,275,650,0,0
396,writing,99,248,1,1
397,advice,180,1511,1,1
398,writing,456,723,0,1
399,code,297,1369,1,0
400,writing,160,823,1,1
401,code,121,593,1,1
402,code,146,789,1,1
403,science,208,1527,0,0
404,code,262,322,1,1
405,math,205,212,1,1
406,code,317,1408,0,0
407,code,289,895,0,0
408,science,234,561,1,1
409,code,287,500,1,1
410,math,121,316,1,1
411,science,151,758,1,0
412,writing,133,323,0,0
413,math,150,931,0,0
414,writing,284,495,0,0
415,math,361,579,1,1
416,math,175,303,1,1
417,advice,147,666,1,1
418,advice,368,246,1,1
419,science,219,713,0,1
420,math,188,641,1,1
421,advice,137,337,1,0
422,math,148,1767,1,1
423,code,142,385,1,1
424,writing,91,589,1,1
425,writing,105,271,1,1
426,advice,226,876,1,1
427,advice,182,748,1,1
428,science,128,1469,1,1
429,code,367,281,1,1
430,writing,207,625,1,1
431,code,196,312,1,1
432,science,119,1090,1,1
433,writing,219,198,1,1
434,science,128,837,0,1
435,math,171,658,1,1
436,writing,238,689,1,1
437,math,213,1166,1,1
438,advice,134,454,1,1
439,code,204,1114,0,0
440,science,193,394,1,1
441,advice,313,514,1,1
442,advice,184,348,1,1
443,math,138,343,1,1
444,science,183,344,1,1
445,math,133,324,1,1
446,code,157,654,1,1
447,advice,252,244,1,0
448,advice,221,246,1,1
449,math,333,829,1,1
450,math,208,379,1,1
451,science,206,1709,1,1
452,math,287,270,1,1
453,writing,246,1265,1,1
454,code,144,446,1,1
455,code,159,460,1,1
456,science,310,727,1,1
457,math,205,199,1,1
458,math,194,720,1,1
459,math,150,1222,1,0
460,writing,188,688,1,0
461,science,227,692,1,1
462,advice,112,915,1,1
463,science,317,1728,0,0
464,math,175,547,0,1
465,science,161,209,1,1
466,code,172,502,1,1
467,science,368,686,0,1
468,math,238,1097,1,1
469,math,191,726,0,0
470,writing,362,574,1,1
471,science,242,628,1,1
472,writing,183,1016,1,1
473,science,184,978,1,1
474,math,227,595,0,1
475,code,176,520,1,1
476,math,311,1704,0,0
477,advice,216,766,1,0
478,math,191,478,0,1
479,math,202,437,0,1
480,math,292,703,1,1
481,math,167,369,1,1
482,code,147,350,1,1
483,code,150,452,0,1
484,writing,215,201,1,1
485,science,337,637,1,1
486,math,99,342,1,1
487,code,285,449,1,1
488,writing,197,402,0,1
489,math,246,248,1,1
490,code,128,406,1,1
491,math,199,1022,0,1
492,science,286,968,1,0
493,advice,154,540,1,1
494,math,456,1631,1,1
495,writing,171,327,1,1
496,code,157,850,0,0
497,code,290,636,1,1
498,math,157,560,1,1
499,science,224,645,1,1
500,code,245,592,1,1
501,math,149,384,1,1
502,math,347,256,1,1
503,science,239,453,1,1
504,writing,139,562,1,1
505,writing,380,467,0,1
506,code,219,513,1,1
507,math,178,422,1,1
508,science,249,1299,1,1
509,writing,245,718,1,0
510,writing,96,422,1,1
511,math,107,1090,1,1
512,writing,173,259,1,1
513,science,608,1089,0,1
514,code,196,346,1,1
515,code,189,190,1,1
516,science,183,562,1,1
517,math,254,298,1,1
518,writing,273,755,1,1
519,code,245,877,0,1
520,code,318,668,1,1
521,math,277,542,1,1
522,math,212,917,1,1
523,science,211,1424,0,1
524,writing,203,751,0,1
525,science,192,886,1,0
526,math,237,434,1,1
527,advice,170,1627,0,0
528,writing,177,565,1,1
529,math,139,815,0,1
530,science,250,1643,1,1
531,code,336,971,1,1
532,writing,122,220,1,1
533,math,156,1617,1,0
534,math,328,747,1,1
535,math,307,1147,0,1
536,science,372,604,0,1
537,science,205,394,1,1
538,math,294,551,1,1
539,math,168,695,0,1
540,science,132,1649,1,0
541,science,173,230,1,1
542,code,222,216,1,1
543,writing,121,389,1,1
544,advice,176,782,1,1
545,math,186,1283,1,1
546,code,629,999,1,1
547,science,204,1215,0,1
548,writing,249,295,1,1
549,science,221,1639,0,1
550,code,169,718,0,1
551,code,139,359,1,1
552,advice,302,486,1,1
553,math,227,289,1,1
554,writing,208,937,0,0
555,math,208,1350,1,1
556,writing,110,708,1,1
557,writing,300,1178,0,1
558,writing,302,493,1,1
559,science,137,580,1,1
560,writing,223,1746,0,1
561,math,402,1804,0,1
562,code,97,447,1,1
563,writing,314,1149,1,1
564,science,197,214,1,1
565,science,154,808,0,0
566,science,144,257,1,1
567,science,183,1037,1,1
568,science,175,1112,0,1
569,math,85,360,1,1
570,math,241,715,1,1
571,math,121,409,1,1
572,science,134,411,0,1
573,writing,156,204,1,1
574,code,200,448,0,1
575,advice,202,1046,1,0
576,science,130,400,0,1
577,advice,197,1382,1,0
578,math,174,468,1,1
579,writing,121,341,1,1
580,writing,174,841,1,0
581,code,220,337,1,1
582,code,303,592,1,1
583,writing,308,865,1,1
584,advice,339,578,1,1
585,writing,179,362,0,1
586,writing,184,1035,1,1
587,code,250,622,1,1
588,science,100,1211,0,0
589,math,224,1071,0,1
590,writing,238,1189,0,0
591,writing,121,318,1,1
592,math,175,1150,1,1
593,science,336,799,0,1
594,math,186,897,0,1
595,writing,322,1979,0,1
596,writing,406,559,1,1
597,writing,284,1122,1,0
598,writing,302,344,1,1
599,advice,260,1448,0,1
