item,model,review_verdict
0,B,1
1,B,1
2,B,1
3,B,0
4,B,1
5,B,0
7,B,1
8,B,1
9,B,0
10,B,0
11,B,0
12,B,0
13,B,0
14,B,1
15,B,1
16,B,1
17,B,1
18,B,1
19,B,1
20,B,1
21,B,1
22,B,1
23,B,1
24,B,1
25,B,1
26,B,1
27,B,0
28,B,0
29,B,1
30,B,1
31,B,1
32,B,1
33,B,1
34,B,1
35,B,1
36,B,1
37,B,1
38,B,1
39,B,1
40,B,1
41,B,1
42,B,1
43,B,1
44,B,1
45,B,1
46,B,1
47,B,1
48,B,1
49,B,1
50,B,1
51,B,1
52,B,1
53,B,1
54,B,1
55,B,1
56,B,1
57,B,1
58,B,1
59,B,1
60,B,1
61,B,1
62,B,1
63,B,1
64,B,0
65,B,0
66,B,1
67,B,0
68,B,1
69,B,1
70,B,1
71,B,1
72,B,1
73,B,0
74,B,1
75,B,1
76,B,1
77,B,1
78,B,0
79,B,1
80,B,0
81,B,1
82,B,0
83,B,1
84,B,1
85,B,1
86,B,1
87,B,1
88,B,1
89,B,1
91,B,1
92,B,1
93,B,1
94,B,1
95,B,1
96,B,0
97,B,1
98,B,1
99,B,1
100,B,1
101,B,1
103,B,0
105,B,1
106,B,1
107,B,1
108,B,1
109,B,1
110,B,1
111,B,1
112,B,1
113,B,1
114,B,1
115,B,1
116,B,0
117,B,1
118,B,0
119,B,1
121,B,0
122,B,1
123,B,1
124,B,1
125,B,1
126,B,1
127,B,1
128,B,1
129,B,1
130,B,1
131,B,1
132,B,1
133,B,1
134,B,1
135,B,1
136,B,1
137,B,1
138,B,1
139,B,1
140,B,1
141,B,1
142,B,1
143,B,1
144,B,1
145,B,1
146,B,0
147,B,1
148,B,1
149,B,0
150,B,1
151,B,1
152,B,0
153,B,0
154,B,1
155,B,1
156,B,0
158,B,1
159,B,0
160,B,1
161,B,1
162,B,1
163,B,1
164,B,1
165,B,1
166,B,1
167,B,1
168,B,1
169,B,1
170,B,1
171,B,1
172,B,1
173,B,1
174,B,1
175,B,1
176,B,1
177,B,1
178,B,1
179,B,1
182,B,1
183,B,1
184,B,1
186,B,1
187,B,1
188,B,1
189,B,1
190,B,0
191,B,1
192,B,1
193,B,1
194,B,1
195,B,1
196,B,1
197,B,1
198,B,1
200,B,1
201,B,1
202,B,1
203,B,0
204,B,1
206,B,1
207,B,1
209,B,1
210,B,1
211,B,1
212,B,1
213,B,1
214,B,1
215,B,0
216,B,1
217,B,1
218,B,1
221,B,1
222,B,0
223,B,1
224,B,1
225,B,1
226,B,1
227,B,1
228,B,0
229,B,0
230,B,1
231,B,1
232,B,1
233,B,1
234,B,1
235,B,1
236,B,1
237,B,1
238,B,1
239,B,1
241,B,1
242,B,1
243,B,1
244,B,0
246,B,1
247,B,1
248,B,1
249,B,1
250,B,1
251,B,0
252,B,1
253,B,1
254,B,1
255,B,1
256,B,1
257,B,1
258,B,0
259,B,0
260,B,1
261,B,1
262,B,1
263,B,1
264,B,1
265,B,1
267,B,1
268,B,1
269,B,1
270,B,1
271,B,0
272,B,1
273,B,1
274,B,1
275,B,1
276,B,1
277,B,0
278,B,1
279,B,1
280,B,1
281,B,1
282,B,1
283,B,1
285,B,1
286,B,1
287,B,1
288,B,1
289,B,1
290,B,1
291,B,0
292,B,1
293,B,1
294,B,1
296,B,1
297,B,1
298,B,0
299,B,1
300,B,1
301,B,1
302,B,1
303,B,1
304,B,1
305,B,1
306,B,1
307,B,1
308,B,1
309,B,1
310,B,1
311,B,1
312,B,1
313,B,1
314,B,1
315,B,1
316,B,1
317,B,1
318,B,0
319,B,1
320,B,1
321,B,1
322,B,0
323,B,1
324,B,1
325,B,1
326,B,1
327,B,1
328,B,1
329,B,1
330,B,1
331,B,1
332,B,1
333,B,1
334,B,1
335,B,1
337,B,0
338,B,1
339,B,0
340,B,1
341,B,1
342,B,1
343,B,1
344,B,1
345,B,1
346,B,1
347,B,1
348,B,1
349,B,0
350,B,1
351,B,1
352,B,1
353,B,1
355,B,1
356,B,1
357,B,1
358,B,1
360,B,1
361,B,1
362,B,1
363,B,1
364,B,1
365,B,0
366,B,1
367,B,1
368,B,1
369,B,1
370,B,1
371,B,0
372,B,1
373,B,1
374,B,1
375,B,1
376,B,1
378,B,1
379,B,1
380,B,0
383,B,0
384,B,1
385,B,0
386,B,1
387,B,0
388,B,1
389,B,1
391,B,1
392,B,0
393,B,1
394,B,1
395,B,0
396,B,1
397,B,1
399,B,0
400,B,1
401,B,1
402,B,0
403,B,0
404,B,1
405,B,1
406,B,0
407,B,0
408,B,1
409,B,1
410,B,1
411,B,0
412,B,0
413,B,0
414,B,0
415,B,1
416,B,1
417,B,1
418,B,1
419,B,1
420,B,1
421,B,1
422,B,1
423,B,1
424,B,0
425,B,1
426,B,1
427,B,0
428,B,1
429,B,1
430,B,1
431,B,1
432,B,1
433,B,1
434,B,1
435,B,1
436,B,1
437,B,1
438,B,1
439,B,0
440,B,1
441,B,1
442,B,1
443,B,1
444,B,1
445,B,1
446,B,1
447,B,1
448,B,1
450,B,1
451,B,1
452,B,1
453,B,1
454,B,1
455,B,1
456,B,1
457,B,1
458,B,1
459,B,0
460,B,0
461,B,0
462,B,1
463,B,0
464,B,1
465,B,1
466,B,1
467,B,0
468,B,1
469,B,0
470,B,1
471,B,1
472,B,1
473,B,1
474,B,1
475,B,1
476,B,0
477,B,0
478,B,1
479,B,1
480,B,1
481,B,1
482,B,1
483,B,1
485,B,1
486,B,1
487,B,1
488,B,1
489,B,1
490,B,1
491,B,1
493,B,1
494,B,1
495,B,1
496,B,1
497,B,1
498,B,1
499,B,1
500,B,1
503,B,1
504,B,1
505,B,1
506,B,1
507,B,1
508,B,1
509,B,0
510,B,1
511,B,1
512,B,1
513,B,1
514,B,1
515,B,1
516,B,1
517,B,1
518,B,1
519,B,1
520,B,1
521,B,1
522,B,1
524,B,1
525,B,0
526,B,1
527,B,0
528,B,1
529,B,1
530,B,1
532,B,1
533,B,1
535,B,1
536,B,1
537,B,1
538,B,1
539,B,1
540,B,0
541,B,1
542,B,1
543,B,1
544,B,1
545,B,1
546,B,1
548,B,1
549,B,1
550,B,1
551,B,1
552,B,1
553,B,1
554,B,0
555,B,1
556,B,1
558,B,1
559,B,1
560,B,1
561,B,1
562,B,1
563,B,1
565,B,0
566,B,1
567,B,1
568,B,1
569,B,1
570,B,1
571,B,1
572,B,1
573,B,1
574,B,1
576,B,1
577,B,1
578,B,1
579,B,1
580,B,0
581,B,1
582,B,1
583,B,1
584,B,1
585,B,0
586,B,1
587,B,1
588,B,0
589,B,1
591,B,1
592,B,1
593,B,1
594,B,1
595,B,1
596,B,1
597,B,1
598,B,1
599,B,1
