run_id,dropped_at,reason
r01732,2026-06-23T01:21:29Z,below_retention_floor
r01817,2026-06-23T17:09:33Z,below_retention_floor
r02210,2026-06-24T17:32:20Z,below_retention_floor
r02290,2026-06-24T23:42:08Z,below_retention_floor
r02010,2026-06-25T14:32:46Z,below_retention_floor
r01745,2026-06-25T17:09:02Z,below_retention_floor
r02231,2026-06-26T15:01:22Z,below_retention_floor
r01826,2026-06-26T17:06:19Z,below_retention_floor
r02257,2026-06-27T00:00:00Z,below_retention_floor
r01859,2026-06-27T03:50:53Z,below_retention_floor
r02153,2026-06-27T05:37:00Z,below_retention_floor
r01223,2026-06-27T15:50:58Z,below_retention_floor
r02516,2026-06-27T16:55:54Z,below_retention_floor
r00901,2026-06-27T17:44:00Z,below_retention_floor
r01120,2026-06-27T22:28:42Z,below_retention_floor
r01803,2026-06-27T22:43:40Z,below_retention_floor
r01974,2026-06-28T02:16:35Z,below_retention_floor
r01122,2026-06-28T13:56:33Z,below_retention_floor
r02434,2026-06-28T14:11:58Z,below_retention_floor
r01956,2026-06-28T16:49:24Z,below_retention_floor
r02208,2026-06-28T23:40:44Z,below_retention_floor
r01828,2026-06-28T23:58:40Z,below_retention_floor
r01839,2026-06-29T05:03:03Z,below_retention_floor
r01776,2026-06-29T09:07:47Z,below_retention_floor
r02263,2026-06-29T11:07:58Z,below_retention_floor
r02294,2026-06-29T15:43:09Z,below_retention_floor
r02398,2026-06-29T20:05:49Z,below_retention_floor
r02378,2026-06-29T22:26:33Z,below_retention_floor
r02160,2026-06-30T07:27:32Z,below_retention_floor
r01081,2026-06-30T16:47:35Z,below_retention_floor
r01775,2026-07-01T03:00:26Z,below_retention_floor
r01772,2026-07-01T09:37:07Z,below_retention_floor
r01770,2026-07-01T14:07:08Z,below_retention_floor
r01949,2026-07-01T14:26:07Z,below_retention_floor
r01787,2026-07-01T15:29:19Z,below_retention_floor
r02053,2026-07-01T19:39:57Z,below_retention_floor
r01965,2026-07-02T05:29:31Z,below_retention_floor
r02442,2026-07-03T00:02:00Z,below_retention_floor
r01829,2026-07-03T04:46:17Z,below_retention_floor
r02251,2026-07-03T10:18:50Z,below_retention_floor
r01764,2026-07-03T13:54:57Z,below_retention_floor
r01786,2026-07-03T16:19:26Z,below_retention_floor
r01978,2026-07-04T00:48:19Z,below_retention_floor
r01788,2026-07-04T02:16:27Z,below_retention_floor
r01981,2026-07-04T03:42:19Z,below_retention_floor
r02302,2026-07-04T06:02:28Z,below_retention_floor
r01987,2026-07-04T06:57:52Z,below_retention_floor
r02387,2026-07-04T08:46:57Z,below_retention_floor
r02428,2026-07-04T10:39:22Z,below_retention_floor
r02202,2026-07-04T11:03:06Z,below_retention_floor
r01820,2026-07-04T12:18:00Z,below_retention_floor
r02277,2026-07-04T13:20:46Z,below_retention_floor
r02049,2026-07-04T14:00:36Z,below_retention_floor
r00882,2026-07-04T14:22:51Z,below_retention_floor
r01754,2026-07-04T14:41:31Z,below_retention_floor
r01822,2026-07-04T14:51:26Z,below_retention_floor
r01738,2026-07-04T15:45:22Z,below_retention_floor
r01767,2026-07-04T16:36:12Z,below_retention_floor
r01702,2026-07-04T17:51:02Z,below_retention_floor
r02485,2026-07-04T18:33:59Z,below_retention_floor
r02287,2026-07-04T20:18:57Z,below_retention_floor
r01765,2026-07-04T20:34:45Z,below_retention_floor
r00265,2026-07-04T21:31:33Z,below_retention_floor
r02035,2026-07-04T22:09:59Z,below_retention_floor
r02216,2026-07-04T22:13:25Z,below_retention_floor
r02585,2026-07-04T22:44:01Z,below_retention_floor
r02506,2026-07-04T23:07:54Z,below_retention_floor
r01077,2026-07-04T23:53:35Z,below_retention_floor
r01849,2026-07-04T23:57:36Z,below_retention_floor
r02390,2026-07-05T01:10:51Z,below_retention_floor
r02563,2026-07-05T02:00:31Z,below_retention_floor
r02429,2026-07-05T03:41:50Z,below_retention_floor
r00049,2026-07-05T05:50:03Z,below_retention_floor
r02421,2026-07-05T06:01:22Z,below_retention_floor
r01151,2026-07-05T06:15:11Z,below_retention_floor
r02048,2026-07-05T06:46:39Z,below_retention_floor
r01967,2026-07-05T07:16:29Z,below_retention_floor
r02258,2026-07-05T07:24:22Z,below_retention_floor
r01856,2026-07-05T08:18:27Z,below_retention_floor
r02413,2026-07-05T09:55:41Z,below_retention_floor
r02375,2026-07-05T10:05:05Z,below_retention_floor
r02275,2026-07-05T10:57:15Z,below_retention_floor
r01758,2026-07-05T11:43:39Z,below_retention_floor
r02245,2026-07-05T13:34:56Z,below_retention_floor
r02235,2026-07-05T14:15:54Z,below_retention_floor
r02487,2026-07-05T14:20:17Z,below_retention_floor
r01833,2026-07-05T14:27:15Z,below_retention_floor
r01785,2026-07-05T15:23:11Z,below_retention_floor
r02020,2026-07-05T16:30:34Z,below_retention_floor
r01850,2026-07-05T16:54:27Z,below_retention_floor
r01759,2026-07-05T17:49:53Z,below_retention_floor
r02379,2026-07-05T20:17:07Z,below_retention_floor
r01998,2026-07-05T20:36:09Z,below_retention_floor
r02498,2026-07-05T20:46:21Z,below_retention_floor
r01802,2026-07-05T23:52:24Z,below_retention_floor
r01771,2026-07-06T00:29:16Z,below_retention_floor
r01825,2026-07-06T02:07:31Z,below_retention_floor
r00364,2026-07-06T02:33:33Z,below_retention_floor
r02209,2026-07-06T03:44:03Z,below_retention_floor
r00015,2026-07-06T04:17:00Z,shard_file_lost
r00045,2026-07-06T04:17:00Z,shard_file_lost
r00160,2026-07-06T04:17:00Z,shard_file_lost
r00162,2026-07-06T04:17:00Z,shard_file_lost
r00178,2026-07-06T04:17:00Z,shard_file_lost
r00179,2026-07-06T04:17:00Z,shard_file_lost
r00509,2026-07-06T04:17:00Z,shard_file_lost
r00663,2026-07-06T04:17:00Z,shard_file_lost
r00880,2026-07-06T04:17:00Z,shard_file_lost
r00888,2026-07-06T04:17:00Z,shard_file_lost
r00914,2026-07-06T04:17:00Z,shard_file_lost
r00931,2026-07-06T04:17:00Z,shard_file_lost
r01127,2026-07-06T04:17:00Z,shard_file_lost
r01682,2026-07-06T04:17:00Z,shard_file_lost
r02332,2026-07-06T04:17:00Z,shard_file_lost
r02431,2026-07-06T04:17:00Z,shard_file_lost
r02439,2026-07-06T04:17:00Z,shard_file_lost
r01842,2026-07-06T05:45:51Z,below_retention_floor
r01800,2026-07-06T05:53:53Z,below_retention_floor
r02420,2026-07-06T07:15:43Z,below_retention_floor
r01316,2026-07-06T09:25:01Z,below_retention_floor
r01964,2026-07-06T09:41:15Z,below_retention_floor
r00059,2026-07-06T10:40:52Z,below_retention_floor
r01779,2026-07-06T12:38:32Z,below_retention_floor
r02236,2026-07-06T16:41:08Z,below_retention_floor
r02222,2026-07-06T17:08:45Z,below_retention_floor
r01789,2026-07-06T18:09:17Z,below_retention_floor
r02461,2026-07-06T22:25:14Z,below_retention_floor
r01914,2026-07-06T23:30:23Z,below_retention_floor
r01830,2026-07-06T23:51:03Z,below_retention_floor
r02003,2026-07-07T02:09:02Z,below_retention_floor
r00055,2026-07-07T02:30:21Z,below_retention_floor
r01989,2026-07-07T06:40:13Z,below_retention_floor
r02227,2026-07-07T06:59:34Z,below_retention_floor
r01962,2026-07-07T07:27:48Z,below_retention_floor
r01933,2026-07-07T08:33:23Z,below_retention_floor
r02132,2026-07-07T10:18:23Z,below_retention_floor
r01932,2026-07-07T10:58:11Z,below_retention_floor
r02581,2026-07-07T11:03:50Z,below_retention_floor
r01991,2026-07-07T11:06:22Z,below_retention_floor
r02470,2026-07-07T12:36:42Z,below_retention_floor
r01948,2026-07-07T12:49:30Z,below_retention_floor
r01812,2026-07-07T13:04:45Z,below_retention_floor
r01903,2026-07-07T14:08:12Z,below_retention_floor
r01972,2026-07-07T15:39:17Z,below_retention_floor
r01866,2026-07-07T18:24:47Z,below_retention_floor
r01922,2026-07-07T19:17:10Z,below_retention_floor
r01924,2026-07-07T19:20:49Z,below_retention_floor
r02493,2026-07-07T20:38:44Z,below_retention_floor
r02031,2026-07-07T23:01:49Z,below_retention_floor
r01752,2026-07-08T01:41:31Z,below_retention_floor
r02026,2026-07-08T02:07:50Z,below_retention_floor
r02027,2026-07-08T02:37:54Z,below_retention_floor
r01290,2026-07-08T03:09:41Z,below_retention_floor
r02410,2026-07-08T03:32:27Z,below_retention_floor
r02220,2026-07-08T04:50:08Z,below_retention_floor
r00884,2026-07-08T05:00:07Z,below_retention_floor
r01835,2026-07-08T05:46:26Z,below_retention_floor
r00911,2026-07-08T07:41:41Z,below_retention_floor
r00003,2026-07-08T09:52:40Z,below_retention_floor
r02002,2026-07-08T12:16:04Z,below_retention_floor
r01798,2026-07-08T13:56:57Z,below_retention_floor
r01746,2026-07-08T15:26:57Z,below_retention_floor
r01015,2026-07-08T16:01:29Z,below_retention_floor
r01883,2026-07-08T16:46:07Z,below_retention_floor
r01811,2026-07-08T18:37:08Z,below_retention_floor
r02391,2026-07-08T18:58:05Z,below_retention_floor
r01744,2026-07-08T19:38:30Z,below_retention_floor
r02482,2026-07-08T21:11:41Z,below_retention_floor
r01417,2026-07-08T22:15:44Z,below_retention_floor
r02507,2026-07-09T00:04:30Z,below_retention_floor
r02601,2026-07-11T11:00:00Z,below_retention_floor
r02602,2026-07-11T11:20:00Z,below_retention_floor
r02608,2026-07-12T11:00:00Z,below_retention_floor
r02612,2026-07-13T11:00:00Z,below_retention_floor
r02613,2026-07-13T11:20:00Z,below_retention_floor
