item,overlap
1186,0.112833
230,0.299967
1047,0.202536
216,0.043271
551,0.066956
499,0.075327
218,0.031112
1035,0.028847
262,0.022680
176,0.231746
327,0.103141
1108,0.036062
781,0.106445
831,0.023317
1007,0.048675
715,0.309186
828,0.045776
786,0.035494
93,0.019171
4,0.033871
1447,0.038485
986,0.082249
739,0.088744
1286,0.069768
1303,0.058170
237,0.311025
1355,0.041277
1193,0.031799
785,0.108267
333,0.129953
827,0.124595
1382,0.012908
836,0.099162
1094,0.011865
1045,0.012954
45,0.247738
51,0.005640
990,0.108260
290,0.167762
1151,0.022733
999,0.239916
741,0.045056
1019,0.105219
123,0.054532
1163,0.280237
152,0.074565
63,0.167720
1363,0.215715
496,0.022891
236,0.115838
1456,0.160059
1367,0.024277
91,0.069654
707,0.281380
1192,0.089071
1100,0.272972
875,0.048803
169,0.059341
132,0.087875
865,0.027879
75,0.070685
779,0.031185
393,0.128986
1076,0.093623
947,0.055422
605,0.035169
325,0.054720
240,0.021660
312,0.337541
33,0.029664
1042,0.045514
433,0.017393
330,0.013685
598,0.127552
1277,0.098991
415,0.027094
798,0.081677
538,0.056338
734,0.019347
554,0.238859
267,0.019811
1492,0.073226
931,0.019285
1248,0.024282
15,0.234868
434,0.077150
446,0.403654
234,0.139579
819,0.025080
18,0.023320
23,0.140282
310,0.052151
766,0.114241
782,0.330968
1247,0.015669
413,0.025965
593,0.055012
584,0.304190
182,0.056348
6,0.028344
1044,0.153665
1143,0.080444
404,0.021330
823,0.032395
1356,0.026253
1421,0.120371
621,0.171445
729,0.172635
473,0.168254
374,0.075467
662,0.396868
769,0.064392
1063,0.148936
365,0.125741
181,0.131420
1361,0.092812
153,0.051224
1437,0.021217
594,0.242916
504,0.196488
131,0.017415
589,0.019385
1422,0.009499
1089,0.063925
1460,0.015526
748,0.093410
65,0.037645
1402,0.310902
448,0.251292
733,0.079498
1338,0.224172
377,0.013578
265,0.021657
985,0.051599
1066,0.117732
1321,0.143709
762,0.035779
1443,0.055965
158,0.031335
591,0.355085
1205,0.017722
470,0.156749
72,0.030594
632,0.018448
692,0.022088
916,0.045932
1112,0.056422
1379,0.088468
53,0.037772
599,0.049479
651,0.033526
859,0.034652
103,0.088628
521,0.052793
988,0.037805
603,0.037676
260,0.117142
517,0.038462
950,0.037544
788,0.007402
1036,0.024647
20,0.391743
1053,0.177022
1430,0.098094
642,0.230887
220,0.049302
464,0.204069
797,0.025108
556,0.102770
140,0.037317
1017,0.061869
758,0.063553
488,0.219307
1129,0.032925
76,0.056134
803,0.058855
385,0.515920
1431,0.020005
243,0.238435
755,0.074994
106,0.295399
162,0.027941
1330,0.052716
595,0.021786
276,0.069295
285,0.108427
323,0.094236
1138,0.133161
442,0.014448
305,0.036925
1262,0.130374
70,0.061831
84,0.107791
1074,0.070060
1319,0.144377
441,0.263968
1180,0.307563
435,0.040038
336,0.035287
1478,0.040004
717,0.112348
1026,0.112103
1457,0.216551
673,0.130508
1373,0.357034
905,0.029573
1242,0.082300
1493,0.220602
940,0.203140
772,0.261614
822,0.234128
1198,0.237586
1253,0.072333
1222,0.019528
1393,0.243067
665,0.062918
1465,0.077009
880,0.052598
832,0.291628
1221,0.267313
277,0.009620
532,0.023957
206,0.032769
21,0.237481
939,0.011893
1114,0.054444
362,0.086979
1263,0.085262
752,0.009405
816,0.314804
87,0.206476
159,0.327242
1090,0.046213
550,0.178846
41,0.027464
397,0.023184
1424,0.073845
968,0.072858
604,0.074421
575,0.052674
160,0.221081
1115,0.048099
854,0.015150
1283,0.021025
201,0.020447
186,0.049459
934,0.042457
966,0.070839
283,0.079627
660,0.045305
1084,0.061481
1034,0.022380
255,0.062511
1365,0.068420
542,0.078913
1256,0.097008
1347,0.030761
422,0.075774
203,0.263233
256,0.049970
1254,0.101085
1448,0.016227
28,0.031557
1075,0.068374
155,0.047526
1462,0.029021
972,0.084169
921,0.058633
756,0.016010
1362,0.028692
426,0.034842
436,0.009651
736,0.045735
1383,0.166812
778,0.013008
308,0.017192
294,0.032086
1216,0.049265
789,0.374408
1013,0.062591
375,0.016612
536,0.351819
834,0.023141
1099,0.083970
289,0.009561
1479,0.032442
1389,0.153448
1113,0.566451
297,0.256824
486,0.106871
193,0.128199
1233,0.129397
648,0.295279
881,0.021190
430,0.159140
1257,0.081623
519,0.013786
444,0.051518
1178,0.346786
577,0.246929
213,0.124908
209,0.038214
1181,0.379815
326,0.100898
974,0.005739
1268,0.027949
698,0.024546
1435,0.045539
1172,0.099949
443,0.023328
1318,0.261597
913,0.117849
104,0.289130
613,0.078626
373,0.026965
981,0.103533
602,0.011700
66,0.013735
561,0.012482
1259,0.069464
971,0.074120
1068,0.020948
1496,0.252158
60,0.029773
1061,0.089016
592,0.068209
526,0.204495
26,0.041005
609,0.043205
1190,0.054289
221,0.022894
549,0.050068
1341,0.018943
515,0.025949
508,0.404146
1224,0.137962
946,0.516122
170,0.222135
229,0.013098
723,0.248807
720,0.671852
805,0.107406
580,0.527660
400,0.253057
302,0.008686
945,0.028792
278,0.011102
1134,0.065487
62,0.007218
849,0.098353
1308,0.088825
1322,0.026005
1132,0.103906
1030,0.032334
503,0.288147
467,0.022244
1252,0.161768
1360,0.020005
1427,0.187953
296,0.011401
977,0.153971
1110,0.028272
1225,0.049235
650,0.116773
1403,0.045720
586,0.038641
471,0.091236
672,0.047741
941,0.026906
841,0.169230
866,0.155650
568,0.030446
1029,0.087117
891,0.366048
839,0.027672
1214,0.022348
125,0.154044
338,0.021764
231,0.249420
610,0.099512
1334,0.143641
862,0.050138
959,0.037294
358,0.228272
1392,0.116330
1121,0.028078
1152,0.040646
1275,0.084801
679,0.272616
264,0.029076
491,0.067779
501,0.168312
387,0.017698
1012,0.052656
572,0.313694
261,0.236827
1021,0.125713
1032,0.201756
600,0.047344
410,0.444658
878,0.031110
92,0.019433
925,0.043450
177,0.113140
386,0.218398
468,0.066025
607,0.027562
1015,0.054807
896,0.125778
1038,0.055803
810,0.345131
1499,0.118198
1168,0.254487
1210,0.117303
7,0.194817
1470,0.131569
412,0.110444
190,0.024207
744,0.352334
763,0.034426
259,0.091517
528,0.219131
1405,0.011269
1199,0.135271
1105,0.041950
1226,0.065101
635,0.324498
163,0.012593
329,0.035128
1085,0.047439
689,0.031700
462,0.065134
419,0.043939
668,0.114566
1165,0.101253
1464,0.005015
383,0.079779
1328,0.161022
38,0.022523
107,0.042028
825,0.046722
309,0.324476
1337,0.017736
217,0.016770
360,0.019379
1368,0.271506
1127,0.420188
156,0.054084
949,0.031641
478,0.097185
920,0.134431
1416,0.126584
207,0.028314
1043,0.026491
636,0.252534
118,0.044966
226,0.137067
1220,0.075088
477,0.122955
956,0.039000
357,0.045759
1179,0.147052
1477,0.072520
654,0.011337
856,0.148725
541,0.042070
1380,0.355922
166,0.205745
81,0.018751
225,0.176302
1097,0.062543
935,0.205840
669,0.113064
48,0.024505
727,0.107177
1357,0.054558
1028,0.520885
1386,0.049512
58,0.051643
760,0.102417
657,0.081075
457,0.330908
175,0.074432
1215,0.285873
9,0.039998
814,0.018411
830,0.134884
1348,0.035329
192,0.038856
653,0.029393
487,0.003360
516,0.092653
617,0.039250
1234,0.137049
687,0.032353
116,0.010282
967,0.136208
754,0.011728
263,0.019034
912,0.065762
1265,0.035088
813,0.024265
659,0.085987
331,0.463256
1153,0.100458
320,0.275707
1404,0.258602
500,0.041972
275,0.361906
713,0.078858
1388,0.014619
643,0.058799
270,0.048602
732,0.099806
311,0.075229
1229,0.141041
631,0.003470
1128,0.018211
108,0.011746
869,0.009652
222,0.018161
391,0.023878
466,0.057248
1107,0.049844
666,0.160961
897,0.085824
1091,0.048089
109,0.059690
1297,0.075083
540,0.021285
704,0.038508
1327,0.172901
1320,0.014361
1384,0.281855
904,0.023523
918,0.272752
1049,0.025115
1238,0.015834
1295,0.170929
893,0.062769
1400,0.199437
861,0.021467
324,0.043506
787,0.201604
1194,0.363736
529,0.023134
811,0.128973
494,0.012878
545,0.205769
227,0.479074
582,0.057056
342,0.117113
775,0.106820
1154,0.061204
708,0.130879
274,0.096584
287,0.093898
184,0.014305
451,0.057264
1495,0.412383
1189,0.032291
680,0.658729
429,0.365786
518,0.047240
364,0.079514
1122,0.410663
143,0.026934
196,0.016001
611,0.216256
1209,0.091189
1336,0.057512
522,0.039793
1349,0.015845
388,0.036688
1446,0.166136
1170,0.193360
1459,0.076612
306,0.128449
1124,0.034459
245,0.036235
539,0.174311
1274,0.046562
372,0.095016
146,0.158526
958,0.016877
5,0.034985
860,0.113635
1060,0.032682
656,0.039387
1346,0.112478
421,0.067959
366,0.066152
799,0.050869
1,0.163057
512,0.461038
395,0.476119
980,0.042852
627,0.036638
714,0.013970
2,0.062521
233,0.041480
1315,0.177509
120,0.028737
1235,0.081814
1236,0.014611
1139,0.312781
224,0.035778
670,0.071816
718,0.011753
239,0.014633
286,0.160933
1058,0.018998
1098,0.081247
142,0.014744
42,0.179300
1497,0.043882
919,0.043438
618,0.080404
1219,0.055015
197,0.154253
204,0.088262
638,0.257226
1287,0.079592
1399,0.011871
80,0.269292
341,0.030448
847,0.089949
469,0.075679
588,0.017868
12,0.064876
139,0.007244
750,0.047047
1370,0.085083
726,0.118174
1309,0.133658
1471,0.056813
1195,0.027806
571,0.160081
1316,0.188324
1491,0.328932
1407,0.185424
211,0.162191
506,0.138814
1310,0.077972
178,0.008455
3,0.114808
574,0.241059
937,0.077676
908,0.059549
127,0.496476
1450,0.033091
130,0.063663
1003,0.019650
639,0.012069
790,0.015119
1290,0.008460
697,0.204084
898,0.024972
1119,0.034331
122,0.265394
634,0.018368
640,0.007636
1436,0.017350
68,0.249082
134,0.075804
1149,0.034518
873,0.022627
1415,0.034252
667,0.140627
1439,0.036774
852,0.057686
1126,0.112356
1072,0.199290
1396,0.021080
682,0.021361
359,0.410701
1411,0.029507
73,0.032573
1317,0.054523
960,0.390386
1339,0.045317
1016,0.080453
928,0.011041
676,0.016553
1239,0.026026
970,0.019191
1385,0.123974
1117,0.034044
674,0.101352
1141,0.046229
844,0.423366
253,0.042204
1171,0.019258
117,0.054055
1244,0.422061
1087,0.078557
157,0.040922
111,0.108440
1104,0.024699
165,0.022661
189,0.021550
332,0.071236
1438,0.305729
187,0.056839
663,0.026261
890,0.364385
145,0.531530
1425,0.042867
8,0.057819
1352,0.010751
454,0.109549
759,0.437170
738,0.110676
1475,0.038100
1102,0.371430
418,0.052969
482,0.014689
1473,0.062170
101,0.023054
1345,0.251032
370,0.134477
1272,0.091580
71,0.123052
367,0.032814
721,0.018716
389,0.265318
1398,0.010527
147,0.014213
191,0.020236
1300,0.017855
864,0.175277
449,0.144082
171,0.055782
1498,0.035200
144,0.284128
271,0.183282
833,0.042119
1067,0.036227
719,0.221965
848,0.155806
1050,0.032992
149,0.013609
1159,0.072676
483,0.046939
1086,0.021125
757,0.020099
382,0.030029
198,0.163208
1188,0.077199
1302,0.017342
210,0.056774
250,0.031310
1006,0.117065
851,0.032595
31,0.019242
1324,0.030497
703,0.037929
700,0.030319
1418,0.212368
1237,0.193888
1106,0.079162
1454,0.049324
792,0.110262
903,0.108180
597,0.310615
1093,0.095105
911,0.017692
322,0.017399
1484,0.160113
1344,0.149953
740,0.059251
884,0.020299
1466,0.176179
315,0.004274
771,0.013785
238,0.314721
1175,0.051815
694,0.083348
416,0.162366
507,0.048527
77,0.048128
82,0.034353
902,0.119427
1472,0.491819
877,0.017863
1203,0.011624
724,0.289071
1196,0.056044
348,0.099291
88,0.038571
1434,0.025460
615,0.034666
1395,0.242956
1323,0.044008
1040,0.012485
1133,0.086299
932,0.078038
606,0.033658
623,0.065215
1483,0.181040
1161,0.024249
1266,0.066171
1001,0.140633
409,0.340063
346,0.071850
783,0.027861
1366,0.005711
1458,0.153146
1364,0.050686
641,0.138991
1273,0.121152
1289,0.055301
1279,0.148772
456,0.024199
731,0.046820
110,0.091663
161,0.116036
185,0.098880
1130,0.133491
339,0.003822
1305,0.101522
280,0.271932
845,0.102542
695,0.019663
406,0.066731
353,0.040784
1054,0.064369
54,0.032806
942,0.024459
900,0.038353
612,0.189229
1135,0.121686
405,0.341391
962,0.097757
696,0.073678
96,0.047895
684,0.568072
1004,0.037049
1241,0.016752
1420,0.044953
32,0.030572
30,0.025944
850,0.023888
749,0.085617
205,0.144620
751,0.110374
1276,0.019407
1258,0.014274
1082,0.042004
465,0.244498
437,0.052280
281,0.105115
314,0.160520
930,0.088707
461,0.617576
1409,0.125302
136,0.041336
737,0.403727
1207,0.162341
1487,0.034779
1027,0.125902
1381,0.004757
780,0.093961
355,0.082452
688,0.015377
578,0.224771
1251,0.017207
1183,0.021249
1187,0.262579
1293,0.062753
647,0.491657
89,0.073444
1131,0.049136
894,0.020902
318,0.037658
1204,0.042538
1206,0.025804
115,0.095116
1489,0.010854
67,0.006683
369,0.184139
1081,0.186343
398,0.049801
27,0.241787
973,0.082969
345,0.199070
102,0.095893
899,0.322703
356,0.093744
702,0.232017
376,0.067331
728,0.043812
1469,0.087564
628,0.017856
1218,0.124361
502,0.101724
870,0.043055
97,0.064471
319,0.145491
809,0.056601
1240,0.118629
1173,0.010092
258,0.291950
295,0.012451
1372,0.215027
802,0.032811
257,0.036079
677,0.005992
251,0.045460
1332,0.010281
254,0.089777
1080,0.025213
509,0.561209
1212,0.176251
484,0.073355
1350,0.213323
991,0.031929
992,0.016196
121,0.073671
55,0.425527
544,0.175994
1213,0.098950
379,0.393970
1009,0.221096
179,0.031231
563,0.278079
587,0.383210
927,0.052566
86,0.380884
313,0.125422
1150,0.100404
113,0.029473
1160,0.102852
1059,0.051337
693,0.015890
188,0.259130
826,0.068299
872,0.084343
1069,0.045250
1298,0.013171
472,0.083769
47,0.032386
513,0.137758
481,0.173905
883,0.037377
984,0.029987
432,0.051025
493,0.016602
1230,0.045659
350,0.079568
1301,0.031239
485,0.113323
114,0.216252
453,0.023991
767,0.034516
328,0.388994
242,0.151251
1304,0.149425
537,0.041305
1184,0.141714
1440,0.073620
172,0.151311
200,0.158090
1375,0.219766
938,0.087460
1092,0.022190
616,0.039990
420,0.188922
555,0.018704
795,0.051061
1116,0.019896
1331,0.026333
83,0.020058
282,0.038858
427,0.140009
1312,0.048880
1311,0.026389
50,0.068126
1000,0.010997
1002,0.078422
1291,0.046047
625,0.049219
1278,0.009230
583,0.018955
268,0.370416
510,0.033019
1292,0.159997
363,0.060921
996,0.080789
349,0.022819
1306,0.607751
399,0.100084
480,0.048503
241,0.112238
1463,0.219405
569,0.021868
168,0.190918
979,0.245826
983,0.238558
747,0.128661
215,0.024761
148,0.150846
99,0.064638
1468,0.029425
685,0.151847
35,0.023588
1232,0.038251
764,0.033562
933,0.503060
909,0.039339
164,0.211638
791,0.022162
1280,0.034085
476,0.008746
141,0.044227
408,0.262692
683,0.039336
74,0.017784
381,0.138475
777,0.052531
874,0.012316
573,0.125764
34,0.077289
646,0.018285
523,0.325332
1051,0.181772
745,0.091501
1249,0.061916
1246,0.054469
344,0.109460
1227,0.010702
246,0.089503
137,0.145273
987,0.327036
906,0.020273
548,0.039635
288,0.067726
49,0.282905
735,0.126722
1417,0.058004
1408,0.053101
675,0.146319
299,0.142661
43,0.045075
173,0.039931
1412,0.057334
1162,0.047849
1419,0.184718
1358,0.055963
1449,0.018261
1282,0.068071
982,0.040875
352,0.074643
1401,0.153058
40,0.025201
596,0.118861
652,0.056838
565,0.130248
445,0.018251
351,0.004421
439,0.047981
924,0.235768
922,0.151649
183,0.029152
392,0.062210
658,0.080567
543,0.137744
1158,0.275621
914,0.017030
199,0.106355
37,0.043363
411,0.075801
1433,0.206616
1088,0.042254
252,0.029132
1264,0.034592
347,0.012256
1333,0.087757
335,0.099642
1281,0.294323
1223,0.064330
885,0.221992
174,0.020425
64,0.153502
608,0.110376
112,0.098910
1359,0.038266
624,0.006538
622,0.010572
1169,0.042296
450,0.152054
402,0.037282
871,0.067310
817,0.034851
626,0.051716
1041,0.030450
857,0.027302
1211,0.036235
969,0.005183
36,0.025286
887,0.390086
414,0.093627
520,0.032875
1369,0.056302
403,0.024103
195,0.186966
29,0.026705
489,0.039950
1120,0.093385
801,0.230707
1008,0.032969
378,0.019242
553,0.169969
560,0.080547
699,0.155586
1271,0.099378
138,0.122475
796,0.203421
661,0.044987
552,0.030870
1014,0.173444
774,0.030064
1070,0.210640
644,0.177420
180,0.043226
773,0.156068
154,0.070494
98,0.040214
993,0.025196
390,0.121706
562,0.070989
879,0.224613
119,0.048313
284,0.035232
1343,0.317741
194,0.040858
630,0.016235
425,0.023532
334,0.491107
24,0.022376
232,0.015781
249,0.517755
910,0.032139
44,0.120386
730,0.180988
1326,0.156906
94,0.112278
1307,0.517170
316,0.069745
1167,0.098327
479,0.018501
1461,0.243873
1377,0.055832
1176,0.058020
807,0.035067
219,0.110358
976,0.128838
964,0.119800
447,0.026152
1095,0.178553
855,0.022374
534,0.161552
961,0.300621
1046,0.164314
371,0.104478
746,0.104376
368,0.066581
1164,0.007824
1123,0.056137
475,0.087703
417,0.051031
557,0.051118
564,0.018798
989,0.135219
1064,0.101591
800,0.088418
1022,0.160186
709,0.114082
645,0.008644
812,0.026331
1142,0.009721
511,0.072515
629,0.647572
824,0.036987
895,0.202762
1406,0.260860
888,0.257378
619,0.020220
1261,0.022046
1414,0.088313
547,0.018298
56,0.079831
858,0.007022
22,0.024778
743,0.041774
892,0.460394
963,0.011141
279,0.063536
1485,0.043784
354,0.123741
490,0.044562
1342,0.014563
1174,0.081459
929,0.041412
1453,0.034502
1371,0.117351
1073,0.302028
301,0.042242
1020,0.514277
14,0.148273
1010,0.067997
533,0.030076
1260,0.187219
79,0.021529
1376,0.016846
1481,0.040857
474,0.050420
69,0.024008
1031,0.022457
957,0.430811
1202,0.602280
978,0.159650
1354,0.227497
1476,0.210529
266,0.055792
307,0.221953
151,0.056552
1071,0.093520
380,0.007556
567,0.084131
452,0.106181
1148,0.023873
85,0.068688
678,0.045078
1025,0.187136
11,0.257043
1185,0.061237
1023,0.324317
681,0.280801
1255,0.097018
705,0.099881
1065,0.126546
460,0.270975
133,0.025662
620,0.027787
126,0.095338
497,0.138832
716,0.021920
531,0.029036
1294,0.436954
1423,0.146971
671,0.133954
223,0.045831
846,0.454127
1325,0.020680
321,0.008548
1455,0.035794
1486,0.040616
1299,0.061303
401,0.018616
293,0.057194
951,0.030025
558,0.055620
710,0.127712
303,0.067234
794,0.307448
1374,0.443369
95,0.068442
1231,0.008433
1048,0.037350
524,0.015868
821,0.052610
272,0.117488
1177,0.083531
1445,0.011232
1444,0.037856
691,0.020282
167,0.050801
52,0.024416
463,0.536756
1296,0.026705
840,0.247523
396,0.396281
576,0.057407
337,0.142073
808,0.248274
1039,0.105026
837,0.036918
135,0.307700
1024,0.102359
725,0.077628
590,0.342201
1428,0.012252
1137,0.053781
943,0.057588
530,0.100462
1426,0.115026
1055,0.013237
952,0.391842
965,0.060926
1103,0.245680
1037,0.056347
1136,0.075188
10,0.069629
917,0.111186
1005,0.243102
761,0.063390
1378,0.022153
1078,0.028327
1391,0.060224
633,0.289261
570,0.473664
926,0.025121
1482,0.019712
492,0.019672
431,0.028749
1079,0.034940
838,0.121161
559,0.329281
742,0.014771
1182,0.102596
1011,0.053701
423,0.017792
235,0.152308
806,0.168899
768,0.100210
1125,0.014674
1270,0.029643
1083,0.027282
701,0.202176
886,0.054508
1441,0.089244
407,0.012069
1413,0.255499
948,0.077011
686,0.183081
1200,0.017473
495,0.068280
1144,0.175522
16,0.025825
25,0.112987
936,0.120230
244,0.059908
1077,0.079906
1432,0.080653
923,0.266541
1284,0.027095
853,0.010421
13,0.120461
1062,0.117103
1490,0.050194
343,0.104619
1228,0.226579
100,0.022789
954,0.030513
1166,0.016941
1467,0.164670
585,0.042109
1018,0.044663
17,0.107288
944,0.103720
57,0.028797
581,0.038021
1387,0.033665
907,0.047046
1096,0.061053
525,0.073941
867,0.063708
722,0.008942
1353,0.396753
19,0.185875
1111,0.071065
579,0.072408
1452,0.048063
842,0.036986
90,0.100977
1285,0.010269
776,0.030954
784,0.153283
214,0.069633
208,0.118877
829,0.095401
1146,0.020151
498,0.063739
440,0.013124
835,0.036602
1494,0.058283
876,0.102151
998,0.012754
1101,0.105873
124,0.058778
1145,0.062085
514,0.022372
770,0.488713
804,0.011457
228,0.027768
664,0.018684
655,0.021759
535,0.064365
1155,0.012118
1057,0.054887
1269,0.053252
458,0.029669
247,0.048863
889,0.135573
428,0.048296
1156,0.004136
843,0.041664
202,0.328695
818,0.067745
1410,0.084618
105,0.065883
438,0.019819
361,0.134241
304,0.019381
601,0.041540
1191,0.105385
1340,0.212834
995,0.020120
614,0.190626
1109,0.266633
1314,0.005038
566,0.051022
1197,0.263022
1118,0.174562
1201,0.014893
394,0.104121
1442,0.097561
706,0.052491
298,0.027648
1250,0.146494
1394,0.062979
292,0.413348
863,0.077372
953,0.140027
637,0.088718
712,0.020963
128,0.133111
1056,0.285692
300,0.145456
291,0.098153
1329,0.091692
753,0.081698
459,0.047919
1429,0.004201
994,0.019466
1335,0.198042
340,0.124052
129,0.028640
61,0.381608
505,0.030225
1208,0.109183
1474,0.041393
1488,0.041655
793,0.093457
1390,0.034056
1157,0.246935
1351,0.026681
0,0.036476
317,0.081585
649,0.262433
1267,0.217595
384,0.601678
273,0.545270
455,0.046004
248,0.034737
882,0.083902
1245,0.105918
1288,0.093586
1217,0.077481
1052,0.018525
1147,0.042314
1140,0.037932
901,0.042755
424,0.094737
46,0.023691
915,0.012354
212,0.070429
997,0.111462
1243,0.030541
1480,0.020944
1451,0.035041
975,0.010158
39,0.009824
955,0.224802
1033,0.210067
78,0.019485
690,0.104625
150,0.081130
1313,0.110137
59,0.011604
815,0.045647
820,0.106646
527,0.021144
546,0.108830
868,0.046807
765,0.010839
1397,0.026224
269,0.063125
711,0.020179
