run_id,started_at,worker
r00001,2026-06-27T15:19:36Z,w01
r00002,2026-06-22T02:28:09Z,w01
r00003,2026-07-08T07:25:15Z,w01
r00004,2026-06-25T08:25:31Z,w10
r00005,2026-06-21T15:51:17Z,w01
r00006,2026-06-23T11:51:01Z,w01
r00007,2026-06-23T20:45:53Z,w01
r00008,2026-07-02T08:25:05Z,w01
r00009,2026-07-03T00:58:53Z,w01
r00010,2026-06-25T07:30:20Z,w01
r00011,2026-06-22T19:23:08Z,w01
r00012,2026-07-08T22:45:05Z,w01
r00013,2026-06-25T22:55:48Z,w01
r00014,2026-07-01T04:06:41Z,w03
r00015,2026-07-04T19:20:35Z,w01
r00016,2026-06-25T02:00:25Z,w06
r00017,2026-07-03T08:01:04Z,w09
r00018,2026-06-27T15:12:07Z,w01
r00019,2026-07-02T11:38:41Z,w01
r00020,2026-06-22T17:05:18Z,w01
r00021,2026-06-28T16:32:11Z,w03
r00022,2026-07-08T10:48:19Z,w01
r00023,2026-06-28T11:09:41Z,w01
r00024,2026-06-27T12:53:53Z,w01
r00025,2026-06-25T05:02:23Z,w01
r00026,2026-06-21T13:58:30Z,w10
r00027,2026-07-08T16:10:49Z,w10
r00028,2026-07-07T00:26:46Z,w01
r00029,2026-07-07T05:22:10Z,w01
r00030,2026-06-23T21:14:33Z,w01
r00032,2026-06-22T12:26:57Z,w01
r00033,2026-07-01T10:11:52Z,w01
r00034,2026-06-22T03:51:41Z,w01
r00036,2026-06-28T10:28:09Z,w01
r00037,2026-06-24T01:05:55Z,w01
r00038,2026-07-02T01:07:30Z,w01
r00039,2026-07-01T04:51:01Z,w01
r00040,2026-06-25T17:53:37Z,w01
r00041,2026-07-07T05:05:53Z,w01
r00042,2026-06-23T02:10:05Z,w01
r00043,2026-06-23T07:07:48Z,w01
r00044,2026-06-21T01:20:18Z,w01
r00045,2026-07-04T11:25:31Z,w01
r00046,2026-06-30T07:07:28Z,w01
r00047,2026-06-25T23:48:54Z,w01
r00048,2026-06-30T03:30:28Z,w01
r00049,2026-07-05T03:05:47Z,w06
r00050,2026-07-06T06:56:19Z,w01
r00051,2026-06-30T13:01:42Z,w01
r00052,2026-07-08T18:25:34Z,w10
r00053,2026-06-27T12:44:09Z,w09
r00054,2026-06-24T17:49:07Z,w01
r00055,2026-07-07T01:02:30Z,w01
r00056,2026-07-02T08:39:19Z,w01
r00057,2026-07-07T11:26:31Z,w01
r00058,2026-07-03T10:48:58Z,w01
r00059,2026-07-06T09:03:08Z,w01
r00060,2026-07-05T15:22:20Z,w01
r00061,2026-06-22T13:20:30Z,w01
r00062,2026-07-02T16:52:22Z,w01
r00063,2026-07-02T04:47:11Z,w02
r00064,2026-06-28T20:35:42Z,w01
r00065,2026-06-25T00:13:41Z,w01
r00066,2026-06-22T13:25:27Z,w01
r00067,2026-07-02T00:19:07Z,w01
r00068,2026-06-24T19:08:54Z,w01
r00069,2026-06-22T09:45:35Z,w01
r00070,2026-06-21T10:14:43Z,w01
r00071,2026-06-29T23:10:55Z,w01
r00072,2026-06-23T23:17:49Z,w01
r00073,2026-06-22T05:24:55Z,w07
r00074,2026-06-30T14:45:00Z,w07
r00076,2026-07-07T07:30:06Z,w07
r00077,2026-07-08T17:04:50Z,w07
r00078,2026-06-21T19:37:30Z,w07
r00080,2026-06-24T20:00:45Z,w07
r00081,2026-07-07T17:52:44Z,w07
r00082,2026-06-28T11:37:30Z,w07
r00083,2026-06-21T21:02:54Z,w07
r00084,2026-06-30T20:40:15Z,w03
r00085,2026-07-05T22:15:25Z,w07
r00086,2026-06-26T10:02:40Z,w07
r00087,2026-07-04T10:35:22Z,w07
r00088,2026-06-29T16:39:48Z,w07
r00089,2026-06-22T08:21:49Z,w07
r00090,2026-07-04T05:14:45Z,w07
r00091,2026-06-28T00:20:25Z,w07
r00092,2026-07-06T10:17:50Z,w07
r00093,2026-06-30T13:45:05Z,w01
r00094,2026-06-27T06:15:15Z,w07
r00095,2026-06-21T11:20:57Z,w07
r00096,2026-06-23T15:39:58Z,w07
r00097,2026-07-03T11:43:09Z,w07
r00098,2026-06-26T17:47:20Z,w02
r00099,2026-06-23T04:21:05Z,w07
r00100,2026-07-08T19:27:18Z,w07
r00101,2026-06-27T07:23:52Z,w07
r00102,2026-07-03T07:46:22Z,w07
r00103,2026-07-04T03:20:57Z,w07
r00104,2026-07-05T05:31:35Z,w10
r00105,2026-06-24T19:50:32Z,w07
r00107,2026-06-21T04:38:09Z,w07
r00108,2026-07-02T23:36:16Z,w07
r00109,2026-07-02T16:51:20Z,w09
r00110,2026-07-02T08:21:20Z,w09
r00112,2026-06-30T01:36:12Z,w09
r00113,2026-07-05T01:12:56Z,w09
r00114,2026-06-23T20:24:05Z,w09
r00115,2026-07-04T00:59:18Z,w09
r00116,2026-07-08T18:47:56Z,w09
r00117,2026-06-25T17:47:58Z,w09
r00118,2026-07-06T04:09:39Z,w09
r00119,2026-07-01T23:40:42Z,w09
r00120,2026-07-02T12:22:23Z,w09
r00121,2026-07-03T08:16:35Z,w09
r00122,2026-06-23T06:40:30Z,w09
r00123,2026-07-01T18:33:09Z,w09
r00124,2026-07-06T08:20:53Z,w09
r00125,2026-07-06T21:15:07Z,w09
r00126,2026-06-21T13:19:43Z,w09
r00127,2026-07-08T19:13:00Z,w09
r00128,2026-06-25T16:15:39Z,w09
r00129,2026-06-27T04:39:45Z,w10
r00130,2026-06-27T17:19:27Z,w09
r00131,2026-07-05T21:02:08Z,w04
r00132,2026-07-03T14:54:12Z,w08
r00133,2026-06-24T10:26:42Z,w09
r00134,2026-06-27T13:45:05Z,w09
r00135,2026-07-04T08:27:17Z,w09
r00136,2026-07-01T04:03:25Z,w09
r00137,2026-07-06T16:57:06Z,w09
r00138,2026-06-28T09:20:00Z,w09
r00139,2026-06-27T00:27:56Z,w09
r00140,2026-07-01T07:39:39Z,w02
r00141,2026-06-28T07:30:35Z,w09
r00142,2026-06-26T00:11:24Z,w09
r00143,2026-07-02T08:52:53Z,w09
r00144,2026-06-27T17:54:22Z,w05
r00145,2026-07-03T07:23:35Z,w01
r00146,2026-07-07T05:50:51Z,w01
r00147,2026-06-22T19:16:37Z,w01
r00148,2026-07-05T19:26:52Z,w01
r00149,2026-07-05T05:53:30Z,w01
r00150,2026-06-21T23:27:19Z,w06
r00151,2026-07-06T17:08:10Z,w01
r00152,2026-06-30T10:11:46Z,w01
r00153,2026-07-06T19:01:00Z,w10
r00154,2026-07-08T12:39:28Z,w01
r00155,2026-07-02T06:11:55Z,w01
r00157,2026-06-28T19:42:56Z,w01
r00158,2026-07-03T01:32:26Z,w01
r00159,2026-07-08T11:55:43Z,w01
r00160,2026-07-04T05:20:38Z,w01
r00161,2026-06-25T15:10:41Z,w01
r00162,2026-07-04T06:44:08Z,w01
r00163,2026-06-27T07:06:03Z,w01
r00164,2026-06-30T03:07:56Z,w01
r00165,2026-06-23T16:59:32Z,w01
r00166,2026-06-21T21:33:35Z,w01
r00167,2026-07-05T01:15:18Z,w01
r00168,2026-06-30T20:57:47Z,w10
r00169,2026-06-30T04:58:27Z,w01
r00170,2026-06-26T18:03:37Z,w01
r00172,2026-07-03T11:50:14Z,w06
r00173,2026-06-21T09:21:40Z,w01
r00174,2026-07-05T15:39:58Z,w01
r00175,2026-07-03T20:45:22Z,w01
r00176,2026-06-26T03:10:35Z,w06
r00177,2026-06-27T02:58:32Z,w01
r00178,2026-07-04T09:19:46Z,w01
r00179,2026-07-04T00:15:21Z,w01
r00180,2026-06-29T08:46:43Z,w01
r00181,2026-06-28T01:17:01Z,w07
r00182,2026-07-01T19:31:46Z,w01
r00183,2026-07-06T06:28:06Z,w07
r00184,2026-06-27T01:36:48Z,w07
r00186,2026-07-01T04:25:35Z,w07
r00187,2026-07-03T19:01:16Z,w07
r00188,2026-06-29T20:57:56Z,w07
r00190,2026-06-28T10:34:14Z,w07
r00191,2026-07-03T04:16:32Z,w07
r00192,2026-07-01T10:11:04Z,w05
r00193,2026-06-28T16:54:22Z,w07
r00194,2026-07-05T21:30:35Z,w07
r00195,2026-06-26T14:00:59Z,w05
r00196,2026-07-07T03:06:14Z,w07
r00197,2026-06-24T03:08:46Z,w07
r00198,2026-06-28T19:47:25Z,w07
r00199,2026-06-27T05:17:09Z,w07
r00200,2026-06-22T05:46:16Z,w07
r00201,2026-06-27T15:10:30Z,w07
r00202,2026-07-09T00:07:46Z,w07
r00203,2026-06-23T08:54:17Z,w07
r00204,2026-06-23T16:49:32Z,w07
r00205,2026-07-01T04:19:23Z,w07
r00206,2026-07-04T14:39:47Z,w07
r00207,2026-06-30T15:22:43Z,w07
r00208,2026-06-24T17:50:09Z,w07
r00209,2026-06-22T11:35:50Z,w07
r00210,2026-06-23T10:53:29Z,w07
r00211,2026-07-04T18:11:38Z,w09
r00212,2026-07-02T15:37:53Z,w07
r00213,2026-06-23T21:24:02Z,w07
r00214,2026-06-24T21:37:18Z,w07
r00215,2026-06-27T20:34:18Z,w07
r00216,2026-07-06T22:39:58Z,w07
r00217,2026-06-30T19:09:44Z,w08
r00218,2026-06-29T07:19:39Z,w08
r00219,2026-06-22T01:12:00Z,w08
r00220,2026-06-28T05:17:25Z,w08
r00221,2026-06-28T13:26:45Z,w08
r00222,2026-07-03T20:24:14Z,w08
r00223,2026-07-04T04:40:00Z,w08
r00224,2026-07-07T07:13:56Z,w08
r00225,2026-06-22T14:34:33Z,w08
r00226,2026-06-30T13:29:53Z,w09
r00227,2026-06-24T21:45:32Z,w08
r00228,2026-06-30T17:35:20Z,w08
r00229,2026-07-03T01:38:56Z,w08
r00230,2026-07-02T14:17:09Z,w08
r00231,2026-07-07T01:40:10Z,w08
r00232,2026-06-23T22:51:09Z,w08
r00233,2026-06-26T04:40:55Z,w08
r00234,2026-06-23T05:42:42Z,w08
r00235,2026-07-07T19:02:57Z,w04
r00236,2026-07-08T09:16:16Z,w04
r00237,2026-06-23T07:04:44Z,w08
r00238,2026-07-06T16:48:00Z,w08
r00239,2026-07-04T18:24:52Z,w08
r00240,2026-07-05T04:01:43Z,w08
r00242,2026-07-08T05:27:38Z,w08
r00243,2026-06-24T18:39:22Z,w08
r00244,2026-07-08T22:40:46Z,w06
r00245,2026-07-04T19:37:30Z,w08
r00246,2026-07-03T12:09:12Z,w08
r00247,2026-06-23T15:57:47Z,w08
r00248,2026-07-02T21:14:12Z,w08
r00249,2026-07-02T03:00:13Z,w08
r00250,2026-07-05T15:28:32Z,w08
r00251,2026-06-29T00:34:37Z,w05
r00252,2026-07-04T22:54:42Z,w06
r00253,2026-07-08T01:03:47Z,w02
r00254,2026-07-01T12:19:23Z,w02
r00255,2026-07-08T17:19:52Z,w08
r00256,2026-07-05T21:46:13Z,w02
r00257,2026-06-25T11:57:31Z,w02
r00258,2026-06-28T20:53:42Z,w02
r00259,2026-06-21T23:56:29Z,w02
r00260,2026-07-01T18:05:41Z,w02
r00261,2026-07-08T20:22:17Z,w02
r00262,2026-06-23T21:50:56Z,w02
r00263,2026-06-30T18:04:31Z,w02
r00264,2026-06-25T19:55:13Z,w02
r00265,2026-07-04T19:03:51Z,w02
r00266,2026-06-27T20:26:35Z,w02
r00267,2026-07-04T19:01:26Z,w02
r00268,2026-06-26T01:41:43Z,w02
r00269,2026-06-21T21:20:32Z,w02
r00270,2026-06-29T10:06:21Z,w02
r00271,2026-06-26T17:18:12Z,w02
r00272,2026-06-25T15:24:38Z,w02
r00273,2026-07-06T14:26:43Z,w02
r00274,2026-06-23T21:13:26Z,w02
r00275,2026-06-30T01:38:56Z,w02
r00276,2026-06-27T12:59:15Z,w02
r00277,2026-07-03T01:46:04Z,w02
r00278,2026-07-04T13:45:00Z,w02
r00279,2026-06-22T06:00:57Z,w02
r00280,2026-06-25T09:35:52Z,w02
r00281,2026-06-23T10:38:31Z,w02
r00282,2026-06-30T06:48:36Z,w02
r00283,2026-07-02T16:00:56Z,w02
r00284,2026-06-23T08:03:42Z,w02
r00286,2026-07-07T03:38:35Z,w02
r00287,2026-06-23T15:24:06Z,w02
r00288,2026-07-04T02:35:20Z,w02
r00289,2026-06-21T00:15:07Z,w07
r00290,2026-07-07T21:41:41Z,w07
r00291,2026-06-27T03:45:55Z,w06
r00292,2026-07-01T01:52:44Z,w07
r00293,2026-06-23T00:15:38Z,w07
r00294,2026-07-08T04:03:11Z,w07
r00295,2026-06-25T22:54:21Z,w06
r00297,2026-06-26T00:44:31Z,w07
r00298,2026-06-26T14:42:27Z,w07
r00299,2026-07-01T16:06:43Z,w07
r00300,2026-06-21T02:41:52Z,w07
r00301,2026-07-03T13:26:25Z,w07
r00302,2026-07-07T02:36:51Z,w07
r00304,2026-07-07T17:53:34Z,w07
r00305,2026-07-07T13:53:50Z,w07
r00306,2026-07-06T07:18:00Z,w07
r00307,2026-06-25T09:22:38Z,w07
r00308,2026-07-05T17:24:27Z,w05
r00309,2026-06-24T17:02:15Z,w07
r00310,2026-06-21T00:27:04Z,w07
r00311,2026-06-21T06:00:55Z,w03
r00312,2026-06-23T16:59:40Z,w07
r00313,2026-07-02T03:18:15Z,w06
r00314,2026-07-08T08:16:14Z,w07
r00315,2026-06-26T07:17:31Z,w04
r00316,2026-07-02T15:09:48Z,w07
r00317,2026-06-24T14:15:00Z,w07
r00318,2026-06-28T10:42:22Z,w07
r00319,2026-06-28T07:42:37Z,w07
r00320,2026-06-23T04:28:45Z,w01
r00321,2026-07-04T11:04:47Z,w07
r00322,2026-07-05T00:10:34Z,w09
r00323,2026-07-08T12:55:44Z,w07
r00324,2026-07-03T19:04:14Z,w07
r00325,2026-07-01T06:29:41Z,w05
r00326,2026-06-28T20:48:36Z,w05
r00327,2026-06-27T03:21:54Z,w05
r00328,2026-07-03T11:41:30Z,w05
r00329,2026-06-23T22:40:25Z,w05
r00330,2026-07-04T03:41:28Z,w05
r00331,2026-06-21T01:45:39Z,w05
r00332,2026-06-25T03:39:13Z,w05
r00333,2026-07-06T02:32:53Z,w05
r00334,2026-06-28T08:06:08Z,w05
r00335,2026-07-04T14:35:15Z,w05
r00336,2026-06-22T13:17:02Z,w05
r00337,2026-07-04T00:58:14Z,w05
r00338,2026-07-02T02:15:32Z,w05
r00339,2026-07-02T11:00:50Z,w05
r00340,2026-07-02T19:24:38Z,w05
r00341,2026-06-27T18:51:24Z,w05
r00342,2026-07-07T15:42:05Z,w05
r00343,2026-06-24T08:13:03Z,w05
r00344,2026-07-04T01:01:51Z,w05
r00345,2026-07-02T20:45:50Z,w05
r00346,2026-07-07T09:17:32Z,w05
r00347,2026-06-26T16:09:00Z,w05
r00348,2026-06-24T03:07:48Z,w05
r00349,2026-06-25T00:16:53Z,w10
r00350,2026-07-08T23:28:03Z,w05
r00351,2026-07-04T07:36:58Z,w05
r00352,2026-06-28T12:30:21Z,w09
r00353,2026-06-29T00:14:00Z,w05
r00354,2026-06-28T06:16:41Z,w05
r00355,2026-06-24T06:33:01Z,w05
r00356,2026-06-22T12:28:41Z,w05
r00357,2026-07-04T00:37:43Z,w05
r00358,2026-06-28T10:48:56Z,w05
r00359,2026-07-01T16:43:39Z,w05
r00360,2026-07-03T12:37:19Z,w05
r00361,2026-07-07T09:16:52Z,w02
r00363,2026-07-07T05:07:29Z,w04
r00364,2026-07-06T00:03:54Z,w05
r00365,2026-06-23T17:17:55Z,w02
r00366,2026-06-29T21:30:55Z,w02
r00367,2026-06-27T17:31:03Z,w02
r00368,2026-06-25T18:12:40Z,w02
r00369,2026-07-06T03:57:45Z,w02
r00370,2026-06-27T14:45:12Z,w02
r00371,2026-06-22T00:13:34Z,w07
r00372,2026-07-02T16:00:46Z,w02
r00373,2026-07-06T02:57:25Z,w04
r00374,2026-07-08T17:29:35Z,w02
r00375,2026-07-01T19:08:10Z,w02
r00376,2026-06-22T23:40:39Z,w02
r00377,2026-07-01T01:47:27Z,w02
r00378,2026-07-08T00:01:39Z,w02
r00379,2026-07-03T22:54:16Z,w02
r00380,2026-07-06T17:19:20Z,w02
r00381,2026-06-26T11:01:14Z,w05
r00382,2026-07-02T07:22:20Z,w02
r00383,2026-06-28T06:27:53Z,w02
r00384,2026-06-28T00:21:09Z,w08
r00385,2026-06-24T14:27:00Z,w04
r00386,2026-07-04T16:44:50Z,w02
r00387,2026-06-28T20:04:39Z,w02
r00388,2026-07-04T05:45:07Z,w02
r00389,2026-07-07T10:56:17Z,w02
r00390,2026-06-26T05:15:21Z,w02
r00391,2026-06-21T06:53:22Z,w02
r00392,2026-06-26T04:12:34Z,w02
r00393,2026-07-01T06:54:09Z,w02
r00394,2026-07-03T14:00:29Z,w02
r00395,2026-06-26T16:32:59Z,w02
r00396,2026-07-02T10:17:13Z,w02
r00397,2026-07-04T07:42:44Z,w08
r00398,2026-06-27T00:19:29Z,w08
r00399,2026-06-23T15:34:18Z,w08
r00400,2026-07-07T13:19:11Z,w08
r00401,2026-06-24T06:37:44Z,w08
r00402,2026-07-04T22:59:16Z,w01
r00403,2026-06-22T04:35:51Z,w08
r00404,2026-07-05T10:09:33Z,w08
r00405,2026-06-26T19:06:33Z,w01
r00406,2026-07-04T15:44:05Z,w08
r00407,2026-07-02T09:38:51Z,w08
r00408,2026-07-08T21:38:03Z,w08
r00409,2026-06-30T10:51:02Z,w08
r00410,2026-06-28T22:40:38Z,w08
r00411,2026-06-27T03:35:27Z,w08
r00412,2026-07-05T02:48:22Z,w08
r00413,2026-07-06T19:50:10Z,w08
r00414,2026-07-02T21:15:51Z,w08
r00415,2026-06-25T02:17:47Z,w08
r00417,2026-06-26T02:08:39Z,w08
r00418,2026-06-21T02:28:43Z,w08
r00419,2026-07-03T17:05:51Z,w08
r00420,2026-06-22T11:32:32Z,w08
r00421,2026-06-30T17:23:09Z,w05
r00422,2026-06-24T17:47:06Z,w08
r00423,2026-06-28T10:07:01Z,w08
r00424,2026-06-29T07:23:38Z,w02
r00425,2026-07-01T19:11:44Z,w08
r00426,2026-06-22T20:11:41Z,w08
r00427,2026-07-03T22:59:46Z,w08
r00428,2026-06-23T03:16:46Z,w08
r00429,2026-07-02T09:37:45Z,w08
r00430,2026-06-24T09:22:41Z,w08
r00431,2026-06-29T11:24:21Z,w08
r00432,2026-07-08T21:30:34Z,w08
r00433,2026-07-03T00:30:33Z,w06
r00434,2026-06-21T21:04:24Z,w07
r00435,2026-06-30T13:32:44Z,w09
r00436,2026-07-01T13:44:15Z,w03
r00437,2026-06-21T21:38:53Z,w10
r00438,2026-06-26T03:53:31Z,w07
r00439,2026-06-27T09:24:59Z,w07
r00440,2026-06-22T17:00:46Z,w07
r00441,2026-07-01T17:52:43Z,w01
r00442,2026-07-08T04:18:48Z,w07
r00443,2026-07-02T21:05:49Z,w07
r00444,2026-07-08T04:44:57Z,w07
r00445,2026-06-25T00:45:59Z,w07
r00446,2026-07-03T17:15:23Z,w07
r00447,2026-07-06T03:40:54Z,w07
r00448,2026-06-26T14:20:51Z,w07
r00449,2026-06-23T03:08:25Z,w07
r00450,2026-07-07T07:13:40Z,w07
r00451,2026-07-07T02:42:00Z,w07
r00452,2026-07-08T07:59:05Z,w01
r00453,2026-06-28T07:57:29Z,w07
r00454,2026-07-02T06:37:39Z,w07
r00456,2026-06-29T08:03:03Z,w07
r00457,2026-07-03T00:56:59Z,w07
r00458,2026-07-03T19:16:44Z,w07
r00459,2026-06-25T20:23:36Z,w06
r00461,2026-07-08T19:56:53Z,w07
r00462,2026-07-02T19:47:22Z,w07
r00463,2026-06-26T17:48:56Z,w07
r00464,2026-07-05T19:31:13Z,w03
r00465,2026-07-08T18:15:34Z,w07
r00466,2026-07-04T00:05:31Z,w07
r00467,2026-06-26T05:08:03Z,w07
r00468,2026-07-03T19:34:55Z,w07
r00469,2026-07-08T18:10:19Z,w03
r00471,2026-06-30T03:04:46Z,w03
r00472,2026-07-08T20:06:23Z,w02
r00473,2026-07-04T08:38:53Z,w03
r00474,2026-06-21T21:20:41Z,w03
r00475,2026-06-21T05:49:35Z,w03
r00477,2026-06-26T15:21:36Z,w03
r00478,2026-06-25T16:31:00Z,w03
r00479,2026-06-28T11:16:33Z,w03
r00480,2026-06-21T04:40:54Z,w03
r00481,2026-06-28T08:39:11Z,w03
r00482,2026-07-08T08:15:03Z,w03
r00483,2026-06-22T13:23:58Z,w03
r00484,2026-07-03T16:30:10Z,w03
r00485,2026-06-21T22:31:11Z,w06
r00486,2026-06-25T22:59:45Z,w03
r00487,2026-07-06T15:13:31Z,w03
r00488,2026-07-07T21:08:58Z,w03
r00489,2026-07-05T05:37:38Z,w03
r00490,2026-07-02T12:53:48Z,w03
r00491,2026-06-26T10:44:02Z,w03
r00492,2026-06-29T06:07:53Z,w03
r00493,2026-07-08T07:58:02Z,w03
r00494,2026-07-01T05:11:40Z,w03
r00495,2026-07-08T13:18:21Z,w03
r00496,2026-07-01T20:01:24Z,w03
r00497,2026-07-05T19:19:45Z,w03
r00498,2026-07-07T21:17:44Z,w03
r00500,2026-06-25T05:13:49Z,w03
r00501,2026-07-04T19:41:31Z,w03
r00503,2026-06-24T12:50:02Z,w03
r00504,2026-07-04T21:11:08Z,w03
r00505,2026-06-24T00:40:40Z,w10
r00506,2026-06-29T15:44:35Z,w03
r00507,2026-07-04T01:29:25Z,w03
r00508,2026-07-02T21:44:08Z,w01
r00509,2026-07-04T02:12:49Z,w01
r00510,2026-06-24T19:48:11Z,w03
r00511,2026-07-03T08:24:04Z,w03
r00512,2026-07-02T13:35:58Z,w03
r00513,2026-07-08T16:44:16Z,w03
r00514,2026-06-25T16:40:48Z,w05
r00515,2026-06-22T23:27:13Z,w03
r00516,2026-07-03T23:01:05Z,w03
r00517,2026-06-23T08:34:55Z,w03
r00518,2026-07-08T19:09:58Z,w05
r00519,2026-07-02T05:42:38Z,w03
r00520,2026-06-26T05:47:58Z,w03
r00522,2026-07-07T08:35:28Z,w03
r00523,2026-07-03T14:12:54Z,w03
r00524,2026-07-08T15:40:37Z,w03
r00525,2026-06-25T12:51:17Z,w03
r00526,2026-06-21T22:25:20Z,w03
r00527,2026-07-01T23:36:57Z,w03
r00528,2026-06-23T18:50:49Z,w03
r00529,2026-06-26T06:36:36Z,w03
r00531,2026-07-06T01:47:22Z,w03
r00532,2026-07-03T03:17:16Z,w03
r00533,2026-07-05T02:31:06Z,w03
r00534,2026-06-23T08:14:51Z,w03
r00535,2026-07-06T06:03:10Z,w03
r00536,2026-07-04T19:04:01Z,w03
r00537,2026-06-23T10:42:48Z,w03
r00538,2026-06-30T21:37:01Z,w03
r00539,2026-07-08T00:52:22Z,w03
r00540,2026-07-02T08:56:25Z,w03
r00541,2026-06-25T05:03:06Z,w02
r00542,2026-07-08T07:33:29Z,w02
r00543,2026-06-22T20:21:38Z,w02
r00544,2026-06-22T03:17:33Z,w02
r00545,2026-06-30T03:50:00Z,w02
r00546,2026-07-08T23:04:19Z,w02
r00547,2026-06-27T20:15:37Z,w02
r00548,2026-07-05T15:55:47Z,w02
r00549,2026-06-24T13:23:05Z,w02
r00550,2026-07-07T08:52:53Z,w02
r00551,2026-06-25T18:49:07Z,w02
r00552,2026-07-06T13:42:12Z,w02
r00553,2026-06-21T07:14:10Z,w02
r00554,2026-06-21T00:47:32Z,w02
r00555,2026-06-24T12:53:11Z,w02
r00556,2026-07-01T02:53:02Z,w02
r00557,2026-06-22T08:36:11Z,w02
r00558,2026-06-22T07:32:23Z,w02
r00559,2026-07-06T06:52:55Z,w02
r00560,2026-06-22T22:08:56Z,w02
r00561,2026-07-04T12:50:53Z,w02
r00562,2026-06-24T04:33:30Z,w05
r00563,2026-06-28T14:11:58Z,w07
r00564,2026-07-06T21:17:57Z,w02
r00565,2026-07-02T00:55:28Z,w04
r00566,2026-06-25T01:44:21Z,w02
r00567,2026-06-26T02:46:39Z,w04
r00569,2026-07-08T04:33:20Z,w02
r00570,2026-07-06T01:56:56Z,w03
r00571,2026-06-23T01:13:29Z,w02
r00572,2026-06-27T07:22:55Z,w02
r00573,2026-06-27T14:53:54Z,w02
r00574,2026-07-07T02:56:07Z,w02
r00575,2026-07-02T00:26:56Z,w02
r00576,2026-06-28T00:43:27Z,w02
r00577,2026-06-29T07:01:13Z,w03
r00578,2026-06-27T10:10:33Z,w03
r00579,2026-07-01T12:55:27Z,w03
r00581,2026-06-28T22:52:15Z,w03
r00582,2026-07-02T07:57:50Z,w03
r00583,2026-06-29T13:38:59Z,w03
r00584,2026-06-29T03:39:51Z,w05
r00585,2026-06-27T22:38:34Z,w03
r00586,2026-06-29T08:19:15Z,w03
r00588,2026-07-02T02:26:45Z,w03
r00589,2026-07-02T12:54:14Z,w03
r00590,2026-07-03T01:10:26Z,w03
r00591,2026-06-28T01:17:03Z,w03
r00592,2026-06-30T22:11:54Z,w03
r00593,2026-06-30T20:16:45Z,w03
r00594,2026-07-01T17:54:01Z,w03
r00595,2026-07-01T07:41:04Z,w03
r00596,2026-07-02T21:51:19Z,w03
r00597,2026-06-30T05:19:17Z,w03
r00598,2026-07-01T17:08:07Z,w03
r00599,2026-06-30T04:26:49Z,w03
r00600,2026-06-28T04:16:45Z,w03
r00601,2026-06-29T18:22:41Z,w03
r00602,2026-06-28T18:23:50Z,w03
r00603,2026-06-28T21:09:36Z,w03
r00604,2026-07-03T03:12:01Z,w03
r00605,2026-06-27T18:05:15Z,w03
r00606,2026-06-28T18:56:50Z,w03
r00607,2026-06-28T07:16:05Z,w03
r00608,2026-07-03T00:46:40Z,w03
r00609,2026-06-30T20:40:53Z,w03
r00610,2026-06-27T06:07:10Z,w03
r00611,2026-07-01T04:26:54Z,w03
r00612,2026-07-01T17:50:57Z,w03
r00613,2026-06-27T13:45:13Z,w06
r00614,2026-07-08T02:06:20Z,w06
r00615,2026-06-26T21:16:26Z,w04
r00616,2026-07-03T20:05:39Z,w06
r00617,2026-07-03T04:38:39Z,w09
r00618,2026-07-08T11:16:16Z,w06
r00619,2026-07-07T12:06:30Z,w06
r00620,2026-07-02T16:12:51Z,w07
r00621,2026-06-24T05:45:34Z,w06
r00622,2026-07-02T23:40:26Z,w06
r00623,2026-06-29T10:25:38Z,w10
r00624,2026-07-04T04:18:58Z,w06
r00625,2026-07-06T11:27:47Z,w07
r00626,2026-07-01T03:23:21Z,w09
r00627,2026-07-08T00:53:42Z,w06
r00628,2026-07-05T03:26:59Z,w06
r00629,2026-07-05T06:40:19Z,w06
r00630,2026-06-22T10:54:50Z,w06
r00631,2026-06-30T23:38:16Z,w06
r00632,2026-07-06T17:39:35Z,w06
r00633,2026-06-29T13:55:27Z,w10
r00634,2026-07-04T17:39:57Z,w06
r00635,2026-07-07T16:05:20Z,w06
r00636,2026-06-21T19:37:39Z,w06
r00637,2026-07-05T04:37:38Z,w08
r00638,2026-06-22T19:59:27Z,w06
r00639,2026-07-05T22:35:58Z,w06
r00640,2026-06-23T03:15:34Z,w08
r00641,2026-06-29T04:20:30Z,w06
r00642,2026-07-01T00:07:42Z,w06
r00643,2026-06-22T06:57:25Z,w06
r00644,2026-06-24T08:07:51Z,w06
r00645,2026-07-03T10:25:07Z,w06
r00647,2026-07-05T12:48:39Z,w06
r00648,2026-07-03T18:54:33Z,w06
r00649,2026-07-06T06:28:05Z,w01
r00650,2026-06-28T08:42:21Z,w01
r00651,2026-06-30T05:17:58Z,w01
r00652,2026-07-01T19:53:53Z,w01
r00653,2026-07-02T10:24:52Z,w01
r00654,2026-07-03T06:08:31Z,w01
r00655,2026-06-27T18:22:24Z,w08
r00656,2026-06-29T21:24:22Z,w01
r00657,2026-07-05T19:32:11Z,w01
r00658,2026-06-29T11:00:32Z,w01
r00659,2026-07-06T19:43:08Z,w01
r00660,2026-07-03T03:02:21Z,w01
r00661,2026-06-23T12:56:14Z,w01
r00662,2026-06-22T00:48:02Z,w01
r00663,2026-07-04T12:16:32Z,w01
r00664,2026-06-29T15:43:26Z,w01
r00665,2026-07-07T11:56:41Z,w01
r00666,2026-06-28T23:02:43Z,w07
r00667,2026-07-02T13:36:31Z,w01
r00668,2026-06-25T00:03:39Z,w09
r00669,2026-06-26T09:03:52Z,w01
r00670,2026-06-29T05:11:15Z,w01
r00671,2026-06-28T11:27:51Z,w01
r00672,2026-06-26T20:17:07Z,w01
r00673,2026-06-23T00:30:44Z,w02
r00674,2026-06-23T03:40:36Z,w06
r00675,2026-06-30T17:16:13Z,w01
r00676,2026-06-28T14:47:10Z,w01
r00677,2026-06-30T05:54:15Z,w01
r00678,2026-07-02T04:27:22Z,w01
r00679,2026-06-24T23:51:45Z,w01
r00680,2026-07-02T22:31:02Z,w01
r00681,2026-06-27T00:01:52Z,w01
r00682,2026-06-27T11:14:14Z,w01
r00683,2026-06-23T09:44:40Z,w01
r00684,2026-06-21T00:52:35Z,w01
r00685,2026-06-24T02:24:20Z,w10
r00686,2026-07-07T07:56:15Z,w04
r00687,2026-06-29T17:26:49Z,w04
r00688,2026-06-22T22:48:39Z,w09
r00690,2026-07-04T04:48:46Z,w04
r00691,2026-06-23T12:07:49Z,w04
r00692,2026-07-04T16:46:43Z,w04
r00693,2026-06-30T03:39:26Z,w04
r00694,2026-06-27T14:06:33Z,w04
r00695,2026-06-26T11:19:10Z,w04
r00696,2026-06-23T03:39:50Z,w04
r00697,2026-06-29T10:03:05Z,w04
r00698,2026-06-26T17:04:07Z,w07
r00699,2026-07-02T18:12:57Z,w04
r00700,2026-07-08T23:50:07Z,w04
r00701,2026-06-26T06:35:48Z,w04
r00702,2026-06-23T03:59:56Z,w07
r00703,2026-06-25T01:30:42Z,w04
r00704,2026-06-26T18:09:44Z,w04
r00705,2026-06-23T14:05:04Z,w03
r00706,2026-06-27T03:08:59Z,w04
r00707,2026-07-07T05:43:40Z,w04
r00708,2026-06-21T02:52:48Z,w05
r00709,2026-07-05T03:20:16Z,w04
r00710,2026-07-03T20:19:19Z,w02
r00711,2026-06-25T14:22:41Z,w04
r00712,2026-06-30T22:07:47Z,w09
r00713,2026-07-05T11:03:53Z,w04
r00714,2026-07-02T11:41:25Z,w04
r00715,2026-07-06T07:48:57Z,w04
r00716,2026-06-27T07:45:54Z,w04
r00717,2026-07-04T11:49:09Z,w04
r00718,2026-06-21T08:07:55Z,w01
r00719,2026-07-03T14:24:29Z,w04
r00720,2026-06-27T07:30:44Z,w04
r00721,2026-07-02T02:33:58Z,w09
r00722,2026-06-28T18:26:15Z,w07
r00723,2026-07-01T18:46:14Z,w07
r00724,2026-06-28T06:37:07Z,w07
r00725,2026-07-07T19:40:39Z,w07
r00726,2026-06-30T18:15:36Z,w07
r00727,2026-07-01T23:00:55Z,w10
r00728,2026-07-04T03:59:30Z,w07
r00729,2026-07-03T09:59:06Z,w07
r00730,2026-06-25T07:35:26Z,w07
r00731,2026-06-29T05:24:46Z,w07
r00732,2026-07-05T16:32:29Z,w07
r00733,2026-07-08T21:42:04Z,w07
r00734,2026-07-05T10:49:16Z,w07
r00735,2026-06-28T03:57:54Z,w07
r00736,2026-06-28T21:57:23Z,w07
r00737,2026-06-30T11:06:43Z,w07
r00738,2026-06-28T16:52:08Z,w07
r00739,2026-07-03T01:08:36Z,w07
r00740,2026-06-28T23:38:34Z,w06
r00741,2026-06-23T09:00:11Z,w07
r00742,2026-06-28T03:38:10Z,w07
r00743,2026-07-08T19:44:14Z,w07
r00745,2026-06-30T08:34:42Z,w07
r00746,2026-07-05T16:51:27Z,w07
r00747,2026-07-08T09:35:34Z,w07
r00748,2026-06-25T00:10:51Z,w07
r00750,2026-07-02T00:40:56Z,w07
r00751,2026-07-04T02:56:10Z,w07
r00752,2026-07-01T12:51:22Z,w05
r00753,2026-07-02T01:22:56Z,w07
r00754,2026-07-07T12:02:38Z,w07
r00755,2026-06-30T10:09:56Z,w07
r00756,2026-07-01T07:42:54Z,w07
r00757,2026-07-04T09:16:00Z,w08
r00758,2026-07-05T23:17:41Z,w09
r00759,2026-07-03T20:59:55Z,w08
r00760,2026-06-29T04:09:00Z,w08
r00761,2026-07-02T08:05:18Z,w08
r00762,2026-07-06T17:38:14Z,w08
r00763,2026-06-27T17:44:38Z,w08
r00764,2026-06-29T23:30:50Z,w09
r00765,2026-07-04T18:55:04Z,w08
r00766,2026-06-21T10:01:13Z,w08
r00767,2026-06-29T19:19:25Z,w08
r00768,2026-06-24T15:14:36Z,w08
r00770,2026-07-01T14:12:30Z,w08
r00771,2026-07-02T09:16:01Z,w08
r00772,2026-06-23T06:24:22Z,w08
r00773,2026-07-05T19:13:27Z,w08
r00774,2026-06-29T16:06:28Z,w03
r00776,2026-06-26T10:58:53Z,w08
r00777,2026-06-29T11:35:03Z,w08
r00778,2026-07-01T23:47:18Z,w08
r00779,2026-07-07T09:43:35Z,w08
r00780,2026-06-29T12:06:30Z,w08
r00781,2026-06-21T14:16:38Z,w08
r00782,2026-06-22T22:23:50Z,w05
r00783,2026-06-27T04:29:59Z,w08
r00784,2026-06-30T03:08:31Z,w08
r00785,2026-07-04T11:38:31Z,w08
r00786,2026-07-05T04:29:42Z,w04
r00787,2026-06-23T11:53:02Z,w08
r00789,2026-07-08T07:11:40Z,w08
r00790,2026-07-08T02:36:01Z,w08
r00791,2026-07-03T10:07:11Z,w08
r00792,2026-06-30T07:39:56Z,w08
r00793,2026-06-30T22:40:45Z,w04
r00794,2026-06-29T08:31:36Z,w04
r00795,2026-06-21T20:44:43Z,w04
r00796,2026-06-23T19:31:49Z,w04
r00797,2026-06-26T06:04:20Z,w04
r00798,2026-07-04T02:07:10Z,w04
r00799,2026-07-04T07:03:11Z,w10
r00800,2026-07-02T01:04:33Z,w04
r00801,2026-07-03T00:38:31Z,w09
r00802,2026-06-25T21:00:26Z,w04
r00803,2026-06-30T00:38:41Z,w04
r00804,2026-06-27T12:37:37Z,w04
r00805,2026-06-26T09:01:23Z,w04
r00806,2026-06-21T18:22:17Z,w02
r00807,2026-07-01T09:11:02Z,w04
r00808,2026-06-21T11:31:44Z,w04
r00809,2026-07-04T03:16:15Z,w04
r00810,2026-07-02T13:19:15Z,w04
r00811,2026-07-02T17:12:30Z,w08
r00812,2026-06-27T16:04:30Z,w04
r00813,2026-06-29T15:58:57Z,w04
r00814,2026-06-22T06:28:49Z,w08
r00815,2026-07-02T11:22:15Z,w04
r00816,2026-07-03T10:41:00Z,w04
r00817,2026-07-01T20:06:16Z,w04
r00818,2026-07-01T18:11:43Z,w09
r00820,2026-07-07T10:33:58Z,w04
r00821,2026-06-23T08:20:45Z,w04
r00822,2026-07-05T03:44:34Z,w04
r00823,2026-06-23T18:51:55Z,w04
r00825,2026-07-03T22:30:40Z,w04
r00826,2026-07-07T14:54:10Z,w01
r00827,2026-06-29T09:39:12Z,w04
r00828,2026-07-01T21:46:57Z,w04
r00865,2026-06-24T13:11:01Z,w10
r00866,2026-07-03T17:57:28Z,w01
r00867,2026-07-08T15:18:46Z,w01
r00868,2026-07-01T20:10:11Z,w09
r00869,2026-06-24T16:18:56Z,w01
r00870,2026-06-23T20:26:15Z,w01
r00871,2026-06-28T15:34:59Z,w01
r00872,2026-06-27T17:32:54Z,w01
r00873,2026-06-25T06:01:26Z,w01
r00874,2026-06-23T08:48:04Z,w01
r00875,2026-07-01T10:08:41Z,w02
r00876,2026-06-24T11:19:53Z,w01
r00877,2026-06-27T06:27:10Z,w01
r00878,2026-07-08T11:11:26Z,w01
r00879,2026-07-08T10:49:54Z,w01
r00880,2026-07-04T14:21:35Z,w01
r00881,2026-06-30T03:08:24Z,w01
r00882,2026-07-04T13:17:15Z,w01
r00883,2026-07-07T01:41:22Z,w01
r00884,2026-07-08T03:13:40Z,w01
r00885,2026-07-08T01:11:10Z,w01
r00886,2026-06-22T22:41:09Z,w01
r00887,2026-07-08T22:42:09Z,w01
r00888,2026-07-04T17:45:51Z,w01
r00889,2026-07-08T02:20:03Z,w02
r00890,2026-07-08T22:19:35Z,w03
r00891,2026-06-28T18:03:16Z,w06
r00892,2026-06-26T08:11:58Z,w01
r00893,2026-06-25T04:43:14Z,w01
r00894,2026-06-30T08:16:37Z,w01
r00895,2026-06-26T16:48:33Z,w01
r00896,2026-06-28T12:46:55Z,w01
r00897,2026-06-27T14:16:29Z,w01
r00898,2026-06-23T17:07:22Z,w03
r00899,2026-07-02T09:48:53Z,w01
r00900,2026-07-07T10:48:03Z,w01
r00901,2026-06-27T16:02:12Z,w01
r00902,2026-07-08T11:57:15Z,w01
r00903,2026-07-07T13:58:04Z,w01
r00904,2026-07-02T14:12:32Z,w01
r00905,2026-07-03T02:21:24Z,w01
r00906,2026-07-08T16:20:24Z,w01
r00907,2026-07-04T09:07:10Z,w04
r00908,2026-06-28T12:55:49Z,w01
r00909,2026-06-27T14:12:18Z,w01
r00910,2026-06-30T21:57:08Z,w08
r00911,2026-07-08T06:09:32Z,w01
r00912,2026-06-26T02:57:17Z,w10
r00913,2026-06-28T16:04:26Z,w01
r00914,2026-07-04T21:46:46Z,w01
r00915,2026-06-21T18:06:13Z,w01
r00916,2026-06-25T12:12:11Z,w01
r00917,2026-06-24T05:42:31Z,w01
r00918,2026-06-21T21:10:24Z,w01
r00919,2026-07-08T20:04:04Z,w01
r00920,2026-07-07T08:47:03Z,w01
r00921,2026-06-28T13:37:51Z,w07
r00922,2026-06-24T15:30:27Z,w01
r00923,2026-07-07T03:18:08Z,w01
r00924,2026-06-28T18:44:14Z,w01
r00925,2026-07-01T18:58:24Z,w01
r00926,2026-07-06T05:25:35Z,w01
r00927,2026-07-05T07:56:06Z,w01
r00928,2026-07-01T12:03:39Z,w01
r00929,2026-06-29T04:11:32Z,w01
r00930,2026-07-06T14:35:32Z,w05
r00931,2026-07-04T19:10:42Z,w01
r00932,2026-07-08T11:51:27Z,w06
r00933,2026-06-24T07:44:40Z,w01
r00934,2026-06-23T16:17:22Z,w01
r00935,2026-07-02T11:50:09Z,w01
r00936,2026-07-03T08:28:13Z,w01
r00937,2026-06-21T02:35:02Z,w08
r00938,2026-07-05T13:47:47Z,w08
r00939,2026-06-26T21:17:16Z,w08
r00940,2026-06-27T16:35:24Z,w08
r00941,2026-06-21T14:06:13Z,w08
r00942,2026-07-08T14:48:19Z,w08
r00943,2026-06-27T09:09:31Z,w08
r00944,2026-07-07T11:15:19Z,w08
r00945,2026-07-06T18:31:50Z,w08
r00946,2026-06-21T03:36:11Z,w08
r00947,2026-07-07T19:12:31Z,w08
r00948,2026-07-02T04:50:12Z,w08
r00949,2026-07-03T20:42:21Z,w09
r00951,2026-06-28T22:14:01Z,w04
r00952,2026-07-08T23:58:01Z,w08
r00953,2026-07-01T10:06:32Z,w08
r00954,2026-07-05T15:00:00Z,w08
r00955,2026-07-06T13:22:35Z,w08
r00956,2026-06-26T16:37:41Z,w08
r00957,2026-06-30T07:32:34Z,w08
r00958,2026-06-26T05:48:12Z,w08
r00959,2026-06-22T04:13:04Z,w08
r00960,2026-07-07T01:08:24Z,w05
r00961,2026-06-25T08:51:12Z,w08
r00962,2026-06-24T12:07:03Z,w04
r00963,2026-07-08T17:47:56Z,w08
r00964,2026-07-01T07:59:21Z,w08
r00965,2026-06-24T07:27:28Z,w08
r00966,2026-07-06T09:22:48Z,w08
r00967,2026-07-01T21:52:06Z,w08
r00968,2026-06-26T10:50:49Z,w08
r00969,2026-06-25T00:06:33Z,w08
r00970,2026-06-27T21:21:19Z,w08
r00971,2026-07-05T00:57:08Z,w08
r00972,2026-07-08T02:08:45Z,w08
r01009,2026-06-28T08:03:56Z,w01
r01011,2026-07-01T18:39:20Z,w05
r01012,2026-06-26T16:15:38Z,w05
r01013,2026-07-01T09:04:40Z,w02
r01014,2026-06-29T01:01:18Z,w05
r01015,2026-07-08T14:44:40Z,w05
r01016,2026-07-02T15:37:25Z,w05
r01017,2026-06-29T08:53:59Z,w10
r01018,2026-07-07T01:49:13Z,w05
r01019,2026-07-08T19:01:38Z,w05
r01020,2026-06-28T19:01:55Z,w05
r01022,2026-06-28T22:12:21Z,w04
r01023,2026-07-05T12:52:03Z,w03
r01024,2026-06-28T00:19:41Z,w02
r01025,2026-06-29T14:35:27Z,w05
r01026,2026-07-03T13:18:21Z,w05
r01027,2026-07-01T21:08:56Z,w05
r01029,2026-06-27T03:41:40Z,w05
r01030,2026-07-05T14:36:38Z,w05
r01031,2026-07-07T06:55:17Z,w02
r01032,2026-07-07T01:50:10Z,w05
r01033,2026-07-02T21:55:34Z,w05
r01034,2026-07-06T14:35:33Z,w05
r01035,2026-06-23T08:05:03Z,w05
r01036,2026-06-23T15:01:56Z,w05
r01037,2026-07-02T23:05:31Z,w05
r01038,2026-07-08T19:24:36Z,w05
r01039,2026-07-08T19:04:35Z,w05
r01040,2026-06-23T07:35:00Z,w05
r01041,2026-06-27T02:34:12Z,w05
r01042,2026-07-05T07:47:17Z,w03
r01043,2026-06-28T04:57:47Z,w05
r01044,2026-06-29T23:02:03Z,w05
r01045,2026-06-22T13:57:57Z,w02
r01046,2026-06-22T02:08:21Z,w02
r01048,2026-06-22T14:04:34Z,w02
r01049,2026-07-04T05:28:17Z,w02
r01050,2026-06-27T10:59:05Z,w02
r01051,2026-06-25T00:35:30Z,w02
r01052,2026-06-24T18:08:07Z,w02
r01053,2026-06-30T02:36:11Z,w02
r01054,2026-07-08T15:44:59Z,w02
r01055,2026-07-01T02:53:33Z,w02
r01056,2026-07-05T23:54:38Z,w02
r01057,2026-06-29T12:15:43Z,w02
r01058,2026-06-28T14:21:45Z,w02
r01059,2026-06-23T10:02:59Z,w02
r01060,2026-06-28T19:34:40Z,w04
r01061,2026-07-04T19:14:39Z,w02
r01062,2026-06-23T12:55:38Z,w02
r01063,2026-06-24T19:48:12Z,w02
r01064,2026-06-22T09:40:36Z,w02
r01065,2026-06-22T17:25:03Z,w02
r01066,2026-07-04T00:16:34Z,w05
r01067,2026-06-28T05:05:40Z,w02
r01068,2026-07-04T16:00:10Z,w02
r01069,2026-07-05T05:14:12Z,w02
r01070,2026-07-01T04:35:49Z,w02
r01072,2026-06-26T17:07:58Z,w02
r01073,2026-06-23T06:05:21Z,w02
r01074,2026-06-23T01:37:29Z,w02
r01075,2026-06-25T05:58:45Z,w02
r01076,2026-06-21T01:27:01Z,w04
r01077,2026-07-04T21:39:45Z,w02
r01078,2026-07-01T17:34:39Z,w02
r01079,2026-06-27T08:30:02Z,w02
r01080,2026-06-24T19:54:02Z,w02
r01081,2026-06-30T15:42:36Z,w10
r01082,2026-06-30T14:06:47Z,w10
r01083,2026-06-30T21:50:56Z,w10
r01084,2026-06-30T12:29:26Z,w10
r01085,2026-06-24T23:34:03Z,w10
r01087,2026-06-29T08:03:00Z,w10
r01088,2026-07-08T13:27:34Z,w10
r01089,2026-07-05T16:24:16Z,w10
r01090,2026-07-06T06:45:00Z,w10
r01091,2026-06-28T20:53:47Z,w10
r01092,2026-07-08T18:40:38Z,w10
r01093,2026-06-26T16:43:20Z,w10
r01094,2026-07-03T14:45:20Z,w04
r01095,2026-06-30T02:57:10Z,w10
r01096,2026-06-21T06:31:10Z,w10
r01097,2026-06-22T11:57:02Z,w10
r01098,2026-06-26T17:34:45Z,w10
r01099,2026-07-06T18:52:12Z,w10
r01100,2026-07-08T06:57:03Z,w10
r01101,2026-06-28T01:21:51Z,w10
r01102,2026-07-03T08:02:12Z,w10
r01103,2026-06-25T07:49:55Z,w10
r01104,2026-06-22T07:03:39Z,w10
r01106,2026-07-04T07:04:35Z,w10
r01107,2026-06-25T22:47:53Z,w10
r01108,2026-07-04T02:34:45Z,w10
r01109,2026-06-27T13:09:09Z,w10
r01110,2026-06-25T02:40:51Z,w10
r01111,2026-06-23T02:06:08Z,w03
r01112,2026-06-29T20:44:57Z,w10
r01113,2026-07-02T17:25:36Z,w02
r01114,2026-06-21T17:12:16Z,w10
r01115,2026-06-26T03:52:38Z,w10
r01116,2026-06-27T07:22:05Z,w07
r01117,2026-07-02T13:01:12Z,w01
r01118,2026-06-24T07:07:48Z,w01
r01119,2026-06-26T12:10:42Z,w01
r01120,2026-06-27T21:27:23Z,w01
r01121,2026-07-03T14:54:00Z,w01
r01122,2026-06-28T11:11:34Z,w01
r01123,2026-07-06T18:54:45Z,w01
r01124,2026-07-04T13:02:27Z,w08
r01125,2026-07-02T15:09:18Z,w01
r01127,2026-07-04T01:57:10Z,w01
r01128,2026-06-21T09:24:46Z,w01
r01129,2026-07-07T23:21:31Z,w01
r01130,2026-06-24T12:30:20Z,w01
r01131,2026-07-01T13:20:06Z,w01
r01132,2026-06-21T23:06:18Z,w09
r01133,2026-07-01T22:20:33Z,w01
r01134,2026-06-26T14:22:28Z,w01
r01135,2026-07-02T23:13:22Z,w06
r01136,2026-06-24T04:52:33Z,w06
r01137,2026-07-08T21:49:15Z,w01
r01138,2026-06-24T16:45:59Z,w01
r01139,2026-06-23T02:27:07Z,w10
r01140,2026-06-21T01:39:36Z,w01
r01141,2026-06-23T19:54:04Z,w01
r01142,2026-06-25T08:22:54Z,w01
r01143,2026-07-01T20:35:32Z,w01
r01144,2026-07-02T04:30:25Z,w07
r01145,2026-07-02T04:17:39Z,w01
r01146,2026-06-27T12:27:20Z,w01
r01147,2026-06-30T12:50:09Z,w01
r01148,2026-07-03T10:41:43Z,w02
r01149,2026-06-26T05:58:33Z,w01
r01150,2026-06-26T03:07:25Z,w01
r01151,2026-07-05T04:10:29Z,w01
r01152,2026-07-02T19:12:40Z,w02
r01153,2026-06-28T23:53:36Z,w03
r01154,2026-07-02T04:08:19Z,w03
r01155,2026-06-24T21:24:04Z,w03
r01156,2026-06-30T03:27:04Z,w07
r01157,2026-06-28T16:21:49Z,w03
r01158,2026-07-08T06:18:44Z,w03
r01159,2026-06-28T01:48:51Z,w03
r01160,2026-07-03T15:09:16Z,w03
r01161,2026-06-22T00:39:35Z,w03
r01162,2026-06-30T09:09:29Z,w03
r01163,2026-06-30T03:30:26Z,w03
r01164,2026-06-28T01:45:24Z,w08
r01165,2026-06-22T11:49:13Z,w03
r01166,2026-06-25T08:18:59Z,w03
r01167,2026-06-30T23:10:07Z,w03
r01168,2026-06-24T09:39:48Z,w03
r01169,2026-06-25T20:05:19Z,w03
r01170,2026-07-05T15:01:59Z,w09
r01171,2026-07-02T16:23:04Z,w03
r01172,2026-06-23T01:32:06Z,w03
r01173,2026-06-30T01:43:46Z,w01
r01174,2026-06-23T05:05:35Z,w03
r01175,2026-07-05T10:39:04Z,w03
r01176,2026-06-24T00:40:11Z,w03
r01177,2026-07-01T21:20:56Z,w03
r01178,2026-07-03T15:39:29Z,w03
r01179,2026-06-25T16:59:59Z,w03
r01180,2026-07-08T22:14:28Z,w07
r01181,2026-07-08T23:46:03Z,w03
r01182,2026-06-21T10:41:43Z,w03
r01183,2026-07-03T23:17:15Z,w03
r01184,2026-06-28T00:10:29Z,w03
r01185,2026-07-08T22:22:35Z,w03
r01186,2026-07-04T18:17:15Z,w03
r01187,2026-06-23T18:03:33Z,w08
r01188,2026-07-03T09:16:16Z,w03
r01189,2026-06-25T03:21:21Z,w06
r01190,2026-07-07T18:31:15Z,w02
r01191,2026-06-27T20:04:34Z,w02
r01192,2026-06-28T17:14:03Z,w02
r01194,2026-06-24T04:52:08Z,w02
r01195,2026-06-27T16:23:08Z,w02
r01196,2026-07-06T17:36:09Z,w02
r01197,2026-06-25T10:28:00Z,w02
r01198,2026-06-27T21:35:40Z,w02
r01199,2026-06-29T00:25:17Z,w03
r01200,2026-06-21T09:11:17Z,w02
r01201,2026-06-24T23:14:20Z,w02
r01202,2026-06-24T05:37:38Z,w02
r01203,2026-06-26T21:16:05Z,w02
r01204,2026-06-23T02:49:05Z,w02
r01205,2026-07-06T00:17:50Z,w03
r01206,2026-07-04T22:13:49Z,w02
r01207,2026-06-28T02:24:11Z,w02
r01208,2026-06-25T11:00:00Z,w02
r01209,2026-06-26T07:31:56Z,w02
r01210,2026-07-05T11:18:55Z,w02
r01211,2026-07-07T07:53:28Z,w02
r01212,2026-06-25T20:36:16Z,w02
r01213,2026-06-24T23:25:21Z,w02
r01214,2026-07-02T05:40:20Z,w10
r01215,2026-06-25T15:39:29Z,w02
r01216,2026-06-25T18:35:06Z,w02
r01217,2026-06-22T14:57:19Z,w02
r01218,2026-06-29T12:37:07Z,w02
r01219,2026-07-03T22:11:24Z,w08
r01220,2026-06-22T01:41:53Z,w02
r01221,2026-07-06T20:06:33Z,w02
r01222,2026-06-28T06:49:18Z,w02
r01223,2026-06-27T13:13:40Z,w05
r01224,2026-07-03T10:42:50Z,w10
r01225,2026-06-22T14:04:24Z,w09
r01226,2026-06-30T10:09:23Z,w09
r01227,2026-07-07T00:13:09Z,w09
r01228,2026-07-01T10:04:23Z,w01
r01229,2026-06-30T21:32:33Z,w09
r01230,2026-07-04T00:47:06Z,w09
r01231,2026-07-08T03:33:35Z,w09
r01232,2026-07-08T14:05:20Z,w09
r01233,2026-07-01T07:34:30Z,w09
r01234,2026-07-05T04:54:52Z,w09
r01235,2026-06-26T21:48:16Z,w09
r01236,2026-07-04T19:56:52Z,w09
r01237,2026-07-07T23:01:31Z,w09
r01238,2026-06-25T22:39:40Z,w09
r01239,2026-07-03T09:24:37Z,w06
r01240,2026-06-30T09:36:40Z,w09
r01241,2026-07-02T13:48:04Z,w09
r01242,2026-07-08T06:51:07Z,w05
r01243,2026-06-28T05:10:36Z,w09
r01244,2026-06-25T17:12:58Z,w09
r01245,2026-06-21T01:30:22Z,w09
r01246,2026-06-29T17:42:09Z,w09
r01247,2026-07-01T11:24:52Z,w09
r01248,2026-07-01T18:50:45Z,w09
r01249,2026-06-30T18:24:07Z,w09
r01250,2026-06-28T21:21:21Z,w09
r01251,2026-07-04T07:24:27Z,w09
r01252,2026-06-21T23:11:17Z,w09
r01253,2026-07-08T10:16:38Z,w09
r01254,2026-07-03T06:21:34Z,w09
r01255,2026-07-08T08:24:00Z,w09
r01256,2026-06-30T16:41:07Z,w09
r01257,2026-07-08T07:46:18Z,w09
r01258,2026-07-04T19:18:33Z,w09
r01259,2026-06-21T16:57:07Z,w09
r01261,2026-06-22T04:49:37Z,w06
r01262,2026-06-24T01:55:25Z,w06
r01263,2026-06-30T05:17:24Z,w06
r01264,2026-07-07T01:36:57Z,w06
r01265,2026-07-07T06:38:08Z,w04
r01266,2026-07-01T08:26:52Z,w08
r01267,2026-07-07T08:51:36Z,w06
r01268,2026-06-28T23:53:10Z,w06
r01269,2026-06-29T02:41:36Z,w06
r01270,2026-06-26T07:47:39Z,w06
r01271,2026-07-07T05:24:00Z,w06
r01272,2026-07-04T04:36:16Z,w06
r01273,2026-07-08T17:48:18Z,w06
r01274,2026-06-23T22:33:30Z,w09
r01275,2026-07-08T08:02:05Z,w06
r01276,2026-06-30T08:12:39Z,w06
r01277,2026-06-28T15:49:55Z,w06
r01278,2026-07-06T17:32:52Z,w06
r01279,2026-07-06T02:04:27Z,w06
r01280,2026-06-27T05:56:46Z,w06
r01281,2026-06-23T20:48:08Z,w06
r01282,2026-07-02T06:35:04Z,w06
r01283,2026-06-22T09:57:17Z,w06
r01284,2026-07-06T15:03:29Z,w06
r01285,2026-07-05T23:44:20Z,w06
r01286,2026-06-30T06:23:19Z,w06
r01287,2026-06-22T02:27:04Z,w06
r01288,2026-07-07T01:24:42Z,w06
r01289,2026-07-05T02:31:56Z,w06
r01290,2026-07-08T02:02:58Z,w06
r01291,2026-07-06T21:46:46Z,w03
r01292,2026-06-22T15:18:19Z,w06
r01293,2026-06-21T22:33:29Z,w06
r01294,2026-06-23T02:49:53Z,w06
r01295,2026-06-28T11:19:03Z,w06
r01296,2026-06-27T05:54:38Z,w06
r01297,2026-07-02T05:28:45Z,w08
r01298,2026-07-05T19:13:00Z,w08
r01299,2026-06-28T04:41:26Z,w08
r01300,2026-06-29T01:14:01Z,w08
r01301,2026-07-05T21:41:52Z,w03
r01302,2026-06-23T09:49:22Z,w08
r01303,2026-06-23T02:55:12Z,w08
r01304,2026-06-26T14:06:02Z,w08
r01305,2026-07-07T12:26:49Z,w08
r01306,2026-06-29T19:57:39Z,w03
r01307,2026-06-26T16:36:39Z,w08
r01308,2026-07-08T03:01:32Z,w08
r01309,2026-06-25T04:15:04Z,w08
r01310,2026-07-07T20:20:21Z,w08
r01311,2026-07-02T13:09:32Z,w08
r01312,2026-06-21T04:59:15Z,w08
r01313,2026-07-05T03:46:13Z,w09
r01314,2026-06-25T19:10:58Z,w08
r01316,2026-07-06T06:40:23Z,w08
r01317,2026-06-21T08:00:20Z,w08
r01318,2026-06-27T22:53:56Z,w08
r01319,2026-06-25T10:12:33Z,w08
r01320,2026-07-05T02:01:32Z,w06
r01321,2026-07-02T21:19:13Z,w03
r01322,2026-07-08T12:11:31Z,w05
r01323,2026-06-23T12:08:02Z,w08
r01324,2026-06-27T10:13:11Z,w08
r01325,2026-06-22T15:50:00Z,w08
r01326,2026-06-21T20:27:32Z,w08
r01327,2026-06-22T11:20:41Z,w08
r01328,2026-06-25T07:19:34Z,w08
r01329,2026-06-29T06:49:15Z,w08
r01330,2026-07-01T23:55:01Z,w08
r01331,2026-06-27T23:00:17Z,w08
r01332,2026-07-06T19:14:30Z,w01
r01333,2026-06-28T16:24:34Z,w04
r01334,2026-07-02T07:00:39Z,w04
r01335,2026-06-27T23:21:45Z,w04
r01336,2026-07-04T18:44:13Z,w04
r01337,2026-07-07T08:13:52Z,w04
r01338,2026-07-07T03:06:10Z,w04
r01339,2026-06-25T21:52:36Z,w04
r01340,2026-07-04T10:49:42Z,w04
r01341,2026-07-03T22:41:10Z,w04
r01342,2026-06-27T20:09:12Z,w04
r01343,2026-06-30T22:20:21Z,w07
r01344,2026-06-26T15:47:51Z,w04
r01345,2026-06-28T10:38:45Z,w04
r01346,2026-06-21T04:03:45Z,w04
r01347,2026-07-03T19:11:20Z,w04
r01348,2026-06-27T09:25:54Z,w04
r01349,2026-07-01T10:48:17Z,w04
r01351,2026-07-08T02:13:19Z,w04
r01352,2026-06-24T16:48:01Z,w03
r01353,2026-07-05T04:06:08Z,w04
r01354,2026-06-26T22:45:51Z,w04
r01355,2026-07-03T02:10:03Z,w04
r01356,2026-07-06T08:52:58Z,w04
r01357,2026-07-08T19:33:28Z,w04
r01358,2026-06-24T08:09:30Z,w04
r01359,2026-07-08T02:55:01Z,w04
r01360,2026-07-08T02:27:30Z,w10
r01362,2026-06-21T01:16:48Z,w04
r01363,2026-06-25T06:27:31Z,w04
r01365,2026-07-05T18:45:38Z,w04
r01366,2026-07-07T03:56:07Z,w04
r01367,2026-06-22T23:10:53Z,w08
r01368,2026-07-06T16:26:31Z,w02
r01369,2026-06-23T11:57:14Z,w07
r01370,2026-06-28T02:39:49Z,w07
r01371,2026-06-26T13:26:25Z,w07
r01372,2026-07-06T16:53:05Z,w07
r01373,2026-06-21T04:58:00Z,w07
r01374,2026-07-07T02:34:10Z,w07
r01375,2026-07-01T20:39:55Z,w10
r01376,2026-06-30T08:30:56Z,w07
r01377,2026-06-25T16:10:12Z,w07
r01378,2026-06-22T10:17:50Z,w08
r01379,2026-06-26T21:59:23Z,w07
r01380,2026-06-22T12:48:53Z,w07
r01381,2026-06-23T21:52:48Z,w09
r01382,2026-07-07T14:46:47Z,w07
r01383,2026-06-27T17:24:52Z,w07
r01384,2026-06-29T02:52:37Z,w07
r01385,2026-06-24T04:57:45Z,w07
r01386,2026-07-02T00:05:45Z,w07
r01387,2026-06-29T17:09:00Z,w07
r01389,2026-07-01T20:09:28Z,w07
r01390,2026-06-22T10:40:57Z,w07
r01391,2026-07-03T11:00:05Z,w07
r01392,2026-06-30T02:28:09Z,w07
r01393,2026-07-06T12:13:26Z,w07
r01394,2026-07-07T23:38:54Z,w07
r01395,2026-07-03T19:13:03Z,w07
r01396,2026-07-02T02:31:13Z,w07
r01397,2026-06-25T17:06:25Z,w07
r01398,2026-06-23T01:11:48Z,w01
r01399,2026-06-24T19:07:21Z,w07
r01400,2026-07-08T01:44:42Z,w07
r01401,2026-06-29T10:54:35Z,w07
r01402,2026-07-02T09:12:26Z,w07
r01403,2026-06-28T05:04:19Z,w04
r01404,2026-07-08T18:39:37Z,w07
r01405,2026-07-05T12:38:44Z,w07
r01406,2026-06-29T07:21:45Z,w04
r01408,2026-07-04T17:42:32Z,w07
r01409,2026-07-01T09:54:02Z,w07
r01410,2026-06-28T17:28:24Z,w07
r01411,2026-06-23T17:43:12Z,w07
r01412,2026-07-02T13:27:54Z,w07
r01413,2026-06-23T06:09:43Z,w07
r01414,2026-07-04T05:11:52Z,w07
r01415,2026-06-27T13:56:44Z,w07
r01417,2026-07-08T19:21:29Z,w07
r01418,2026-06-29T01:21:45Z,w02
r01419,2026-06-29T00:42:22Z,w07
r01420,2026-06-25T07:26:21Z,w07
r01421,2026-06-25T06:10:05Z,w07
r01422,2026-07-01T09:44:25Z,w07
r01423,2026-07-05T23:15:45Z,w07
r01424,2026-06-24T04:56:25Z,w07
r01425,2026-06-27T10:41:22Z,w07
r01426,2026-07-08T11:19:21Z,w07
r01427,2026-07-03T14:30:59Z,w10
r01428,2026-07-01T02:53:48Z,w07
r01429,2026-06-23T02:55:56Z,w07
r01430,2026-06-25T12:19:10Z,w07
r01431,2026-07-03T23:39:18Z,w07
r01432,2026-07-05T17:04:16Z,w02
r01433,2026-07-01T14:58:55Z,w07
r01434,2026-06-26T09:28:49Z,w07
r01435,2026-06-30T13:31:42Z,w07
r01436,2026-06-22T02:00:08Z,w07
r01437,2026-06-27T22:29:34Z,w07
r01438,2026-07-03T18:01:55Z,w07
r01439,2026-07-07T16:58:51Z,w07
r01440,2026-06-21T09:15:32Z,w08
r01441,2026-07-01T11:50:41Z,w04
r01442,2026-06-21T13:55:14Z,w08
r01443,2026-06-24T15:49:39Z,w08
r01444,2026-07-08T00:30:25Z,w08
r01445,2026-06-27T23:37:14Z,w07
r01446,2026-06-28T05:36:17Z,w08
r01447,2026-06-26T12:54:46Z,w08
r01448,2026-07-03T18:31:53Z,w08
r01449,2026-06-28T13:00:43Z,w01
r01450,2026-07-03T16:37:08Z,w08
r01451,2026-06-22T12:46:05Z,w08
r01452,2026-06-27T05:10:50Z,w08
r01453,2026-06-29T17:45:57Z,w08
r01454,2026-07-06T22:41:27Z,w08
r01455,2026-06-24T16:15:36Z,w08
r01456,2026-07-02T05:04:18Z,w08
r01457,2026-06-21T02:42:45Z,w08
r01458,2026-07-03T03:42:12Z,w07
r01459,2026-06-27T23:34:10Z,w08
r01460,2026-07-04T02:36:45Z,w08
r01461,2026-07-08T05:04:24Z,w08
r01462,2026-06-26T23:39:38Z,w08
r01463,2026-06-22T23:17:25Z,w03
r01464,2026-07-07T20:40:18Z,w08
r01465,2026-07-03T22:47:02Z,w08
r01466,2026-07-03T16:03:23Z,w03
r01467,2026-06-28T12:57:55Z,w08
r01468,2026-06-23T10:31:10Z,w08
r01469,2026-07-01T14:23:12Z,w08
r01470,2026-06-29T06:13:03Z,w08
r01471,2026-06-24T01:04:47Z,w08
r01472,2026-06-29T00:36:56Z,w08
r01473,2026-07-05T23:51:44Z,w08
r01474,2026-07-03T12:06:31Z,w08
r01475,2026-06-24T14:51:01Z,w08
r01476,2026-07-01T19:06:09Z,w08
r01477,2026-06-26T14:10:13Z,w01
r01478,2026-06-27T11:25:41Z,w07
r01479,2026-07-02T22:34:40Z,w06
r01480,2026-06-28T00:19:29Z,w07
r01481,2026-06-29T23:09:01Z,w02
r01482,2026-06-24T17:01:43Z,w07
r01483,2026-06-26T05:03:18Z,w07
r01484,2026-06-26T20:02:18Z,w07
r01485,2026-07-04T08:22:42Z,w07
r01486,2026-06-30T07:19:44Z,w07
r01487,2026-07-02T13:56:44Z,w07
r01488,2026-07-07T03:42:36Z,w07
r01489,2026-06-23T15:22:49Z,w05
r01490,2026-06-27T12:07:21Z,w07
r01491,2026-06-22T05:55:12Z,w07
r01492,2026-07-08T03:20:07Z,w07
r01493,2026-07-06T05:03:16Z,w07
r01494,2026-07-04T16:10:32Z,w07
r01495,2026-06-25T22:58:52Z,w07
r01496,2026-07-04T03:51:48Z,w07
r01497,2026-06-21T22:36:08Z,w07
r01499,2026-06-29T10:55:33Z,w07
r01500,2026-06-24T16:53:27Z,w07
r01501,2026-06-30T07:04:06Z,w07
r01502,2026-07-01T03:54:57Z,w07
r01503,2026-06-24T05:43:12Z,w08
r01504,2026-07-06T21:24:41Z,w07
r01505,2026-06-21T21:59:06Z,w07
r01506,2026-07-02T21:04:34Z,w09
r01507,2026-07-06T10:29:11Z,w03
r01508,2026-06-26T17:26:45Z,w07
r01509,2026-06-24T03:28:18Z,w07
r01510,2026-06-23T18:29:43Z,w07
r01511,2026-06-27T07:56:52Z,w05
r01512,2026-07-04T09:19:21Z,w07
r01513,2026-06-25T21:01:17Z,w02
r01514,2026-06-27T06:10:33Z,w02
r01515,2026-06-23T11:17:54Z,w02
r01516,2026-06-25T07:38:43Z,w02
r01517,2026-06-25T11:05:56Z,w02
r01518,2026-07-03T21:49:22Z,w02
r01519,2026-06-23T17:24:33Z,w02
r01520,2026-06-26T17:40:17Z,w02
r01521,2026-07-03T04:23:15Z,w02
r01522,2026-07-04T15:36:43Z,w06
r01523,2026-07-05T07:11:01Z,w02
r01524,2026-07-02T07:44:37Z,w02
r01525,2026-06-22T10:04:22Z,w02
r01526,2026-06-28T07:41:56Z,w02
r01527,2026-07-01T15:54:37Z,w02
r01528,2026-07-01T03:59:12Z,w02
r01529,2026-07-04T09:07:17Z,w02
r01530,2026-07-07T21:59:16Z,w02
r01531,2026-06-25T17:39:38Z,w02
r01533,2026-06-26T03:08:11Z,w02
r01534,2026-06-23T04:18:34Z,w02
r01535,2026-07-06T20:15:48Z,w02
r01536,2026-06-30T12:30:31Z,w02
r01537,2026-07-03T13:07:27Z,w02
r01538,2026-06-24T15:54:57Z,w04
r01539,2026-07-01T01:52:11Z,w02
r01540,2026-07-06T22:01:50Z,w02
r01541,2026-07-01T22:37:48Z,w02
r01542,2026-06-26T21:15:12Z,w02
r01543,2026-06-23T12:49:28Z,w02
r01544,2026-07-02T10:47:02Z,w02
r01545,2026-06-24T00:22:29Z,w02
r01546,2026-07-03T17:40:15Z,w02
r01547,2026-06-21T16:43:43Z,w04
r01548,2026-07-06T01:13:52Z,w02
r01549,2026-07-06T17:41:50Z,w09
r01550,2026-07-06T11:07:41Z,w09
r01551,2026-06-23T07:46:20Z,w02
r01552,2026-06-22T09:37:35Z,w09
r01553,2026-06-23T12:48:18Z,w09
r01554,2026-06-25T16:41:32Z,w09
r01555,2026-07-05T17:35:13Z,w02
r01556,2026-06-25T19:44:59Z,w09
r01557,2026-06-21T18:35:41Z,w09
r01558,2026-07-04T17:22:56Z,w04
r01559,2026-07-08T18:10:13Z,w01
r01560,2026-06-25T14:53:02Z,w03
r01561,2026-06-27T04:59:14Z,w09
r01562,2026-06-24T17:37:43Z,w01
r01563,2026-07-07T18:34:37Z,w09
r01564,2026-06-29T09:08:45Z,w08
r01565,2026-07-03T00:30:56Z,w09
r01566,2026-06-30T15:06:04Z,w09
r01567,2026-06-27T00:40:28Z,w09
r01568,2026-06-29T13:49:49Z,w09
r01570,2026-07-01T11:59:53Z,w09
r01571,2026-07-08T10:50:42Z,w09
r01574,2026-07-05T06:13:59Z,w06
r01575,2026-06-26T17:17:43Z,w09
r01576,2026-06-27T16:29:52Z,w09
r01577,2026-06-28T05:59:59Z,w09
r01578,2026-06-21T17:40:56Z,w09
r01579,2026-07-02T22:18:22Z,w09
r01580,2026-06-29T23:13:47Z,w09
r01581,2026-07-06T01:33:55Z,w01
r01582,2026-07-08T21:43:27Z,w06
r01583,2026-06-23T02:09:41Z,w09
r01584,2026-06-24T21:43:03Z,w09
r01585,2026-06-23T12:52:25Z,w01
r01586,2026-06-25T03:10:28Z,w07
r01587,2026-07-02T15:12:05Z,w09
r01588,2026-06-22T17:51:17Z,w07
r01589,2026-07-08T05:41:40Z,w07
r01590,2026-06-22T01:55:48Z,w07
r01591,2026-06-24T02:41:25Z,w07
r01592,2026-07-04T02:41:56Z,w07
r01593,2026-07-05T18:55:22Z,w01
r01594,2026-07-08T04:17:09Z,w07
r01595,2026-07-02T15:17:09Z,w07
r01596,2026-06-29T15:20:33Z,w06
r01597,2026-07-08T03:45:54Z,w07
r01598,2026-06-25T06:11:22Z,w06
r01599,2026-07-01T07:18:37Z,w07
r01600,2026-06-24T05:53:35Z,w07
r01601,2026-07-02T20:20:19Z,w07
r01603,2026-06-30T20:47:10Z,w07
r01604,2026-07-03T07:20:46Z,w07
r01605,2026-06-23T08:09:48Z,w09
r01606,2026-07-02T04:51:34Z,w07
r01607,2026-07-03T16:21:15Z,w07
r01608,2026-06-22T15:34:52Z,w07
r01609,2026-07-01T10:46:48Z,w07
r01610,2026-07-06T00:07:38Z,w07
r01611,2026-06-30T04:09:43Z,w07
r01612,2026-06-25T05:34:06Z,w07
r01613,2026-06-27T06:45:01Z,w07
r01614,2026-06-24T02:14:53Z,w07
r01615,2026-06-28T18:16:30Z,w07
r01616,2026-06-25T13:33:33Z,w06
r01617,2026-07-05T01:01:11Z,w07
r01618,2026-07-04T07:13:46Z,w07
r01619,2026-07-05T07:21:59Z,w07
r01620,2026-07-05T03:46:44Z,w07
r01621,2026-06-27T20:50:31Z,w03
r01622,2026-06-22T11:40:47Z,w03
r01623,2026-07-01T19:04:55Z,w03
r01625,2026-07-08T17:27:42Z,w03
r01626,2026-06-23T10:12:46Z,w03
r01627,2026-07-05T04:28:50Z,w03
r01628,2026-07-03T22:44:15Z,w04
r01629,2026-07-04T13:37:08Z,w03
r01630,2026-07-07T07:42:17Z,w09
r01631,2026-06-30T00:26:47Z,w03
r01632,2026-06-22T06:38:57Z,w01
r01633,2026-06-28T16:19:20Z,w03
r01634,2026-06-26T19:48:17Z,w03
r01635,2026-06-29T11:46:30Z,w03
r01636,2026-06-25T11:29:18Z,w03
r01637,2026-06-26T15:42:57Z,w04
r01638,2026-06-25T12:14:25Z,w03
r01639,2026-07-02T15:45:20Z,w03
r01640,2026-07-06T14:02:22Z,w03
r01641,2026-06-28T11:32:21Z,w03
r01642,2026-06-22T12:39:09Z,w03
r01643,2026-06-28T23:46:07Z,w03
r01644,2026-07-05T06:57:23Z,w03
r01645,2026-07-08T20:56:59Z,w03
r01646,2026-07-02T15:27:53Z,w03
r01647,2026-07-01T10:47:06Z,w09
r01648,2026-07-02T11:32:12Z,w03
r01649,2026-07-02T17:40:04Z,w03
r01651,2026-06-25T20:17:59Z,w03
r01652,2026-06-24T12:55:50Z,w03
r01653,2026-07-04T13:32:44Z,w03
r01654,2026-07-03T02:01:07Z,w03
r01655,2026-06-27T11:05:33Z,w03
r01656,2026-07-05T08:58:18Z,w03
r01657,2026-07-03T07:24:15Z,w01
r01658,2026-06-22T19:45:44Z,w01
r01660,2026-06-23T02:12:29Z,w01
r01661,2026-07-08T05:59:47Z,w01
r01662,2026-06-23T17:26:15Z,w01
r01663,2026-06-21T10:39:56Z,w01
r01664,2026-06-27T00:09:41Z,w01
r01665,2026-07-06T01:50:56Z,w01
r01666,2026-06-26T03:25:08Z,w01
r01667,2026-07-08T10:14:35Z,w01
r01668,2026-06-27T11:07:26Z,w01
r01670,2026-07-06T04:01:02Z,w06
r01671,2026-07-02T13:28:34Z,w01
r01672,2026-07-02T00:36:09Z,w01
r01673,2026-06-24T21:51:21Z,w01
r01675,2026-06-25T12:14:37Z,w01
r01676,2026-06-28T07:35:30Z,w01
r01677,2026-07-06T15:40:18Z,w04
r01678,2026-06-21T16:08:36Z,w10
r01679,2026-07-07T18:22:50Z,w01
r01680,2026-06-30T05:50:27Z,w01
r01681,2026-06-22T03:20:01Z,w10
r01682,2026-07-04T12:56:43Z,w01
r01683,2026-06-25T00:34:02Z,w09
r01684,2026-06-24T08:27:18Z,w01
r01685,2026-06-28T07:57:53Z,w01
r01686,2026-07-09T00:02:49Z,w01
r01687,2026-06-24T08:28:41Z,w01
r01688,2026-07-03T03:02:52Z,w01
r01689,2026-06-24T19:30:21Z,w01
r01690,2026-06-28T21:38:11Z,w01
r01691,2026-07-08T04:28:11Z,w01
r01692,2026-07-07T20:58:40Z,w01
r01693,2026-06-22T09:36:03Z,w03
r01694,2026-06-29T14:11:15Z,w05
r01695,2026-06-30T01:03:44Z,w09
r01696,2026-06-30T19:23:55Z,w02
r01697,2026-07-01T02:38:19Z,w03
r01698,2026-06-27T14:01:30Z,w03
r01699,2026-06-29T02:16:53Z,w03
r01700,2026-06-22T23:50:11Z,w03
r01701,2026-06-23T17:05:37Z,w03
r01702,2026-07-04T14:52:25Z,w03
r01703,2026-07-03T15:23:35Z,w03
r01704,2026-07-03T10:35:36Z,w03
r01705,2026-06-24T16:39:51Z,w03
r01706,2026-06-25T10:19:28Z,w03
r01707,2026-06-21T11:41:30Z,w03
r01708,2026-07-05T19:39:01Z,w03
r01709,2026-07-01T11:45:25Z,w03
r01710,2026-07-06T10:10:19Z,w03
r01711,2026-07-08T05:45:38Z,w03
r01712,2026-06-24T00:47:10Z,w03
r01713,2026-07-08T14:17:39Z,w10
r01714,2026-06-22T01:32:05Z,w03
r01715,2026-07-01T09:02:40Z,w05
r01716,2026-07-04T00:34:06Z,w03
r01717,2026-06-26T04:12:33Z,w02
r01718,2026-07-01T11:48:33Z,w03
r01719,2026-07-01T10:48:55Z,w04
r01720,2026-07-05T07:07:31Z,w03
r01721,2026-06-25T06:36:39Z,w04
r01722,2026-07-05T05:40:58Z,w03
r01723,2026-06-28T18:25:23Z,w03
r01724,2026-06-30T10:19:50Z,w03
r01725,2026-07-03T09:36:54Z,w03
r01726,2026-07-03T08:13:49Z,w03
r01727,2026-06-28T19:53:27Z,w03
r01728,2026-07-07T00:16:54Z,w03
r01729,2026-07-02T05:39:00Z,w07
r01730,2026-07-06T06:31:33Z,w07
r01731,2026-07-03T07:18:16Z,w01
r01732,2026-06-22T23:17:33Z,w07
r01733,2026-06-21T17:15:55Z,w07
r01735,2026-07-06T00:17:15Z,w07
r01736,2026-06-25T17:02:56Z,w07
r01737,2026-06-25T07:28:52Z,w07
r01738,2026-07-04T13:00:47Z,w07
r01739,2026-06-25T10:31:18Z,w07
r01740,2026-06-27T23:03:06Z,w07
r01741,2026-06-27T14:12:13Z,w07
r01742,2026-07-02T20:40:27Z,w07
r01743,2026-07-02T08:45:21Z,w07
r01744,2026-07-08T17:06:23Z,w07
r01745,2026-06-25T15:22:16Z,w07
r01746,2026-07-08T14:11:54Z,w07
r01747,2026-06-22T14:26:31Z,w07
r01748,2026-06-29T16:47:41Z,w07
r01749,2026-06-30T08:03:28Z,w03
r01750,2026-07-02T08:12:37Z,w07
r01751,2026-06-25T11:33:56Z,w07
r01752,2026-07-07T22:50:48Z,w07
r01753,2026-06-30T08:44:22Z,w07
r01754,2026-07-04T12:23:55Z,w07
r01755,2026-06-29T23:21:36Z,w07
r01756,2026-06-22T06:15:24Z,w07
r01757,2026-06-26T02:21:34Z,w07
r01758,2026-07-05T09:27:01Z,w07
r01759,2026-07-05T14:55:10Z,w07
r01760,2026-06-21T21:31:43Z,w03
r01761,2026-06-22T11:36:47Z,w07
r01762,2026-06-23T06:27:47Z,w07
r01763,2026-06-28T03:50:46Z,w07
r01764,2026-07-03T12:13:30Z,w07
r01765,2026-07-04T19:02:27Z,w05
r01766,2026-07-06T21:39:28Z,w05
r01767,2026-07-04T15:28:13Z,w05
r01768,2026-06-25T14:52:32Z,w05
r01769,2026-07-03T23:26:44Z,w05
r01770,2026-07-01T11:24:32Z,w05
r01771,2026-07-05T22:55:03Z,w05
r01772,2026-07-01T06:37:10Z,w05
r01773,2026-06-24T16:37:48Z,w10
r01774,2026-06-30T23:31:57Z,w05
r01775,2026-07-01T00:17:18Z,w05
r01776,2026-06-29T06:40:38Z,w05
r01777,2026-06-24T07:36:58Z,w05
r01779,2026-07-06T11:38:25Z,w05
r01780,2026-06-24T10:15:24Z,w04
r01781,2026-06-23T10:32:49Z,w05
r01782,2026-06-24T18:23:35Z,w05
r01783,2026-06-27T12:43:43Z,w05
r01784,2026-06-21T03:49:35Z,w05
r01785,2026-07-05T13:17:28Z,w05
r01786,2026-07-03T14:14:49Z,w05
r01787,2026-07-01T14:24:16Z,w05
r01788,2026-07-04T00:27:46Z,w05
r01789,2026-07-06T16:29:20Z,w05
r01790,2026-06-27T03:43:39Z,w05
r01791,2026-06-23T08:08:47Z,w05
r01792,2026-06-22T19:09:25Z,w05
r01794,2026-06-30T05:29:16Z,w05
r01795,2026-06-28T22:03:44Z,w05
r01796,2026-07-02T02:59:03Z,w10
r01797,2026-06-27T13:09:57Z,w05
r01798,2026-07-08T12:03:32Z,w05
r01800,2026-07-06T03:55:55Z,w05
r01801,2026-06-29T16:05:53Z,w10
r01802,2026-07-05T21:50:32Z,w10
r01803,2026-06-27T20:56:48Z,w10
r01804,2026-07-07T14:14:43Z,w10
r01805,2026-06-22T20:21:07Z,w10
r01806,2026-06-23T00:54:56Z,w10
r01808,2026-06-23T18:12:04Z,w10
r01809,2026-07-07T11:38:39Z,w06
r01810,2026-06-30T00:16:54Z,w10
r01811,2026-07-08T16:01:04Z,w10
r01812,2026-07-07T10:06:15Z,w10
r01813,2026-06-26T06:47:45Z,w10
r01814,2026-06-27T16:55:13Z,w10
r01816,2026-06-24T20:35:49Z,w10
r01817,2026-06-23T15:26:37Z,w10
r01818,2026-06-30T22:16:37Z,w10
r01819,2026-07-08T16:52:19Z,w10
r01820,2026-07-04T10:42:12Z,w10
r01821,2026-06-25T14:24:05Z,w10
r01822,2026-07-04T12:50:11Z,w10
r01823,2026-06-26T15:40:20Z,w10
r01824,2026-06-25T02:03:10Z,w10
r01825,2026-07-06T00:35:28Z,w10
r01826,2026-06-26T15:08:29Z,w10
r01827,2026-06-23T09:11:04Z,w10
r01828,2026-06-28T22:18:59Z,w10
r01829,2026-07-03T03:15:14Z,w10
r01830,2026-07-06T21:04:20Z,w10
r01831,2026-07-01T23:20:27Z,w10
r01832,2026-07-03T09:08:03Z,w01
r01833,2026-07-05T12:30:52Z,w10
r01834,2026-07-04T00:18:14Z,w10
r01835,2026-07-08T03:30:47Z,w10
r01836,2026-06-22T03:00:46Z,w10
r01837,2026-06-28T09:53:47Z,w05
r01838,2026-06-27T17:56:44Z,w05
r01839,2026-06-29T03:05:04Z,w05
r01840,2026-07-02T01:09:12Z,w05
r01842,2026-07-06T04:23:14Z,w05
r01843,2026-06-26T22:56:58Z,w05
r01844,2026-07-04T12:48:29Z,w05
r01845,2026-07-02T21:36:05Z,w05
r01846,2026-06-25T13:38:05Z,w05
r01847,2026-06-23T09:34:43Z,w05
r01848,2026-06-24T03:28:13Z,w05
r01849,2026-07-04T22:03:31Z,w05
r01850,2026-07-05T14:19:21Z,w05
r01851,2026-06-24T18:26:57Z,w05
r01852,2026-06-26T11:14:18Z,w05
r01853,2026-06-29T13:17:00Z,w05
r01854,2026-06-26T04:03:39Z,w05
r01855,2026-07-08T21:14:55Z,w05
r01856,2026-07-05T07:00:07Z,w05
r01857,2026-06-23T02:53:41Z,w05
r01858,2026-06-22T16:29:55Z,w05
r01859,2026-06-27T02:44:54Z,w05
r01860,2026-07-02T21:36:27Z,w08
r01861,2026-06-29T17:40:32Z,w05
r01862,2026-06-24T14:18:56Z,w08
r01863,2026-06-24T03:11:21Z,w05
r01864,2026-06-21T13:59:11Z,w05
r01865,2026-06-30T16:58:58Z,w05
r01866,2026-07-07T15:46:38Z,w05
r01867,2026-07-03T23:52:15Z,w05
r01868,2026-06-28T18:44:34Z,w05
r01869,2026-06-28T20:17:34Z,w05
r01870,2026-06-25T22:42:04Z,w03
r01871,2026-06-30T18:28:03Z,w01
r01872,2026-07-04T15:44:32Z,w05
r01873,2026-06-22T03:59:21Z,w04
r01874,2026-07-06T12:33:32Z,w04
r01875,2026-06-24T18:51:41Z,w04
r01876,2026-06-23T13:33:58Z,w04
r01877,2026-06-28T06:21:54Z,w04
r01878,2026-07-06T12:25:29Z,w04
r01879,2026-06-28T10:28:12Z,w04
r01880,2026-07-06T13:51:30Z,w04
r01881,2026-06-30T09:14:48Z,w04
r01882,2026-06-24T00:08:42Z,w04
r01883,2026-07-08T14:05:10Z,w04
r01884,2026-07-04T04:18:24Z,w04
r01885,2026-06-24T10:15:56Z,w03
r01886,2026-07-01T07:31:07Z,w04
r01887,2026-06-22T04:00:06Z,w06
r01888,2026-07-03T23:44:36Z,w04
r01889,2026-06-23T16:38:13Z,w06
r01890,2026-06-28T21:16:03Z,w04
r01891,2026-07-01T18:41:23Z,w01
r01892,2026-07-01T21:19:34Z,w04
r01893,2026-07-05T10:11:32Z,w08
r01894,2026-06-21T01:29:21Z,w04
r01895,2026-06-23T12:05:39Z,w04
r01896,2026-06-26T05:45:32Z,w04
r01897,2026-07-03T06:34:35Z,w04
r01899,2026-06-30T20:30:27Z,w09
r01900,2026-06-25T12:36:10Z,w04
r01901,2026-06-25T10:09:22Z,w04
r01902,2026-07-08T07:06:01Z,w04
r01903,2026-07-07T12:59:31Z,w04
r01904,2026-06-27T12:45:08Z,w01
r01905,2026-06-22T16:10:31Z,w04
r01906,2026-07-02T07:26:17Z,w06
r01907,2026-07-05T01:19:46Z,w04
r01908,2026-07-01T20:22:31Z,w04
r01909,2026-06-25T08:40:06Z,w07
r01910,2026-06-30T14:31:19Z,w07
r01911,2026-06-25T09:11:39Z,w07
r01912,2026-06-21T00:17:27Z,w07
r01913,2026-06-24T07:28:57Z,w01
r01914,2026-07-06T20:46:11Z,w07
r01915,2026-06-29T09:27:28Z,w07
r01916,2026-06-24T12:29:12Z,w04
r01917,2026-06-30T03:01:54Z,w07
r01918,2026-06-27T04:15:41Z,w07
r01919,2026-07-05T22:10:19Z,w07
r01920,2026-06-21T09:45:35Z,w07
r01921,2026-06-30T18:54:03Z,w07
r01922,2026-07-07T16:17:13Z,w07
r01923,2026-07-03T14:09:46Z,w07
r01924,2026-07-07T17:20:24Z,w07
r01925,2026-06-22T15:54:56Z,w07
r01926,2026-06-24T17:56:06Z,w04
r01927,2026-07-02T12:29:20Z,w07
r01928,2026-06-23T12:24:28Z,w09
r01929,2026-06-22T18:23:41Z,w07
r01930,2026-07-06T08:35:39Z,w09
r01931,2026-06-29T11:37:51Z,w07
r01932,2026-07-07T08:21:50Z,w07
r01933,2026-07-07T07:05:48Z,w10
r01934,2026-06-22T00:17:10Z,w07
r01935,2026-07-06T08:38:26Z,w07
r01936,2026-07-06T16:38:01Z,w07
r01937,2026-06-22T00:18:03Z,w07
r01938,2026-06-23T16:44:00Z,w07
r01939,2026-07-03T05:05:19Z,w07
r01940,2026-06-23T01:49:54Z,w07
r01941,2026-07-05T21:04:10Z,w07
r01942,2026-06-22T13:46:11Z,w07
r01944,2026-07-03T08:26:43Z,w07
r01945,2026-06-29T03:52:15Z,w09
r01946,2026-06-28T22:38:47Z,w09
r01947,2026-06-26T09:48:26Z,w09
r01948,2026-07-07T10:37:16Z,w04
r01949,2026-07-01T12:59:13Z,w09
r01950,2026-06-26T13:45:27Z,w04
r01951,2026-07-08T23:48:46Z,w09
r01952,2026-06-30T23:25:31Z,w09
r01953,2026-06-23T17:25:04Z,w09
r01954,2026-06-30T19:48:31Z,w09
r01955,2026-06-27T18:06:15Z,w09
r01956,2026-06-28T15:10:58Z,w09
r01957,2026-06-29T06:23:56Z,w09
r01958,2026-07-01T09:04:58Z,w09
r01959,2026-06-28T02:50:18Z,w09
r01961,2026-06-27T06:26:23Z,w09
r01962,2026-07-07T05:25:07Z,w09
r01963,2026-07-02T14:51:33Z,w09
r01964,2026-07-06T06:45:53Z,w09
r01965,2026-07-02T03:19:26Z,w09
r01966,2026-06-27T17:42:45Z,w09
r01967,2026-07-05T05:26:42Z,w09
r01968,2026-07-04T21:07:44Z,w09
r01969,2026-07-02T12:23:41Z,w01
r01970,2026-07-03T11:16:49Z,w02
r01971,2026-06-28T09:57:18Z,w01
r01972,2026-07-07T13:32:07Z,w09
r01973,2026-07-02T16:05:00Z,w07
r01974,2026-06-27T23:34:21Z,w09
r01975,2026-06-29T10:55:20Z,w09
r01976,2026-07-03T10:07:06Z,w09
r01977,2026-06-27T17:03:50Z,w09
r01978,2026-07-03T22:00:22Z,w09
r01979,2026-07-06T05:12:08Z,w09
r01980,2026-06-27T03:42:24Z,w09
r01981,2026-07-04T02:26:20Z,w02
r01982,2026-07-03T06:58:48Z,w02
r01983,2026-07-02T07:05:39Z,w02
r01984,2026-06-23T06:06:10Z,w07
r01985,2026-06-23T19:10:27Z,w02
r01986,2026-07-01T09:54:51Z,w02
r01987,2026-07-04T05:14:58Z,w02
r01988,2026-06-26T09:35:33Z,w08
r01989,2026-07-07T04:00:50Z,w09
r01990,2026-07-08T07:20:31Z,w02
r01991,2026-07-07T09:58:43Z,w02
r01992,2026-06-23T08:08:25Z,w02
r01993,2026-06-22T23:55:19Z,w02
r01994,2026-06-29T02:09:33Z,w02
r01995,2026-06-23T04:05:50Z,w02
r01996,2026-07-03T05:29:41Z,w05
r01997,2026-07-07T05:45:43Z,w02
r01998,2026-07-05T19:28:20Z,w09
r01999,2026-06-25T10:59:33Z,w02
r02000,2026-06-25T00:19:56Z,w02
r02001,2026-06-24T03:18:22Z,w02
r02002,2026-07-08T09:37:11Z,w02
r02003,2026-07-06T23:26:54Z,w02
r02004,2026-06-29T21:36:26Z,w02
r02005,2026-07-07T20:15:07Z,w02
r02007,2026-06-22T19:15:09Z,w02
r02008,2026-06-26T11:31:41Z,w02
r02009,2026-06-28T23:26:56Z,w02
r02010,2026-06-25T12:32:54Z,w02
r02011,2026-06-23T16:21:22Z,w02
r02012,2026-06-23T19:00:18Z,w02
r02013,2026-06-30T11:33:23Z,w02
r02014,2026-07-07T03:29:35Z,w02
r02015,2026-07-02T12:20:51Z,w02
r02016,2026-07-01T10:34:30Z,w02
r02017,2026-07-02T16:50:06Z,w03
r02018,2026-06-26T13:54:46Z,w03
r02019,2026-06-30T09:35:15Z,w03
r02020,2026-07-05T14:54:39Z,w03
r02021,2026-06-26T03:45:48Z,w03
r02022,2026-07-05T12:23:28Z,w03
r02023,2026-07-04T11:48:35Z,w03
r02024,2026-06-27T10:44:03Z,w03
r02025,2026-06-26T02:03:51Z,w03
r02026,2026-07-08T00:15:30Z,w03
r02027,2026-07-08T00:35:08Z,w03
r02028,2026-06-25T05:35:15Z,w03
r02029,2026-06-24T10:18:07Z,w03
r02030,2026-07-03T13:19:35Z,w03
r02031,2026-07-07T20:30:32Z,w05
r02032,2026-06-24T05:26:29Z,w03
r02033,2026-07-03T18:31:35Z,w03
r02034,2026-06-27T15:51:46Z,w03
r02035,2026-07-04T21:04:16Z,w03
r02036,2026-07-07T11:29:25Z,w03
r02037,2026-06-21T13:15:56Z,w08
r02038,2026-07-01T13:11:01Z,w03
r02039,2026-07-06T14:26:15Z,w08
r02040,2026-07-03T20:51:57Z,w03
r02041,2026-06-27T14:58:33Z,w03
r02042,2026-06-24T06:10:30Z,w03
r02043,2026-07-02T19:24:57Z,w03
r02044,2026-06-24T08:22:52Z,w03
r02045,2026-06-24T20:05:18Z,w03
r02046,2026-06-30T20:23:14Z,w03
r02047,2026-06-27T16:43:30Z,w03
r02048,2026-07-05T05:41:58Z,w03
r02049,2026-07-04T12:01:10Z,w03
r02050,2026-07-05T06:27:40Z,w03
r02051,2026-06-30T10:58:15Z,w03
r02052,2026-07-03T19:42:12Z,w06
r02053,2026-07-01T16:52:34Z,w05
r02054,2026-06-27T01:46:36Z,w03
r02055,2026-07-03T06:51:28Z,w03
r02056,2026-06-27T18:09:14Z,w03
r02057,2026-06-29T15:10:54Z,w03
r02058,2026-06-29T21:09:22Z,w03
r02059,2026-07-03T08:40:01Z,w03
r02060,2026-06-30T22:10:12Z,w03
r02061,2026-06-27T08:00:14Z,w03
r02062,2026-06-29T20:38:06Z,w03
r02063,2026-07-01T21:07:34Z,w03
r02064,2026-07-02T03:50:23Z,w05
r02065,2026-06-28T02:45:50Z,w03
r02066,2026-07-02T00:09:26Z,w03
r02067,2026-06-29T14:35:51Z,w03
r02068,2026-07-03T07:31:50Z,w03
r02069,2026-06-29T15:46:24Z,w03
r02070,2026-07-02T02:44:33Z,w03
r02071,2026-06-27T20:01:39Z,w03
r02072,2026-07-01T07:11:24Z,w03
r02073,2026-06-29T23:00:35Z,w03
r02074,2026-06-28T07:29:13Z,w03
r02075,2026-06-29T17:20:36Z,w03
r02077,2026-06-29T17:06:16Z,w03
r02078,2026-07-01T18:53:48Z,w03
r02079,2026-06-29T00:07:05Z,w03
r02080,2026-06-27T15:05:09Z,w03
r02081,2026-06-27T15:19:24Z,w03
r02082,2026-06-28T10:09:44Z,w03
r02083,2026-07-02T10:42:23Z,w03
r02084,2026-06-30T08:35:05Z,w03
r02085,2026-06-27T10:07:30Z,w03
r02086,2026-07-02T07:21:17Z,w03
r02087,2026-07-02T07:34:35Z,w03
r02088,2026-07-02T21:11:44Z,w03
r02089,2026-07-02T00:45:57Z,w04
r02090,2026-06-28T08:57:51Z,w04
r02091,2026-07-01T20:55:27Z,w04
r02092,2026-06-21T14:05:06Z,w04
r02093,2026-06-22T03:42:29Z,w04
r02094,2026-06-27T02:05:06Z,w04
r02095,2026-07-08T15:56:04Z,w04
r02096,2026-07-01T07:57:43Z,w04
r02099,2026-06-25T01:07:16Z,w04
r02100,2026-07-06T00:11:39Z,w04
r02101,2026-07-03T23:23:34Z,w04
r02102,2026-07-01T10:48:07Z,w04
r02103,2026-07-04T01:13:34Z,w04
r02104,2026-06-22T02:47:54Z,w04
r02105,2026-06-29T14:41:59Z,w06
r02106,2026-07-03T00:51:22Z,w04
r02107,2026-06-29T08:31:03Z,w04
r02109,2026-06-21T03:49:02Z,w04
r02110,2026-06-28T12:10:21Z,w01
r02111,2026-07-02T22:20:47Z,w04
r02112,2026-06-27T10:00:16Z,w04
r02113,2026-06-30T13:22:07Z,w04
r02114,2026-07-02T05:13:18Z,w04
r02115,2026-06-24T19:29:01Z,w04
r02116,2026-06-27T01:52:37Z,w04
r02117,2026-06-22T03:35:43Z,w04
r02118,2026-07-04T13:56:53Z,w04
r02119,2026-06-30T08:20:09Z,w04
r02120,2026-07-03T08:04:04Z,w05
r02121,2026-07-01T04:49:40Z,w04
r02122,2026-07-01T17:00:38Z,w04
r02123,2026-06-27T09:05:23Z,w04
r02124,2026-07-04T20:47:32Z,w04
r02125,2026-07-08T04:43:35Z,w04
r02126,2026-06-23T20:06:17Z,w04
r02127,2026-06-29T11:59:50Z,w04
r02129,2026-07-03T00:51:04Z,w04
r02130,2026-07-01T04:03:17Z,w04
r02131,2026-06-23T05:02:08Z,w04
r02132,2026-07-07T08:37:01Z,w04
r02133,2026-06-24T15:11:53Z,w04
r02134,2026-07-06T00:41:55Z,w04
r02135,2026-06-28T16:43:13Z,w04
r02136,2026-06-25T06:29:15Z,w04
r02137,2026-06-21T01:43:10Z,w04
r02138,2026-06-23T08:30:34Z,w04
r02139,2026-07-01T21:53:04Z,w04
r02140,2026-06-21T19:44:24Z,w06
r02141,2026-07-08T18:50:12Z,w05
r02142,2026-06-22T21:12:14Z,w04
r02143,2026-06-25T15:29:17Z,w04
r02144,2026-07-08T14:16:28Z,w05
r02145,2026-06-25T09:30:48Z,w04
r02146,2026-07-03T05:54:10Z,w04
r02147,2026-06-30T01:29:59Z,w04
r02148,2026-06-23T07:54:20Z,w04
r02149,2026-06-28T21:54:04Z,w04
r02150,2026-07-02T23:19:25Z,w04
r02151,2026-06-22T17:09:03Z,w04
r02152,2026-06-24T05:56:42Z,w01
r02153,2026-06-27T03:27:29Z,w04
r02154,2026-06-25T05:27:30Z,w04
r02155,2026-07-03T13:35:29Z,w02
r02156,2026-06-21T01:46:16Z,w04
r02157,2026-06-22T05:02:30Z,w04
r02158,2026-06-29T12:05:22Z,w04
r02159,2026-06-24T23:52:51Z,w04
r02160,2026-06-30T05:36:31Z,w04
r02197,2026-06-23T21:37:48Z,w08
r02198,2026-07-02T13:37:50Z,w08
r02200,2026-06-29T21:58:16Z,w08
r02201,2026-06-27T17:06:45Z,w08
r02202,2026-07-04T08:53:42Z,w08
r02203,2026-06-28T15:10:22Z,w08
r02205,2026-06-22T14:29:35Z,w08
r02206,2026-07-02T00:16:22Z,w08
r02207,2026-06-26T15:01:28Z,w08
r02208,2026-06-28T20:43:06Z,w08
r02209,2026-07-06T01:32:58Z,w08
r02210,2026-06-24T14:53:33Z,w08
r02211,2026-06-21T16:29:37Z,w08
r02212,2026-06-29T11:07:31Z,w02
r02213,2026-06-22T18:08:12Z,w08
r02214,2026-06-25T07:02:56Z,w08
r02215,2026-06-27T20:52:25Z,w08
r02216,2026-07-04T19:26:37Z,w08
r02217,2026-07-06T15:32:53Z,w06
r02218,2026-07-06T07:49:51Z,w08
r02220,2026-07-08T02:23:26Z,w08
r02221,2026-06-24T01:54:51Z,w08
r02222,2026-07-06T14:57:33Z,w08
r02223,2026-06-27T15:31:29Z,w08
r02225,2026-06-24T21:24:58Z,w08
r02226,2026-07-08T02:36:10Z,w08
r02227,2026-07-07T05:44:18Z,w09
r02228,2026-06-22T12:49:39Z,w08
r02229,2026-06-26T13:23:40Z,w08
r02230,2026-07-05T01:59:09Z,w08
r02231,2026-06-26T14:00:05Z,w08
r02232,2026-07-02T04:55:24Z,w08
r02234,2026-07-02T08:16:27Z,w02
r02235,2026-07-05T12:41:55Z,w04
r02236,2026-07-06T15:05:33Z,w03
r02238,2026-06-26T18:30:46Z,w04
r02239,2026-07-03T12:49:43Z,w04
r02240,2026-06-22T18:30:14Z,w04
r02241,2026-07-01T04:37:16Z,w05
r02242,2026-06-26T10:44:19Z,w07
r02243,2026-07-05T16:10:20Z,w06
r02244,2026-06-23T04:50:15Z,w08
r02245,2026-07-05T12:25:10Z,w04
r02246,2026-06-25T00:43:27Z,w09
r02247,2026-06-25T01:09:32Z,w04
r02248,2026-07-04T17:50:13Z,w04
r02249,2026-07-07T22:00:11Z,w08
r02250,2026-06-30T11:51:29Z,w04
r02251,2026-07-03T07:37:19Z,w04
r02252,2026-06-26T21:02:24Z,w04
r02253,2026-07-07T09:04:03Z,w04
r02254,2026-06-21T13:32:18Z,w04
r02255,2026-07-07T09:49:47Z,w04
r02256,2026-06-30T06:09:46Z,w04
r02257,2026-06-26T20:06:34Z,w04
r02258,2026-07-05T06:02:33Z,w04
r02259,2026-07-05T22:50:21Z,w08
r02260,2026-06-23T07:40:13Z,w04
r02261,2026-07-02T18:12:10Z,w04
r02262,2026-06-25T16:10:03Z,w04
r02263,2026-06-29T09:18:48Z,w04
r02264,2026-06-28T11:03:53Z,w04
r02265,2026-06-29T14:43:52Z,w04
r02266,2026-06-26T15:39:56Z,w03
r02267,2026-06-27T19:44:21Z,w04
r02268,2026-07-06T07:29:10Z,w04
r02269,2026-07-04T07:51:44Z,w06
r02270,2026-06-30T19:08:16Z,w06
r02272,2026-06-25T17:07:02Z,w06
r02273,2026-07-08T12:31:03Z,w06
r02274,2026-07-01T10:14:26Z,w06
r02275,2026-07-05T09:43:39Z,w06
r02276,2026-06-22T11:14:45Z,w06
r02277,2026-07-04T11:17:09Z,w06
r02278,2026-07-01T00:54:06Z,w10
r02279,2026-06-28T08:48:52Z,w03
r02280,2026-06-26T16:22:02Z,w06
r02281,2026-06-24T00:41:53Z,w06
r02282,2026-06-29T08:02:53Z,w06
r02283,2026-07-02T11:42:50Z,w06
r02284,2026-07-03T07:51:59Z,w06
r02285,2026-06-22T05:43:52Z,w06
r02287,2026-07-04T18:57:03Z,w09
r02288,2026-07-01T00:54:11Z,w06
r02290,2026-06-24T22:21:26Z,w06
r02291,2026-07-01T15:27:22Z,w06
r02292,2026-06-23T15:35:23Z,w04
r02294,2026-06-29T13:21:39Z,w06
r02295,2026-07-03T21:36:53Z,w06
r02296,2026-07-01T17:08:03Z,w06
r02297,2026-06-22T02:55:57Z,w06
r02298,2026-06-25T17:56:16Z,w06
r02299,2026-07-05T08:00:05Z,w06
r02301,2026-06-24T02:12:32Z,w06
r02302,2026-07-04T03:49:16Z,w06
r02303,2026-07-03T18:33:22Z,w06
r02304,2026-06-25T00:51:02Z,w06
r02305,2026-06-22T12:44:05Z,w04
r02306,2026-07-02T05:02:18Z,w04
r02307,2026-07-08T23:33:15Z,w04
r02308,2026-06-26T14:16:05Z,w01
r02309,2026-06-30T12:11:35Z,w09
r02310,2026-06-30T22:42:23Z,w04
r02311,2026-06-23T17:18:11Z,w04
r02312,2026-06-24T13:58:48Z,w04
r02313,2026-07-08T05:16:44Z,w04
r02314,2026-06-26T19:13:35Z,w04
r02315,2026-07-06T21:47:08Z,w04
r02316,2026-06-30T09:11:03Z,w04
r02317,2026-07-05T21:39:34Z,w04
r02318,2026-06-25T06:39:57Z,w04
r02319,2026-06-23T11:39:43Z,w04
r02320,2026-06-29T21:36:37Z,w08
r02321,2026-06-28T12:20:51Z,w04
r02322,2026-07-07T21:13:57Z,w04
r02323,2026-07-07T08:38:08Z,w04
r02324,2026-06-22T22:05:24Z,w04
r02326,2026-06-29T04:53:45Z,w04
r02327,2026-06-24T01:52:41Z,w04
r02328,2026-06-25T02:24:14Z,w04
r02329,2026-06-27T02:06:10Z,w04
r02330,2026-07-02T05:26:01Z,w04
r02331,2026-06-24T16:37:54Z,w04
r02332,2026-07-04T18:45:04Z,w01
r02333,2026-06-29T21:38:17Z,w08
r02334,2026-06-29T08:42:52Z,w04
r02335,2026-06-26T03:52:17Z,w04
r02337,2026-06-27T01:55:48Z,w04
r02338,2026-07-03T11:06:17Z,w04
r02339,2026-07-03T18:07:06Z,w04
r02340,2026-06-29T01:35:39Z,w10
r02341,2026-06-25T02:14:35Z,w10
r02342,2026-06-22T22:50:00Z,w10
r02343,2026-07-01T01:41:02Z,w09
r02344,2026-07-03T06:43:41Z,w09
r02345,2026-06-30T11:05:13Z,w10
r02346,2026-06-27T15:52:16Z,w10
r02347,2026-06-24T10:37:42Z,w10
r02348,2026-06-29T20:23:38Z,w10
r02350,2026-06-26T04:35:26Z,w10
r02351,2026-07-06T06:35:17Z,w10
r02352,2026-06-29T16:56:09Z,w10
r02353,2026-06-30T18:39:49Z,w10
r02354,2026-07-06T08:13:53Z,w10
r02355,2026-06-29T13:04:28Z,w10
r02356,2026-06-26T01:41:42Z,w10
r02357,2026-06-26T17:49:33Z,w10
r02358,2026-06-27T13:19:31Z,w03
r02359,2026-06-23T18:22:13Z,w10
r02360,2026-06-30T09:25:20Z,w10
r02362,2026-07-05T05:03:40Z,w10
r02363,2026-07-03T01:46:41Z,w10
r02364,2026-07-02T15:16:21Z,w10
r02365,2026-07-03T09:43:00Z,w10
r02366,2026-07-02T09:25:58Z,w10
r02367,2026-07-05T18:49:08Z,w10
r02368,2026-07-01T02:49:36Z,w10
r02369,2026-06-21T14:56:11Z,w10
r02370,2026-07-03T21:49:36Z,w10
r02371,2026-06-21T10:02:43Z,w10
r02373,2026-06-30T23:47:56Z,w06
r02374,2026-06-26T20:40:56Z,w10
r02375,2026-07-05T08:06:23Z,w10
r02376,2026-07-05T11:29:07Z,w08
r02377,2026-06-22T20:22:55Z,w09
r02378,2026-06-29T19:40:27Z,w01
r02379,2026-07-05T17:41:47Z,w01
r02380,2026-06-24T09:15:24Z,w07
r02381,2026-06-22T19:52:00Z,w01
r02382,2026-06-29T22:35:55Z,w01
r02383,2026-06-30T20:56:15Z,w01
r02384,2026-06-24T13:56:44Z,w01
r02385,2026-07-02T20:24:48Z,w01
r02386,2026-07-03T21:14:43Z,w01
r02387,2026-07-04T06:53:25Z,w01
r02390,2026-07-04T23:45:01Z,w02
r02391,2026-07-08T16:33:08Z,w01
r02392,2026-06-24T21:19:36Z,w01
r02393,2026-06-26T10:14:09Z,w05
r02394,2026-06-23T01:37:01Z,w01
r02395,2026-06-22T12:49:11Z,w01
r02396,2026-07-01T05:17:03Z,w01
r02397,2026-06-21T02:46:31Z,w01
r02398,2026-06-29T18:25:07Z,w01
r02399,2026-07-06T20:56:08Z,w01
r02400,2026-06-24T16:10:52Z,w01
r02401,2026-06-21T23:34:56Z,w01
r02402,2026-06-23T08:53:41Z,w01
r02403,2026-07-08T05:03:50Z,w01
r02404,2026-06-25T16:13:14Z,w01
r02405,2026-07-08T10:23:20Z,w01
r02406,2026-06-24T17:26:53Z,w09
r02407,2026-07-08T09:43:59Z,w01
r02408,2026-06-26T03:42:12Z,w03
r02409,2026-06-21T07:54:37Z,w01
r02410,2026-07-08T01:04:22Z,w01
r02412,2026-06-28T21:04:10Z,w01
r02413,2026-07-05T07:57:42Z,w01
r02414,2026-07-08T02:42:10Z,w01
r02416,2026-06-22T09:50:08Z,w01
r02417,2026-07-03T13:54:16Z,w01
r02419,2026-06-22T18:14:49Z,w01
r02420,2026-07-06T05:51:53Z,w01
r02421,2026-07-05T03:18:08Z,w01
r02423,2026-06-26T22:18:32Z,w01
r02424,2026-06-26T23:06:46Z,w01
r02425,2026-06-23T12:39:07Z,w01
r02426,2026-06-29T23:45:40Z,w01
r02427,2026-06-25T21:29:20Z,w01
r02428,2026-07-04T08:51:27Z,w01
r02429,2026-07-05T01:52:56Z,w01
r02430,2026-06-21T10:42:44Z,w01
r02431,2026-07-04T16:21:13Z,w01
r02432,2026-06-22T16:31:54Z,w06
r02433,2026-06-30T06:51:54Z,w03
r02434,2026-06-28T12:04:31Z,w01
r02435,2026-06-23T01:34:10Z,w01
r02436,2026-06-25T10:58:32Z,w01
r02437,2026-06-21T11:05:08Z,w01
r02438,2026-07-08T01:05:48Z,w01
r02439,2026-07-04T12:49:42Z,w01
r02440,2026-07-06T03:59:10Z,w01
r02441,2026-07-03T11:56:08Z,w01
r02442,2026-07-02T23:01:11Z,w01
r02443,2026-07-07T02:17:22Z,w03
r02444,2026-06-21T11:11:38Z,w01
r02445,2026-07-03T13:37:24Z,w01
r02446,2026-06-29T18:07:55Z,w01
r02447,2026-07-01T02:21:53Z,w01
r02449,2026-07-08T13:09:34Z,w02
r02450,2026-06-21T12:05:09Z,w02
r02451,2026-06-30T23:50:50Z,w01
r02452,2026-06-21T09:14:10Z,w02
r02453,2026-07-07T02:55:16Z,w02
r02454,2026-06-24T13:45:18Z,w02
r02455,2026-06-29T16:52:09Z,w02
r02456,2026-06-30T07:33:50Z,w02
r02457,2026-06-26T22:36:05Z,w02
r02458,2026-07-04T13:18:33Z,w02
r02459,2026-06-25T16:06:57Z,w02
r02460,2026-06-27T05:15:36Z,w07
r02461,2026-07-06T19:27:02Z,w02
r02462,2026-06-26T07:10:27Z,w02
r02463,2026-06-28T15:37:50Z,w02
r02464,2026-06-25T18:07:57Z,w06
r02465,2026-06-22T07:23:44Z,w02
r02466,2026-06-28T23:48:37Z,w02
r02467,2026-07-05T07:12:52Z,w02
r02468,2026-06-26T18:21:50Z,w02
r02469,2026-06-29T16:28:43Z,w02
r02470,2026-07-07T10:05:50Z,w08
r02471,2026-06-26T09:34:34Z,w02
r02472,2026-06-24T06:46:52Z,w02
r02473,2026-06-27T23:07:44Z,w02
r02474,2026-06-21T02:21:21Z,w02
r02475,2026-07-06T14:17:58Z,w02
r02476,2026-06-21T03:31:37Z,w07
r02477,2026-07-05T12:56:45Z,w02
r02478,2026-06-25T06:09:29Z,w03
r02479,2026-06-25T16:52:25Z,w02
r02480,2026-06-27T12:32:07Z,w02
r02481,2026-07-04T12:04:51Z,w02
r02482,2026-07-08T19:50:25Z,w02
r02483,2026-06-22T00:59:06Z,w07
r02484,2026-07-04T07:00:12Z,w02
r02485,2026-07-04T15:43:22Z,w05
r02486,2026-06-21T20:57:04Z,w05
r02487,2026-07-05T13:14:23Z,w05
r02488,2026-07-02T01:30:23Z,w05
r02489,2026-07-01T12:21:15Z,w05
r02490,2026-07-07T02:30:14Z,w05
r02491,2026-07-01T13:37:30Z,w05
r02492,2026-06-21T03:50:37Z,w05
r02493,2026-07-07T19:15:28Z,w05
r02494,2026-07-04T18:00:51Z,w05
r02495,2026-07-04T19:13:52Z,w06
r02496,2026-06-30T11:16:33Z,w05
r02497,2026-06-23T07:45:18Z,w05
r02498,2026-07-05T18:25:41Z,w01
r02499,2026-06-24T04:34:25Z,w05
r02500,2026-06-21T06:58:45Z,w05
r02501,2026-06-30T19:19:39Z,w05
r02502,2026-06-21T17:13:58Z,w05
r02503,2026-07-07T11:32:13Z,w05
r02504,2026-07-01T20:43:49Z,w05
r02505,2026-06-30T04:28:46Z,w05
r02506,2026-07-04T21:55:42Z,w05
r02507,2026-07-08T23:04:12Z,w05
r02508,2026-06-25T07:04:06Z,w05
r02510,2026-06-27T08:51:41Z,w03
r02511,2026-06-22T21:48:49Z,w05
r02512,2026-07-04T13:33:39Z,w05
r02513,2026-06-27T01:34:21Z,w05
r02514,2026-07-08T07:35:06Z,w08
r02516,2026-06-27T14:49:10Z,w02
r02518,2026-06-27T11:47:31Z,w05
r02519,2026-07-07T01:55:08Z,w05
r02520,2026-07-07T23:54:12Z,w05
r02558,2026-06-23T23:11:05Z,w06
r02559,2026-07-01T04:00:14Z,w07
r02560,2026-06-22T22:21:00Z,w07
r02561,2026-06-21T08:35:16Z,w07
r02562,2026-07-04T21:37:48Z,w07
r02563,2026-07-05T00:33:58Z,w07
r02565,2026-07-04T17:32:04Z,w07
r02566,2026-07-06T02:01:09Z,w02
r02567,2026-07-01T06:33:50Z,w07
r02568,2026-07-05T05:33:09Z,w09
r02569,2026-06-24T23:25:46Z,w07
r02570,2026-07-08T20:07:00Z,w07
r02571,2026-07-02T15:10:43Z,w07
r02572,2026-06-21T05:44:24Z,w07
r02573,2026-06-21T17:51:08Z,w07
r02574,2026-06-21T21:43:58Z,w07
r02576,2026-07-05T05:53:06Z,w07
r02577,2026-07-06T20:24:02Z,w07
r02578,2026-06-29T16:30:28Z,w07
r02579,2026-07-04T07:48:15Z,w02
r02580,2026-07-03T09:40:52Z,w07
r02581,2026-07-07T09:16:18Z,w07
r02583,2026-06-28T10:33:06Z,w07
r02584,2026-06-26T15:40:55Z,w07
r02585,2026-07-04T20:50:22Z,w07
r02586,2026-07-01T01:04:42Z,w07
r02587,2026-07-03T13:28:07Z,w07
r02588,2026-07-08T23:35:42Z,w07
r02589,2026-06-27T06:22:07Z,w07
r02590,2026-06-24T18:03:38Z,w07
r02591,2026-06-23T13:57:21Z,w04
r02592,2026-06-30T15:43:51Z,w07
