day,dow,hour,requests,replicas,utilization,abandon_rate,mean_queue_wait_s,mean_rating,mean_gen_time_s,mean_score,fraction_B,requests_A,requests_B,rating_A,rating_B,gen_time_A_s,gen_time_B_s,score_A,score_B,inferred_rate
1,Sun,0,2658,4,0.57,0.00861,0.513,0.67285,3.2196,0.66295,0.0,,,,,,,,,0.7218043023927943
1,Sun,1,2729,4,0.592,0.00878,0.501,0.6792,3.246,0.66923,0.0,,,,,,,,,0.7505119747276305
1,Sun,2,2725,4,0.6199,0.01159,0.701,0.67601,3.1759,0.66256,0.0,,,,,,,,,0.7871828986276239
1,Sun,3,2937,4,0.6536,0.01512,0.846,0.68923,3.1861,0.67204,0.0,,,,,,,,,0.8319581114032847
1,Sun,4,3142,4,0.6893,0.01568,0.861,0.68014,3.16,0.66259,0.0,,,,,,,,,0.880120780640416
1,Sun,5,3396,4,0.7191,0.02105,1.281,0.67365,3.1389,0.64923,0.0,,,,,,,,,0.9210675326342754
1,Sun,6,3459,5,0.6148,0.0077,0.459,0.68987,3.204,0.68089,0.0,,,,,,,,,0.9725290815300325
1,Sun,7,3683,5,0.6513,0.00843,0.488,0.69144,3.1708,0.68172,0.0,,,,,,,,,1.032271940961589
1,Sun,8,3926,5,0.6998,0.01404,0.824,0.68348,3.1887,0.66729,0.0,,,,,,,,,1.1129195244903107
1,Sun,9,4339,6,0.6451,0.0064,0.346,0.68677,3.2122,0.67961,0.0,,,,,,,,,1.2237659067896045
1,Sun,10,4788,6,0.7061,0.00941,0.561,0.69054,3.2678,0.67955,0.0,,,,,,,,,1.3441527800669137
1,Sun,11,5275,7,0.6639,0.00479,0.293,0.68411,3.1892,0.67849,0.0,,,,,,,,,1.4682834642990805
1,Sun,12,5840,7,0.7171,0.00672,0.383,0.68555,3.156,0.67788,0.0,,,,,,,,,1.5903961545075673
1,Sun,13,6139,8,0.6608,0.0039,0.237,0.67874,3.1889,0.6742,0.0,,,,,,,,,1.6681099839380291
1,Sun,14,6181,8,0.6762,0.00427,0.243,0.67887,3.1579,0.67403,0.0,,,,,,,,,1.7079641248733268
1,Sun,15,6142,8,0.6693,0.00411,0.255,0.68225,3.2017,0.67741,0.0,,,,,,,,,1.6900871257294994
1,Sun,16,5872,7,0.7309,0.00794,0.474,0.68086,3.2242,0.67167,0.0,,,,,,,,,1.6225151759920413
1,Sun,17,5150,7,0.6705,0.00574,0.352,0.68257,3.1217,0.67583,0.0,,,,,,,,,1.483310476341568
1,Sun,18,4603,6,0.6932,0.00907,0.532,0.68042,3.2303,0.66999,0.0,,,,,,,,,1.3184548625006085
1,Sun,19,4120,5,0.7183,0.01481,0.883,0.6794,3.1863,0.66227,0.0,,,,,,,,,1.144183606825763
1,Sun,20,3476,5,0.6218,0.00718,0.406,0.69525,3.2263,0.68701,0.0,,,,,,,,,0.9839354190086697
1,Sun,21,3015,4,0.6654,0.0156,0.882,0.66224,3.2632,0.64485,0.0,,,,,,,,,0.8477845617926871
1,Sun,22,2741,4,0.5999,0.0081,0.469,0.6927,3.1668,0.68333,0.0,,,,,,,,,0.7608633902376486
1,Sun,23,2645,4,0.5696,0.00705,0.408,0.66719,3.1865,0.65922,0.0,,,,,,,,,0.7212838570273947
2,Mon,0,3319,5,0.5997,0.00641,0.389,0.68163,3.2301,0.67415,0.0,,,,,,,,,0.947996481657438
2,Mon,1,3481,5,0.6185,0.00799,0.458,0.67949,3.218,0.6704,0.0,,,,,,,,,0.9785553661511408
2,Mon,2,3749,5,0.65,0.00944,0.575,0.68037,3.0752,0.66935,0.0,,,,,,,,,1.0301319116549608
2,Mon,3,3949,5,0.6904,0.01107,0.656,0.69053,3.1365,0.67764,0.0,,,,,,,,,1.0971517436309557
2,Mon,4,4176,5,0.7277,0.01504,0.906,0.68418,3.2138,0.66664,0.0,,,,,,,,,1.160200389780453
2,Mon,5,4296,6,0.6443,0.0056,0.345,0.68758,3.2203,0.68097,0.0,,,,,,,,,1.2222036720534284
2,Mon,6,4533,6,0.6745,0.00866,0.493,0.68502,3.275,0.67514,0.0,,,,,,,,,1.2814493479818656
2,Mon,7,4794,6,0.7147,0.01035,0.613,0.68991,3.2037,0.67786,0.0,,,,,,,,,1.3613714817794342
2,Mon,8,5257,7,0.6632,0.00517,0.28,0.68524,3.1921,0.67945,0.0,,,,,,,,,1.4666914122710386
2,Mon,9,5672,7,0.7238,0.00768,0.445,0.68849,3.1759,0.67964,0.0,,,,,,,,,1.6059629232202748
2,Mon,10,6246,8,0.6947,0.00631,0.374,0.68029,3.2613,0.673,0.0,,,,,,,,,1.7560755435559405
2,Mon,11,6971,9,0.6821,0.00359,0.222,0.68076,3.1751,0.67654,0.0,,,,,,,,,1.9368755180156694
2,Mon,12,7411,9,0.7308,0.00606,0.377,0.6854,3.1164,0.67824,0.0,,,,,,,,,2.0795894370352004
2,Mon,13,8026,10,0.6895,0.00284,0.165,0.67857,3.1425,0.67533,0.0,,,,,,,,,2.174408173049933
2,Mon,14,8078,10,0.7164,0.00447,0.276,0.6841,3.2382,0.67883,0.0,,,,,,,,,2.2614752211724998
2,Mon,15,7985,10,0.7073,0.00354,0.206,0.68309,3.189,0.67902,0.0,,,,,,,,,2.2319427098758386
2,Mon,16,7463,9,0.7432,0.00757,0.429,0.68079,3.1967,0.67221,0.0,,,,,,,,,2.1163542598454166
2,Mon,17,7103,9,0.6839,0.00301,0.179,0.68786,3.2102,0.68436,0.0,,,,,,,,,1.9421113595429444
2,Mon,18,6281,8,0.6831,0.00569,0.319,0.68362,3.159,0.67718,0.0,,,,,,,,,1.725876352481381
2,Mon,19,5535,7,0.6743,0.00606,0.367,0.68007,3.1894,0.67301,0.0,,,,,,,,,1.4919761502230902
2,Mon,20,4515,6,0.68,0.00881,0.51,0.67911,3.2019,0.66904,0.0,,,,,,,,,1.292305274613476
2,Mon,21,4061,5,0.7057,0.0109,0.626,0.67483,3.2194,0.66247,0.0,,,,,,,,,1.1228553770706102
2,Mon,22,3481,5,0.6324,0.00816,0.506,0.68395,3.257,0.67432,0.0,,,,,,,,,1.0012518782795432
2,Mon,23,3402,5,0.6003,0.00557,0.337,0.68528,3.1762,0.67877,0.0,,,,,,,,,0.9489694963255456
3,Tue,0,3095,4,0.6737,0.0156,0.861,0.6877,3.2102,0.67009,0.0,,,,,,,,,0.8589694265554175
3,Tue,1,3251,4,0.6959,0.01725,1.061,0.6863,3.19,0.66598,0.0,,,,,,,,,0.8891244514728596
3,Tue,2,3421,4,0.732,0.02367,1.422,0.68764,3.1921,0.65999,0.0,,,,,,,,,0.9390521338228126
3,Tue,3,3581,5,0.6335,0.00894,0.504,0.67775,3.293,0.66766,0.0,,,,,,,,,1.003052052461792
3,Tue,4,3732,5,0.6623,0.00741,0.422,0.68697,3.1548,0.6785,0.0,,,,,,,,,1.0504206328417351
3,Tue,5,3970,5,0.6965,0.01033,0.587,0.68229,3.1901,0.67055,0.0,,,,,,,,,1.1073755447189377
3,Tue,6,4132,5,0.7311,0.01388,0.795,0.68934,3.2249,0.67341,0.0,,,,,,,,,1.1660175738895615
3,Tue,7,4424,6,0.6531,0.00614,0.385,0.68109,3.1552,0.67382,0.0,,,,,,,,,1.239408500662921
3,Tue,8,4661,6,0.6968,0.00786,0.437,0.67788,3.2204,0.66906,0.0,,,,,,,,,1.3256114872135634
3,Tue,9,5234,7,0.6555,0.00457,0.261,0.68645,3.1347,0.68122,0.0,,,,,,,,,1.4491997067737832
3,Tue,10,5838,7,0.7178,0.00829,0.449,0.68952,3.1529,0.68021,0.0,,,,,,,,,1.592020226603243
3,Tue,11,6326,8,0.6931,0.00437,0.261,0.66989,3.238,0.66488,0.0,,,,,,,,,1.7519033924159388
3,Tue,12,6792,9,0.6699,0.00346,0.205,0.67559,3.203,0.67162,0.0,,,,,,,,,1.9014526073508315
3,Tue,13,6992,9,0.6973,0.00445,0.27,0.6837,3.2037,0.6785,0.0,,,,,,,,,1.9811731978546079
3,Tue,14,7359,9,0.7214,0.00558,0.307,0.69135,3.1888,0.68503,0.0,,,,,,,,,2.051850135748631
3,Tue,15,7363,9,0.7089,0.00511,0.309,0.68004,3.1963,0.67409,0.0,,,,,,,,,2.0151182841876683
3,Tue,16,6846,9,0.6735,0.00394,0.232,0.68428,3.1545,0.67974,0.0,,,,,,,,,1.9118939661703824
3,Tue,17,6346,8,0.6936,0.00528,0.315,0.68603,3.2144,0.67989,0.0,,,,,,,,,1.7532069500997651
3,Tue,18,5594,7,0.7097,0.00634,0.385,0.68632,3.2178,0.67888,0.0,,,,,,,,,1.573258880326581
3,Tue,19,4804,6,0.714,0.00973,0.567,0.67865,3.1042,0.66751,0.0,,,,,,,,,1.3599671994735738
3,Tue,20,4261,5,0.7259,0.01604,0.918,0.6785,3.176,0.66027,0.0,,,,,,,,,1.1571259577467357
3,Tue,21,3456,5,0.6389,0.00919,0.507,0.69238,3.19,0.68196,0.0,,,,,,,,,1.011898339846172
3,Tue,22,3231,4,0.7125,0.01816,1.013,0.69219,3.135,0.67152,0.0,,,,,,,,,0.9119306590834239
3,Tue,23,3108,4,0.672,0.01182,0.714,0.67076,3.1665,0.65712,0.0,,,,,,,,,0.8566748365432626
4,Wed,0,3378,4,0.714,0.01497,0.828,0.68001,3.2151,0.6632,0.0,,,,,,,,,0.9140035790780725
4,Wed,1,3446,5,0.5971,0.00523,0.301,0.68396,3.1195,0.67798,0.0,,,,,,,,,0.9437817229401501
4,Wed,2,3510,5,0.6296,0.00695,0.445,0.67275,3.244,0.66451,0.0,,,,,,,,,0.9966723714188995
4,Wed,3,3737,5,0.6658,0.00982,0.615,0.67045,3.1697,0.65895,0.0,,,,,,,,,1.0562111569878643
4,Wed,4,3963,5,0.7038,0.01229,0.794,0.677,3.2082,0.66233,0.0,,,,,,,,,1.1196522806213114
4,Wed,5,4222,5,0.733,0.01453,0.905,0.68235,3.1398,0.66519,0.0,,,,,,,,,1.1692741289014899
4,Wed,6,4439,6,0.6538,0.00578,0.316,0.67971,3.1559,0.67326,0.0,,,,,,,,,1.2407790252941915
4,Wed,7,4722,6,0.6885,0.00848,0.489,0.67778,3.1702,0.66812,0.0,,,,,,,,,1.3091279599562453
4,Wed,8,5025,6,0.7355,0.00921,0.577,0.67982,3.2482,0.66894,0.0,,,,,,,,,1.4033431918494292
4,Wed,9,5477,7,0.6962,0.0074,0.429,0.68066,3.1316,0.67219,0.0,,,,,,,,,1.5421335937991945
4,Wed,10,6046,8,0.6772,0.00459,0.254,0.68081,3.1682,0.67566,0.0,,,,,,,,,1.7105578641052435
4,Wed,11,6769,8,0.7339,0.00654,0.402,0.685,3.2368,0.6773,0.0,,,,,,,,,1.8590884115671669
4,Wed,12,7094,9,0.7013,0.00476,0.269,0.68465,3.1385,0.67923,0.0,,,,,,,,,1.9928639534369177
4,Wed,13,7649,9,0.7443,0.00769,0.43,0.68529,3.1354,0.67658,0.0,,,,,,,,,2.1196259090587857
4,Wed,14,7704,10,0.6802,0.00285,0.176,0.68065,3.2119,0.6773,0.0,,,,,,,,,2.1444563250459616
4,Wed,15,7782,10,0.676,0.00347,0.206,0.6774,3.1836,0.6734,0.0,,,,,,,,,2.1309516282821077
4,Wed,16,7330,9,0.723,0.00425,0.254,0.68447,3.1823,0.67953,0.0,,,,,,,,,2.0565642903815906
4,Wed,17,6691,8,0.7402,0.00624,0.376,0.68321,3.2336,0.67594,0.0,,,,,,,,,1.875810203949969
4,Wed,18,5969,8,0.6611,0.00334,0.179,0.68479,3.1907,0.68107,0.0,,,,,,,,,1.6688848356701027
4,Wed,19,5198,7,0.6555,0.00498,0.287,0.6801,3.1532,0.67442,0.0,,,,,,,,,1.449199706769767
4,Wed,20,4541,6,0.6541,0.00723,0.418,0.67874,3.216,0.67049,0.0,,,,,,,,,1.2413664837701823
4,Wed,21,3871,5,0.6781,0.01037,0.578,0.6846,3.1389,0.67288,0.0,,,,,,,,,1.0766263041185389
4,Wed,22,3511,5,0.6099,0.00687,0.401,0.68429,3.319,0.67638,0.0,,,,,,,,,0.9645576359789534
4,Wed,23,3314,4,0.7114,0.01656,0.916,0.6919,3.1607,0.67311,0.0,,,,,,,,,0.9104118499472208
5,Thu,0,3175,4,0.7035,0.01606,0.929,0.68724,3.2701,0.66876,0.0,,,,,,,,,0.899536201641058
5,Thu,1,3355,4,0.7257,0.02417,1.424,0.67975,3.1949,0.65192,0.0,,,,,,,,,0.9302473001580358
5,Thu,2,3531,5,0.6255,0.00702,0.405,0.67722,3.2179,0.66923,0.0,,,,,,,,,0.9899736571775455
5,Thu,3,3698,5,0.6585,0.00838,0.448,0.67862,3.2397,0.66935,0.0,,,,,,,,,1.0441426574268342
5,Thu,4,4036,5,0.6914,0.0144,0.809,0.68234,3.2512,0.66604,0.0,,,,,,,,,1.098825678102106
5,Thu,5,4084,5,0.7177,0.00997,0.603,0.67353,3.1926,0.66199,0.0,,,,,,,,,1.1431644211117813
5,Thu,6,4297,6,0.6417,0.00534,0.301,0.6846,3.1508,0.67854,0.0,,,,,,,,,1.2171288731184506
5,Thu,7,4737,6,0.68,0.00741,0.429,0.68246,3.2111,0.67397,0.0,,,,,,,,,1.2923052746104733
5,Thu,8,5081,6,0.7244,0.01069,0.668,0.67914,3.1499,0.66654,0.0,,,,,,,,,1.3808840621506395
5,Thu,9,5583,7,0.6847,0.00593,0.353,0.68868,3.1383,0.68177,0.0,,,,,,,,,1.5157473977639233
5,Thu,10,6014,8,0.6631,0.005,0.29,0.68131,3.2605,0.67559,0.0,,,,,,,,,1.674052004018483
5,Thu,11,6584,8,0.7242,0.00593,0.34,0.68448,3.2109,0.6777,0.0,,,,,,,,,1.8334408698186295
5,Thu,12,7180,9,0.6966,0.0046,0.282,0.67736,3.1979,0.672,0.0,,,,,,,,,1.979128817254435
5,Thu,13,7401,9,0.733,0.00621,0.361,0.69202,3.2187,0.68484,0.0,,,,,,,,,2.086097331807883
5,Thu,14,7718,10,0.6782,0.00325,0.197,0.68384,3.188,0.68004,0.0,,,,,,,,,2.1380238769234405
5,Thu,15,7491,9,0.7393,0.00697,0.412,0.68267,3.1655,0.67461,0.0,,,,,,,,,2.1047686392482645
5,Thu,16,7165,9,0.7041,0.00511,0.309,0.68208,3.0949,0.67612,0.0,,,,,,,,,2.0010563878121763
5,Thu,17,6626,8,0.7337,0.00876,0.529,0.68308,3.1681,0.67287,0.0,,,,,,,,,1.858558414235043
5,Thu,18,5920,7,0.7389,0.00883,0.529,0.68042,3.1447,0.67018,0.0,,,,,,,,,1.641239846468153
5,Thu,19,5057,7,0.6438,0.00501,0.295,0.681,3.1448,0.67523,0.0,,,,,,,,,1.4226905323330885
5,Thu,20,4464,6,0.6432,0.00701,0.402,0.69329,3.2316,0.68521,0.0,,,,,,,,,1.2200561841860176
5,Thu,21,3888,5,0.6701,0.01128,0.646,0.68481,3.1168,0.67192,0.0,,,,,,,,,1.0633363043727588
5,Thu,22,3313,5,0.6053,0.00546,0.321,0.66933,3.0819,0.66311,0.0,,,,,,,,,0.9570835781701955
5,Thu,23,3260,4,0.7027,0.01863,1.007,0.67676,3.1345,0.65609,0.0,,,,,,,,,0.8984379337683236
6,Fri,0,3506,5,0.6225,0.00753,0.423,0.68193,3.1451,0.67341,0.0,,,,,,,,,0.9850772922611686
6,Fri,1,3617,5,0.6439,0.0084,0.481,0.69024,3.2768,0.68059,0.0,,,,,,,,,1.0201031872967894
6,Fri,2,3983,5,0.6811,0.01094,0.686,0.67588,3.1808,0.663,0.0,,,,,,,,,1.0816219096927822
6,Fri,3,4272,5,0.7186,0.01354,0.812,0.67482,3.1107,0.65919,0.0,,,,,,,,,1.144693338130096
6,Fri,4,4408,6,0.6416,0.00657,0.375,0.68074,3.2144,0.67326,0.0,,,,,,,,,1.216933763068926
6,Fri,5,4624,6,0.6696,0.00751,0.444,0.68695,3.2286,0.67823,0.0,,,,,,,,,1.2717961003098046
6,Fri,6,4891,6,0.7086,0.00843,0.449,0.67832,3.1924,0.669,0.0,,,,,,,,,1.3491507286223299
6,Fri,7,5193,7,0.6425,0.0036,0.201,0.68147,3.2264,0.67741,0.0,,,,,,,,,1.4197499174674957
6,Fri,8,5266,7,0.7009,0.00544,0.323,0.68266,3.1829,0.67637,0.0,,,,,,,,,1.5529504815117
6,Fri,9,6055,8,0.6643,0.00427,0.248,0.68534,3.1279,0.68043,0.0,,,,,,,,,1.6771535622208749
6,Fri,10,6572,8,0.7284,0.00746,0.424,0.6895,3.1885,0.68096,0.0,,,,,,,,,1.844531872371312
6,Fri,11,7380,9,0.7077,0.00589,0.325,0.68082,3.1704,0.67421,0.0,,,,,,,,,2.01160066684577
6,Fri,12,7866,10,0.6935,0.00318,0.194,0.68081,3.2394,0.6771,0.0,,,,,,,,,2.1873125026479983
6,Fri,13,8343,10,0.7227,0.00506,0.299,0.6811,3.1655,0.67526,0.0,,,,,,,,,2.2819734480763953
6,Fri,14,8569,10,0.748,0.00522,0.305,0.68167,3.1877,0.67567,0.0,,,,,,,,,2.3647923795058943
6,Fri,15,8386,10,0.7331,0.00495,0.286,0.68293,3.1519,0.67725,0.0,,,,,,,,,2.3159148114353245
6,Fri,16,7929,10,0.7001,0.00445,0.257,0.67844,3.1231,0.67337,0.0,,,,,,,,,2.208635289326943
6,Fri,17,7325,9,0.7215,0.00522,0.308,0.67932,3.2232,0.67331,0.0,,,,,,,,,2.0521446838863593
6,Fri,18,6505,8,0.7176,0.00565,0.309,0.68326,3.2116,0.67693,0.0,,,,,,,,,1.8160534333566747
6,Fri,19,5781,7,0.7092,0.00719,0.406,0.68103,3.1859,0.67289,0.0,,,,,,,,,1.5721029762351608
6,Fri,20,4810,6,0.7059,0.00996,0.572,0.67697,3.2249,0.66565,0.0,,,,,,,,,1.3437532023619942
6,Fri,21,4204,5,0.7332,0.01426,0.827,0.6721,3.0988,0.6559,0.0,,,,,,,,,1.1696171691414954
6,Fri,22,3766,5,0.6613,0.00847,0.528,0.68186,3.1957,0.67186,0.0,,,,,,,,,1.0487676485249202
6,Fri,23,3535,5,0.6231,0.00463,0.301,0.67519,3.1596,0.66966,0.0,,,,,,,,,0.986056223889201
7,Sat,0,2694,4,0.5956,0.00697,0.43,0.68437,3.2163,0.67616,0.0,,,,,,,,,0.755226105851456
7,Sat,1,2827,4,0.6142,0.00977,0.552,0.68174,3.1602,0.67066,0.0,,,,,,,,,0.7796643946271884
7,Sat,2,2998,4,0.6482,0.01302,0.768,0.67978,3.1235,0.66478,0.0,,,,,,,,,0.8247429959929966
7,Sat,3,3161,4,0.6875,0.01579,0.885,0.67737,3.1753,0.6596,0.0,,,,,,,,,0.877671121207793
7,Sat,4,3384,4,0.7186,0.01542,0.921,0.68098,3.0946,0.66311,0.0,,,,,,,,,0.9203738740436382
7,Sat,5,3476,5,0.6109,0.00564,0.349,0.67283,3.1817,0.66624,0.0,,,,,,,,,0.9661836163548516
7,Sat,6,3738,5,0.6418,0.00739,0.451,0.67743,3.1659,0.66881,0.0,,,,,,,,,1.0166554954138651
7,Sat,7,3861,5,0.6789,0.01169,0.657,0.68649,3.2464,0.6732,0.0,,,,,,,,,1.0779578180227474
7,Sat,8,4146,5,0.7283,0.01448,0.866,0.68139,3.2537,0.6646,0.0,,,,,,,,,1.161226001824995
7,Sat,9,4599,6,0.6684,0.00639,0.383,0.67754,3.2247,0.67015,0.0,,,,,,,,,1.269434596458181
7,Sat,10,5069,6,0.7325,0.01028,0.578,0.68018,3.1167,0.66856,0.0,,,,,,,,,1.3972586661261994
7,Sat,11,5586,7,0.6916,0.00636,0.394,0.6839,3.2672,0.67639,0.0,,,,,,,,,1.5315657588456961
7,Sat,12,6103,8,0.6548,0.003,0.172,0.68092,3.2353,0.6775,0.0,,,,,,,,,1.6526248929971428
7,Sat,13,6228,8,0.6901,0.00486,0.275,0.68172,3.2059,0.67621,0.0,,,,,,,,,1.744086553932837
7,Sat,14,6600,8,0.7085,0.00569,0.336,0.68783,3.117,0.68123,0.0,,,,,,,,,1.792157400488213
7,Sat,15,6175,8,0.6942,0.00608,0.362,0.67802,3.1373,0.67101,0.0,,,,,,,,,1.7547715063364295
7,Sat,16,6207,8,0.6648,0.00435,0.266,0.68209,3.1802,0.67699,0.0,,,,,,,,,1.6784461595024112
7,Sat,17,5503,7,0.7017,0.00725,0.416,0.68749,3.2401,0.67918,0.0,,,,,,,,,1.5547936590928122
7,Sat,18,4911,6,0.7194,0.01088,0.616,0.6822,3.2045,0.66985,0.0,,,,,,,,,1.3708134224901278
7,Sat,19,4251,6,0.6287,0.00486,0.276,0.67684,3.2968,0.67134,0.0,,,,,,,,,1.1918089635897215
7,Sat,20,3596,5,0.647,0.00658,0.352,0.6858,3.2003,0.67848,0.0,,,,,,,,,1.0251971137212141
7,Sat,21,3196,4,0.6901,0.01675,0.949,0.67811,3.1534,0.65916,0.0,,,,,,,,,0.881210315420328
7,Sat,22,2872,4,0.6201,0.01249,0.781,0.6782,3.0218,0.66348,0.0,,,,,,,,,0.7874469706113256
7,Sat,23,2644,4,0.5919,0.00803,0.467,0.67899,3.1885,0.66981,0.0,,,,,,,,,0.7503810963137233
8,Sun,0,2581,4,0.5694,0.00722,0.395,0.68665,3.2341,0.67854,0.0,,,,,,,,,0.7210236535766575
8,Sun,1,2632,4,0.5872,0.00673,0.405,0.66997,3.1714,0.66223,0.0,,,,,,,,,0.7442339770583011
8,Sun,2,2909,4,0.6219,0.01051,0.611,0.68012,3.2491,0.66809,0.0,,,,,,,,,0.7898244412476334
8,Sun,3,2993,4,0.6608,0.01023,0.631,0.68843,3.2346,0.67634,0.0,,,,,,,,,0.8416048083763104
8,Sun,4,3080,4,0.6902,0.01357,0.814,0.67621,3.2146,0.66053,0.0,,,,,,,,,0.8813465420208784
8,Sun,5,3309,4,0.7243,0.01978,1.218,0.69143,3.189,0.66801,0.0,,,,,,,,,0.9282963696220615
8,Sun,6,3584,5,0.6165,0.00603,0.339,0.67628,3.3478,0.66949,0.0,,,,,,,,,0.9752971513325144
8,Sun,7,3707,5,0.6515,0.00753,0.435,0.68686,3.199,0.6782,0.0,,,,,,,,,1.0326012640541506
8,Sun,8,4053,5,0.7047,0.01201,0.701,0.6753,3.14,0.66158,0.0,,,,,,,,,1.121169126686322
8,Sun,9,4504,6,0.6419,0.00543,0.319,0.68486,3.265,0.67859,0.0,,,,,,,,,1.2175191096189855
8,Sun,10,4837,6,0.7052,0.0093,0.552,0.68245,3.2242,0.67168,0.0,,,,,,,,,1.3423549785739397
8,Sun,11,5189,7,0.6631,0.00555,0.331,0.68213,3.181,0.67569,0.0,,,,,,,,,1.4664640026728228
8,Sun,12,5567,7,0.7139,0.00714,0.436,0.68185,3.1256,0.6735,0.0,,,,,,,,,1.5829784673198617
8,Sun,13,6126,8,0.6611,0.0036,0.207,0.68327,3.1656,0.67916,0.0,,,,,,,,,1.6688848356760135
8,Sun,14,6097,8,0.6808,0.00407,0.232,0.68882,3.1789,0.68416,0.0,,,,,,,,,1.7199015561881983
8,Sun,15,6215,8,0.6729,0.00357,0.229,0.68461,3.1495,0.68034,0.0,,,,,,,,,1.6994099965770109
8,Sun,16,5693,7,0.7313,0.00733,0.44,0.68737,3.1983,0.67881,0.0,,,,,,,,,1.6234494955593815
8,Sun,17,5302,7,0.6694,0.00518,0.314,0.68044,3.1986,0.6744,0.0,,,,,,,,,1.4808038984127263
8,Sun,18,4823,6,0.6922,0.00828,0.506,0.6751,3.149,0.66546,0.0,,,,,,,,,1.3164688740907708
8,Sun,19,4070,5,0.72,0.01148,0.704,0.67942,3.2096,0.66599,0.0,,,,,,,,,1.147073313159821
8,Sun,20,3533,5,0.6208,0.00622,0.351,0.68337,3.2763,0.67632,0.0,,,,,,,,,0.9823045684052898
8,Sun,21,3113,4,0.6646,0.01593,0.922,0.68622,3.1291,0.66791,0.0,,,,,,,,,0.8467088669531054
8,Sun,22,2682,4,0.6024,0.01022,0.583,0.68006,3.1993,0.66844,0.0,,,,,,,,,0.7641442221872712
8,Sun,23,2652,4,0.5692,0.00807,0.45,0.67743,3.079,0.66837,0.0,,,,,,,,,0.7207634629120296
9,Mon,0,3254,4,0.7064,0.01764,1.038,0.67806,3.2681,0.65779,0.0,,,,,,,,,0.9035220801006993
9,Mon,1,3440,4,0.7243,0.02135,1.147,0.671,3.1157,0.64749,0.0,,,,,,,,,0.9282963696252167
9,Mon,2,3540,5,0.6288,0.00767,0.465,0.66966,3.2395,0.6608,0.0,,,,,,,,,0.9953646587347127
9,Mon,3,3758,5,0.6636,0.00759,0.427,0.68575,3.1984,0.67713,0.0,,,,,,,,,1.052570470983785
9,Mon,4,3905,5,0.6942,0.01265,0.717,0.682,3.1821,0.66763,0.0,,,,,,,,,1.103517044222515
9,Mon,5,4240,5,0.7322,0.01285,0.805,0.68683,3.1381,0.67156,0.0,,,,,,,,,1.1679024361513115
9,Mon,6,4237,6,0.6399,0.00601,0.35,0.68172,3.2485,0.67483,0.0,,,,,,,,,1.2136177273375428
9,Mon,7,4718,6,0.683,0.00685,0.372,0.68471,3.1372,0.67705,0.0,,,,,,,,,1.2982362518600665
9,Mon,8,5189,6,0.7299,0.01041,0.598,0.6793,3.1555,0.66744,0.0,,,,,,,,,1.3919942431676604
9,Mon,9,5383,7,0.6906,0.00793,0.474,0.67614,3.1856,0.66698,0.0,,,,,,,,,1.529270801912562
9,Mon,10,6163,8,0.6621,0.00356,0.218,0.68256,3.1772,0.67839,0.0,,,,,,,,,1.6714680946119178
9,Mon,11,6648,8,0.7268,0.00723,0.451,0.68726,3.2101,0.67868,0.0,,,,,,,,,1.8403042455987886
9,Mon,12,7149,9,0.7042,0.00476,0.286,0.6801,3.1801,0.67457,0.0,,,,,,,,,2.001349113461666
9,Mon,13,7483,9,0.7407,0.00816,0.445,0.67467,3.2021,0.6656,0.0,,,,,,,,,2.108925122984817
9,Mon,14,7807,10,0.6815,0.00277,0.153,0.68562,3.1641,0.68249,0.0,,,,,,,,,2.1486390446464245
9,Mon,15,7753,10,0.6818,0.00291,0.172,0.68838,3.1584,0.68499,0.0,,,,,,,,,2.149604471986393
9,Mon,16,7338,9,0.7097,0.00543,0.31,0.68059,3.1279,0.67442,0.0,,,,,,,,,2.017464170939488
9,Mon,17,6565,8,0.7307,0.00867,0.477,0.68113,3.1587,0.67142,0.0,,,,,,,,,1.8506145562535554
9,Mon,18,5893,8,0.6588,0.00331,0.195,0.68245,3.2232,0.67863,0.0,,,,,,,,,1.6629457766719773
9,Mon,19,5098,7,0.6478,0.00355,0.197,0.68699,3.208,0.68298,0.0,,,,,,,,,1.4317445266760749
9,Mon,20,4472,6,0.6494,0.00546,0.304,0.68435,3.1293,0.67819,0.0,,,,,,,,,1.2321691612679215
9,Mon,21,3845,5,0.6723,0.00915,0.575,0.67514,3.1659,0.66437,0.0,,,,,,,,,1.0669865792354742
9,Mon,22,3459,5,0.6056,0.00538,0.345,0.67525,3.1457,0.66885,0.0,,,,,,,,,0.957570747294616
9,Mon,23,3185,4,0.7054,0.01858,1.054,0.67634,3.1527,0.65534,0.0,,,,,,,,,0.9021468083683877
10,Tue,0,3013,4,0.6596,0.01068,0.61,0.68288,3.0707,0.6707,0.0,,,,,,,,,0.839994857855328
10,Tue,1,3156,4,0.6825,0.0146,0.805,0.6774,3.1258,0.66106,0.0,,,,,,,,,0.8708792830110084
10,Tue,2,3299,4,0.7243,0.01763,1.019,0.68436,3.2475,0.66413,0.0,,,,,,,,,0.9282963696188922
10,Tue,3,3586,5,0.6225,0.00644,0.385,0.67941,3.2401,0.67195,0.0,,,,,,,,,0.985077292241685
10,Tue,4,3814,5,0.6571,0.01024,0.588,0.68848,3.2149,0.67673,0.0,,,,,,,,,1.0418319959167452
10,Tue,5,4044,5,0.6835,0.01132,0.647,0.68219,3.214,0.66929,0.0,,,,,,,,,1.085623223651307
10,Tue,6,4091,5,0.7205,0.01333,0.844,0.69042,3.2482,0.67447,0.0,,,,,,,,,1.1479237979553432
10,Tue,7,4305,6,0.64,0.00528,0.313,0.68188,3.2423,0.67577,0.0,,,,,,,,,1.2138127448188976
10,Tue,8,4800,6,0.6904,0.00703,0.418,0.67983,3.1639,0.67171,0.0,,,,,,,,,1.3128962057448612
10,Tue,9,5039,7,0.645,0.00497,0.302,0.68367,3.1838,0.67785,0.0,,,,,,,,,1.4254057810872611
10,Tue,10,5628,7,0.7124,0.00728,0.436,0.6808,3.1682,0.67235,0.0,,,,,,,,,1.579505115599381
10,Tue,11,6086,8,0.6886,0.00378,0.229,0.68234,3.1584,0.67793,0.0,,,,,,,,,1.7401809875722698
10,Tue,12,6678,8,0.7319,0.00811,0.475,0.67861,3.1363,0.6693,0.0,,,,,,,,,1.8537907356897332
10,Tue,13,7074,9,0.6919,0.00391,0.226,0.67977,3.2029,0.67531,0.0,,,,,,,,,1.9654134976696374
10,Tue,14,7229,9,0.7124,0.00429,0.238,0.68221,3.1662,0.67739,0.0,,,,,,,,,2.0253863889646864
10,Tue,15,7239,9,0.6983,0.0046,0.266,0.68546,3.1812,0.68018,0.0,,,,,,,,,1.9840945099607028
10,Tue,16,6777,9,0.6645,0.00303,0.17,0.68006,3.1569,0.67665,0.0,,,,,,,,,1.8858073506056754
10,Tue,17,6294,8,0.688,0.00443,0.286,0.68443,3.1718,0.6791,0.0,,,,,,,,,1.7386192852189173
10,Tue,18,5575,7,0.6983,0.00596,0.325,0.68159,3.2345,0.67494,0.0,,,,,,,,,1.5469642088082565
10,Tue,19,4739,6,0.7025,0.00784,0.479,0.69541,3.0606,0.68612,0.0,,,,,,,,,1.3369661278913931
10,Tue,20,4238,5,0.7268,0.01528,0.889,0.67246,3.1874,0.65507,0.0,,,,,,,,,1.15866272502221
10,Tue,21,3600,5,0.6271,0.00801,0.484,0.68129,3.185,0.67197,0.0,,,,,,,,,0.9925868142250693
10,Tue,22,3197,4,0.6988,0.01833,1.119,0.67529,3.0891,0.65396,0.0,,,,,,,,,0.8930916692976795
10,Tue,23,2991,4,0.6665,0.01288,0.724,0.68547,3.2211,0.67085,0.0,,,,,,,,,0.8492643084806842
11,Wed,0,3521,5,0.609,0.00624,0.375,0.67996,3.0699,0.67272,0.0,,,,,,,,,0.9630946189099412
11,Wed,1,3556,5,0.6323,0.00742,0.418,0.68196,3.11,0.67356,0.0,,,,,,,,,1.0010882565634833
11,Wed,2,3766,5,0.668,0.01041,0.613,0.68454,3.1756,0.67251,0.0,,,,,,,,,1.059855032257667
11,Wed,3,4022,5,0.7002,0.01221,0.663,0.68704,3.1538,0.67334,0.0,,,,,,,,,1.1135921631636592
11,Wed,4,4305,5,0.7426,0.01677,1.023,0.68342,3.0801,0.66378,0.0,,,,,,,,,1.1857946043920307
11,Wed,5,4473,6,0.6604,0.0062,0.312,0.68067,3.2001,0.67396,0.0,,,,,,,,,1.2537159483470237
11,Wed,6,4761,6,0.682,0.00833,0.49,0.68821,3.1481,0.67856,0.0,,,,,,,,,1.2962584932375976
11,Wed,7,5016,6,0.725,0.01025,0.592,0.69254,3.1613,0.68071,0.0,,,,,,,,,1.3820943996515314
11,Wed,8,5327,7,0.6721,0.00463,0.253,0.6881,3.2349,0.6829,0.0,,,,,,,,,1.486957926108323
11,Wed,9,5766,7,0.7359,0.00832,0.469,0.68429,3.1388,0.67485,0.0,,,,,,,,,1.6342085081904612
11,Wed,10,6383,8,0.7136,0.00444,0.256,0.68132,3.1285,0.67624,0.0,,,,,,,,,1.8055389869779812
11,Wed,11,6984,9,0.6964,0.00442,0.252,0.68354,3.2112,0.6785,0.0,,,,,,,,,1.9785447893594972
11,Wed,12,7577,9,0.7485,0.00726,0.416,0.68793,3.1883,0.67962,0.0,,,,,,,,,2.1321340061475675
11,Wed,13,8003,10,0.7083,0.00356,0.219,0.68133,3.2169,0.67715,0.0,,,,,,,,,2.2351838581200547
11,Wed,14,8261,10,0.7264,0.00524,0.324,0.68148,3.2205,0.67532,0.0,,,,,,,,,2.2940335222400474
11,Wed,15,8095,10,0.7179,0.00414,0.236,0.67859,3.1818,0.67389,0.0,,,,,,,,,2.2663517018604153
11,Wed,16,7900,10,0.6826,0.00303,0.171,0.68231,3.168,0.67887,0.0,,,,,,,,,2.152179285561094
11,Wed,17,6841,9,0.6937,0.00425,0.25,0.68259,3.2505,0.67769,0.0,,,,,,,,,1.9706638891447097
11,Wed,18,6182,8,0.693,0.0055,0.319,0.68207,3.1657,0.67576,0.0,,,,,,,,,1.7516427069021914
11,Wed,19,5518,7,0.689,0.00631,0.38,0.67751,3.1459,0.67019,0.0,,,,,,,,,1.5256006140508571
11,Wed,20,4732,6,0.6903,0.0084,0.498,0.6763,3.1443,0.66664,0.0,,,,,,,,,1.3126978030784615
11,Wed,21,4023,5,0.707,0.01329,0.788,0.68144,3.2245,0.66608,0.0,,,,,,,,,1.1250488777723584
11,Wed,22,3766,5,0.6432,0.00829,0.461,0.68558,3.1442,0.67621,0.0,,,,,,,,,1.0189536872303049
11,Wed,23,3486,5,0.61,0.00462,0.26,0.67752,3.2044,0.6723,0.0,,,,,,,,,0.9647202147572196
12,Thu,0,3482,5,0.601,0.00639,0.389,0.68533,3.215,0.67784,0.0,,,,,,,,,0.950104860994103
12,Thu,1,3662,5,0.6266,0.00702,0.435,0.68545,3.146,0.67716,0.0,,,,,,,,,0.991770069580708
12,Thu,2,3809,5,0.6613,0.00923,0.575,0.68886,3.2404,0.6779,0.0,,,,,,,,,1.0487676485085156
12,Thu,3,4046,5,0.6996,0.01175,0.739,0.69154,3.2069,0.6775,0.0,,,,,,,,,1.1125832575980636
12,Thu,4,4274,5,0.7335,0.01091,0.692,0.67176,3.3065,0.6589,0.0,,,,,,,,,1.1701318176127278
12,Thu,5,4463,6,0.6453,0.00526,0.306,0.67569,3.2018,0.66969,0.0,,,,,,,,,1.2241565217798525
12,Thu,6,4714,6,0.6819,0.00659,0.371,0.6839,3.1212,0.67642,0.0,,,,,,,,,1.2960607597354281
12,Thu,7,4760,6,0.7219,0.01209,0.696,0.67934,3.1496,0.66556,0.0,,,,,,,,,1.375845314207157
12,Thu,8,5343,7,0.672,0.00523,0.284,0.68649,3.2456,0.68063,0.0,,,,,,,,,1.4867299073840283
12,Thu,9,5843,7,0.7254,0.00984,0.571,0.67839,3.2352,0.66715,0.0,,,,,,,,,1.6096878330821014
12,Thu,10,6454,8,0.7042,0.00553,0.32,0.68055,3.1558,0.67422,0.0,,,,,,,,,1.7808951844826368
12,Thu,11,6893,9,0.689,0.0032,0.205,0.67375,3.1587,0.66996,0.0,,,,,,,,,1.9569603532027628
12,Thu,12,7511,9,0.7402,0.00715,0.442,0.68414,3.1622,0.67571,0.0,,,,,,,,,2.1074403519198373
12,Thu,13,8070,10,0.6997,0.00371,0.218,0.68028,3.177,0.67601,0.0,,,,,,,,,2.207341875428319
12,Thu,14,8163,10,0.7254,0.00373,0.21,0.68519,3.2319,0.68095,0.0,,,,,,,,,2.2907724295330345
12,Thu,15,8204,10,0.7165,0.004,0.228,0.68199,3.1599,0.67743,0.0,,,,,,,,,2.2618002427718373
12,Thu,16,7721,10,0.6826,0.00309,0.184,0.67775,3.2041,0.67418,0.0,,,,,,,,,2.152179285563424
12,Thu,17,7127,9,0.6925,0.00424,0.235,0.68079,3.2197,0.67603,0.0,,,,,,,,,1.9671633172895648
12,Thu,18,6329,8,0.69,0.00458,0.263,0.67485,3.1983,0.66965,0.0,,,,,,,,,1.7438261242329518
12,Thu,19,5582,7,0.682,0.00527,0.289,0.68406,3.1803,0.67814,0.0,,,,,,,,,1.5095680551659425
12,Thu,20,4696,6,0.6835,0.00822,0.479,0.67939,3.1887,0.66997,0.0,,,,,,,,,1.299225421390024
12,Thu,21,4075,5,0.7098,0.01407,0.75,0.67424,3.1901,0.65876,0.0,,,,,,,,,1.1297786994782453
12,Thu,22,3694,5,0.6423,0.00752,0.427,0.68877,3.1183,0.68018,0.0,,,,,,,,,1.01747615498549
12,Thu,23,3452,5,0.6076,0.00626,0.363,0.67727,3.2306,0.67013,0.0,,,,,,,,,0.9608194967190145
13,Fri,0,3307,4,0.7092,0.01672,0.947,0.67186,3.1707,0.65306,0.0,,,,,,,,,0.9073775681646585
13,Fri,1,3449,4,0.7377,0.02245,1.259,0.69503,3.1982,0.66935,0.0,,,,,,,,,0.9470560309286173
13,Fri,2,3459,5,0.6319,0.00732,0.377,0.66553,3.1428,0.65764,0.0,,,,,,,,,1.0004338202895426
13,Fri,3,3812,5,0.6646,0.00964,0.534,0.68376,3.2184,0.67289,0.0,,,,,,,,,1.0542249365021221
13,Fri,4,4009,5,0.696,0.01294,0.759,0.67919,3.1726,0.66432,0.0,,,,,,,,,1.1065363610855656
13,Fri,5,4103,5,0.7335,0.0139,0.808,0.6809,3.1819,0.66498,0.0,,,,,,,,,1.1701318176191442
13,Fri,6,4488,6,0.6479,0.00491,0.315,0.67771,3.1192,0.67186,0.0,,,,,,,,,1.2292365860370729
13,Fri,7,4609,6,0.691,0.00895,0.529,0.68337,3.1996,0.67302,0.0,,,,,,,,,1.314086795591419
13,Fri,8,5050,6,0.7346,0.01175,0.705,0.67439,3.2164,0.66083,0.0,,,,,,,,,1.4015166704344462
13,Fri,9,5510,7,0.6958,0.00618,0.382,0.67863,3.1166,0.67138,0.0,,,,,,,,,1.541213920701177
13,Fri,10,6159,8,0.668,0.00384,0.238,0.68386,3.2432,0.67932,0.0,,,,,,,,,1.6867227607298727
13,Fri,11,6760,8,0.731,0.00739,0.407,0.68765,3.2382,0.67931,0.0,,,,,,,,,1.8514084321904938
13,Fri,12,7081,9,0.7066,0.00522,0.299,0.67791,3.2326,0.67198,0.0,,,,,,,,,2.0083774498087688
13,Fri,13,7628,9,0.7363,0.00721,0.433,0.68349,3.1284,0.67509,0.0,,,,,,,,,2.0958709344189623
13,Fri,14,7726,10,0.6856,0.00294,0.171,0.67878,3.1317,0.67542,0.0,,,,,,,,,2.1618393096600688
13,Fri,15,7735,10,0.6782,0.00286,0.18,0.68009,3.1856,0.67671,0.0,,,,,,,,,2.138023876892561
13,Fri,16,7348,9,0.7113,0.00417,0.257,0.67452,3.2387,0.66965,0.0,,,,,,,,,2.0221579080959486
13,Fri,17,6790,8,0.7359,0.00753,0.462,0.68528,3.153,0.67642,0.0,,,,,,,,,1.8643912308537902
13,Fri,18,5933,8,0.6584,0.00346,0.201,0.68027,3.1524,0.6763,0.0,,,,,,,,,1.6619132397229734
13,Fri,19,5130,7,0.6482,0.00458,0.269,0.68281,3.1848,0.67753,0.0,,,,,,,,,1.4326504280624073
13,Fri,20,4438,6,0.6505,0.00545,0.313,0.68205,3.2566,0.67583,0.0,,,,,,,,,1.2343205508645316
13,Fri,21,3870,5,0.6756,0.01034,0.624,0.68142,3.3086,0.66938,0.0,,,,,,,,,1.072468313432837
13,Fri,22,3483,5,0.6081,0.00524,0.332,0.68256,3.1306,0.67632,0.0,,,,,,,,,0.9616319454529803
13,Fri,23,3367,4,0.7084,0.01709,1.023,0.68542,3.2227,0.66553,0.0,,,,,,,,,0.9062752833303651
14,Sat,0,2428,4,0.525,0.00578,0.346,0.67894,3.2286,0.67225,0.0,,,,,,,,,0.6635458983280145
14,Sat,1,2502,4,0.5453,0.00629,0.334,0.68476,3.2161,0.67779,0.0,,,,,,,,,0.6897579393184713
14,Sat,2,2635,4,0.5716,0.008,0.474,0.69723,3.2283,0.68786,0.0,,,,,,,,,0.7238865990650933
14,Sat,3,2735,4,0.6078,0.00905,0.468,0.67138,3.1516,0.66155,0.0,,,,,,,,,0.7712394459131893
14,Sat,4,2945,4,0.638,0.00926,0.505,0.68174,3.1722,0.67139,0.0,,,,,,,,,0.8111584287298359
14,Sat,5,3113,4,0.6695,0.01412,0.811,0.69767,3.2566,0.68133,0.0,,,,,,,,,0.853303951975879
14,Sat,6,3223,4,0.7009,0.01885,1.046,0.68737,3.1232,0.66604,0.0,,,,,,,,,0.8959688318356984
14,Sat,7,3495,5,0.6032,0.00532,0.309,0.68203,3.2139,0.67593,0.0,,,,,,,,,0.9536744293517768
14,Sat,8,3721,5,0.6498,0.00665,0.422,0.68211,3.2109,0.6742,0.0,,,,,,,,,1.0298027637921472
14,Sat,9,4044,5,0.7092,0.01235,0.728,0.67772,3.2187,0.66352,0.0,,,,,,,,,1.128764543821657
14,Sat,10,4430,6,0.6544,0.00627,0.372,0.68166,3.1809,0.67441,0.0,,,,,,,,,1.2419539968677098
14,Sat,11,4841,6,0.7108,0.00752,0.444,0.69074,3.1673,0.68199,0.0,,,,,,,,,1.353553940609323
14,Sat,12,5340,7,0.6589,0.00506,0.287,0.68815,3.1547,0.68238,0.0,,,,,,,,,1.4569186683975568
14,Sat,13,5529,7,0.6981,0.00771,0.469,0.68236,3.1669,0.67334,0.0,,,,,,,,,1.546503980346337
14,Sat,14,5744,7,0.7063,0.00816,0.491,0.67609,3.1904,0.66665,0.0,,,,,,,,,1.5654036065819286
14,Sat,15,5614,7,0.71,0.008,0.481,0.6832,3.1896,0.67388,0.0,,,,,,,,,1.5739525428253485
14,Sat,16,5353,7,0.6734,0.0055,0.31,0.6836,3.169,0.67736,0.0,,,,,,,,,1.4899228196711989
14,Sat,17,4848,6,0.7161,0.01164,0.672,0.6822,3.2415,0.66888,0.0,,,,,,,,,1.3641815586257344
14,Sat,18,4441,6,0.6393,0.00608,0.346,0.68791,3.0818,0.68096,0.0,,,,,,,,,1.2124477357787478
14,Sat,19,3748,5,0.667,0.0118,0.686,0.68259,3.2553,0.66905,0.0,,,,,,,,,1.0581983263554573
14,Sat,20,3334,4,0.704,0.0201,1.224,0.67485,3.2407,0.65149,0.0,,,,,,,,,0.9002228993405412
14,Sat,21,2889,4,0.618,0.01092,0.581,0.68086,3.1851,0.66878,0.0,,,,,,,,,0.7846751184342646
14,Sat,22,2509,4,0.5606,0.00761,0.449,0.68061,3.2015,0.67184,0.0,,,,,,,,,0.7095871245012733
14,Sat,23,2400,4,0.5235,0.00562,0.341,0.68299,3.1747,0.67642,0.0,,,,,,,,,0.661613098118687
15,Sun,0,2605,4,0.7065,0.02689,1.639,,,,0.3,1815.0,790.0,0.68498,0.68373,3.3584,5.7676,0.65345,0.65224,0.7217169506427755
15,Sun,1,2654,5,0.5974,0.00715,0.422,,,,0.3,1853.0,801.0,0.67542,0.69947,3.203,5.9787,0.66721,0.69109,0.7523431569701339
15,Sun,2,2872,5,0.6289,0.00907,0.541,,,,0.3,2032.0,840.0,0.6835,0.68457,3.2174,5.8937,0.67298,0.67404,0.7934404843780278
15,Sun,3,3050,5,0.6665,0.01246,0.704,,,,0.3,2150.0,900.0,0.67147,0.7244,3.0931,6.3351,0.65748,0.70974,0.8431236273994323
15,Sun,4,3142,5,0.6958,0.01767,1.025,,,,0.3,2190.0,952.0,0.67612,0.71408,3.1739,6.0708,0.65597,0.69326,0.8824483243256093
15,Sun,5,3251,5,0.7336,0.0158,0.989,,,,0.3,2319.0,932.0,0.68315,0.70249,3.1215,5.8571,0.66444,0.68348,0.9342268977283134
15,Sun,6,3589,6,0.652,0.00814,0.49,,,,0.3,2484.0,1105.0,0.68868,0.70534,3.0532,5.8199,0.67916,0.69568,0.9858720251323045
15,Sun,7,3664,6,0.6888,0.01003,0.572,,,,0.3,2613.0,1051.0,0.68134,0.70589,3.185,6.0978,0.66992,0.69423,1.0440647883615846
15,Sun,8,4045,6,0.7328,0.0152,0.89,,,,0.3,2822.0,1223.0,0.6768,0.70318,3.1978,5.6899,0.65939,0.68537,1.1150674978904418
15,Sun,9,4300,8,0.6922,0.00743,0.428,,,,0.3,3030.0,1270.0,0.67514,0.71037,3.1113,8.544,0.6667,0.70167,1.2180061227610472
15,Sun,10,4824,9,0.6813,0.00581,0.325,,,,0.3,3355.0,1469.0,0.68201,0.71891,3.143,7.5105,0.67545,0.71213,1.3460905820190088
15,Sun,11,5294,10,0.6732,0.00431,0.257,,,,0.3,3674.0,1620.0,0.67992,0.71535,3.1072,7.8746,0.67493,0.71021,1.4759659265690441
15,Sun,12,5762,10,0.7189,0.00668,0.419,,,,0.3,4097.0,1665.0,0.68129,0.71625,3.2296,7.6281,0.67339,0.70812,1.579597908990178
15,Sun,13,6156,11,0.6958,0.00459,0.267,,,,0.3,4296.0,1860.0,0.67815,0.72016,3.1455,7.9202,0.6729,0.71472,1.6783085726612779
15,Sun,14,6174,11,0.7126,0.00534,0.318,,,,0.3,4284.0,1890.0,0.67655,0.71738,3.2111,7.7996,0.67039,0.71101,1.7201230788885584
15,Sun,15,6142,11,0.7042,0.00344,0.203,,,,0.3,4304.0,1838.0,0.68284,0.70762,3.2035,8.0428,0.67886,0.70357,1.6991838535612511
15,Sun,16,5895,10,0.7283,0.00709,0.414,,,,0.3,4142.0,1753.0,0.6794,0.7131,3.2101,7.6116,0.67127,0.70473,1.601156140312123
15,Sun,17,5289,10,0.6735,0.00434,0.24,,,,0.3,3713.0,1576.0,0.68283,0.70735,3.1297,7.4706,0.67795,0.70236,1.476640900648245
15,Sun,18,4706,8,0.6576,0.00568,0.319,,,,0.3,3279.0,1427.0,0.68169,0.69771,3.258,5.8697,0.67527,0.69119,1.3218924251298514
15,Sun,19,4079,7,0.6569,0.00601,0.369,,,,0.3,2868.0,1211.0,0.67576,0.70956,3.149,5.9986,0.66875,0.70235,1.156942254112273
15,Sun,20,3571,6,0.6543,0.00654,0.35,,,,0.3,2475.0,1096.0,0.68143,0.69876,3.2222,5.9632,0.67418,0.69139,0.9894837691232397
15,Sun,21,3076,5,0.6733,0.01142,0.64,,,,0.3,2145.0,931.0,0.68388,0.69836,3.2617,5.8095,0.67095,0.68526,0.8521970145687521
15,Sun,22,2680,5,0.6088,0.00758,0.405,,,,0.3,1865.0,815.0,0.67136,0.69451,3.0254,5.8792,0.66303,0.686,0.7671687785174197
15,Sun,23,2662,4,0.7089,0.02142,1.252,,,,0.3,1855.0,807.0,0.67521,0.69986,3.1684,5.9606,0.65074,0.67485,0.7243928294961501
16,Mon,0,2934,5,0.6754,0.01355,0.808,,,,0.3,2046.0,888.0,0.67588,0.72335,3.2673,5.843,0.66026,0.70709,0.8550052322885167
16,Mon,1,3283,5,0.6955,0.01379,0.783,,,,0.3,2226.0,1057.0,0.6917,0.69016,3.1667,5.8326,0.6759,0.67438,0.8820424719427917
16,Mon,2,3345,5,0.7384,0.01777,1.007,,,,0.3,2379.0,966.0,0.67271,0.68989,3.1995,5.5708,0.6527,0.66957,0.9409050064965294
16,Mon,3,3560,6,0.656,0.00605,0.374,,,,0.3,2479.0,1081.0,0.68962,0.69027,3.1064,5.9401,0.68246,0.6831,0.992155296857915
16,Mon,4,3738,6,0.6915,0.00913,0.553,,,,0.3,2595.0,1143.0,0.68282,0.7076,3.187,6.0967,0.67215,0.69671,1.0483720721726861
16,Mon,5,3987,6,0.7199,0.01336,0.751,,,,0.3,2717.0,1270.0,0.68246,0.70562,3.2451,6.0923,0.66734,0.69019,1.0940565508940125
16,Mon,6,4107,7,0.6555,0.00553,0.318,,,,0.3,2901.0,1206.0,0.68619,0.71393,3.0839,5.7675,0.67985,0.70744,1.15439669455282
16,Mon,7,4480,7,0.6973,0.00745,0.431,,,,0.3,3145.0,1335.0,0.6699,0.69278,3.1819,5.7079,0.66146,0.68417,1.230967333049306
16,Mon,8,4673,8,0.6595,0.00501,0.302,,,,0.3,3302.0,1371.0,0.68076,0.70004,3.1558,5.5926,0.67493,0.69411,1.3258175924173448
16,Mon,9,5192,9,0.7282,0.00587,0.353,,,,0.3,3596.0,1596.0,0.68825,0.70052,3.2059,7.8542,0.68138,0.69358,1.4427292733167802
16,Mon,10,5651,10,0.7188,0.00652,0.389,,,,0.3,3893.0,1758.0,0.68227,0.7263,3.1231,7.3556,0.67471,0.71845,1.5793690790233597
16,Mon,11,6341,11,0.719,0.00445,0.28,,,,0.3,4387.0,1954.0,0.68065,0.71709,3.1633,8.0575,0.67538,0.71166,1.7361231878915175
16,Mon,12,6688,12,0.7116,0.00466,0.273,,,,0.3,4666.0,2022.0,0.6739,0.71232,3.2195,7.9407,0.66857,0.70682,1.872400666460214
16,Mon,13,7064,13,0.6918,0.00378,0.216,,,,0.3,4957.0,2107.0,0.68107,0.70091,3.1919,7.9433,0.67677,0.69654,1.969485208385605
16,Mon,14,7260,13,0.7153,0.0038,0.218,,,,0.3,5108.0,2152.0,0.68001,0.72526,3.2546,7.6464,0.67569,0.72076,2.0380648777069785
16,Mon,15,7141,13,0.6989,0.00346,0.2,,,,0.3,4969.0,2172.0,0.6969,0.71567,3.2017,7.8498,0.69289,0.71159,1.9901538423538159
16,Mon,16,6890,12,0.7189,0.00418,0.24,,,,0.3,4781.0,2109.0,0.6859,0.70171,3.1647,7.9074,0.68112,0.69686,1.8922151790744022
16,Mon,17,6322,11,0.7209,0.00531,0.322,,,,0.3,4433.0,1889.0,0.69298,0.71074,3.1676,7.8809,0.68673,0.70439,1.7408813969258707
16,Mon,18,5482,9,0.6881,0.00621,0.373,,,,0.3,3943.0,1539.0,0.68327,0.70975,3.2253,6.0518,0.67605,0.70236,1.5564884353078106
16,Mon,19,4865,8,0.671,0.00561,0.326,,,,0.3,3437.0,1428.0,0.68495,0.70807,3.1577,5.522,0.6785,0.70149,1.3496237296796973
16,Mon,20,4175,7,0.6594,0.00577,0.338,,,,0.3,2959.0,1216.0,0.68252,0.69947,3.1697,5.8098,0.67588,0.69273,1.1614908253527272
16,Mon,21,3648,6,0.6654,0.00809,0.436,,,,0.3,2580.0,1068.0,0.68271,0.66898,3.2554,5.7337,0.6737,0.66008,1.006958749944189
16,Mon,22,3249,5,0.7089,0.01654,0.953,,,,0.3,2213.0,1036.0,0.68168,0.70659,3.2034,5.6684,0.66279,0.68728,0.9002432220550183
16,Mon,23,2972,5,0.6708,0.01326,0.829,,,,0.3,2063.0,909.0,0.69839,0.70608,3.0412,6.146,0.68249,0.69008,0.8488577205234681
17,Tue,0,3351,6,0.6206,0.00498,0.289,,,,0.3,2352.0,999.0,0.68547,0.69193,3.2203,5.935,0.67974,0.68617,0.9368443357867389
17,Tue,1,3426,6,0.6456,0.00813,0.442,,,,0.3,2376.0,1050.0,0.68851,0.67276,3.1628,6.0564,0.67937,0.66375,0.9758377036836609
17,Tue,2,3824,6,0.6859,0.0096,0.588,,,,0.3,2664.0,1160.0,0.68942,0.68012,3.3141,5.5946,0.6781,0.66889,1.0394447418185488
17,Tue,3,3885,6,0.7196,0.01104,0.664,,,,0.3,2814.0,1071.0,0.68204,0.69038,3.1725,5.7001,0.6692,0.67745,1.093570019557919
17,Tue,4,4017,7,0.6551,0.00698,0.389,,,,0.3,2854.0,1163.0,0.67372,0.70154,3.1885,6.0342,0.66591,0.69354,1.1536696055178304
17,Tue,5,4455,7,0.6817,0.00803,0.469,,,,0.3,3116.0,1339.0,0.6788,0.69782,3.2139,5.8435,0.66959,0.68846,1.2022433157812698
17,Tue,6,4532,7,0.7192,0.01123,0.673,,,,0.3,3159.0,1373.0,0.68106,0.70837,3.1562,5.8834,0.66803,0.69503,1.2716485949719822
17,Tue,7,4780,8,0.674,0.00416,0.253,,,,0.3,3327.0,1453.0,0.67755,0.7118,3.1678,6.0684,0.6727,0.70681,1.3558484148979024
17,Tue,8,5314,8,0.7183,0.00674,0.363,,,,0.3,3646.0,1668.0,0.68245,0.71032,3.1871,5.9762,0.67494,0.70262,1.4485978970217483
17,Tue,9,5788,10,0.726,0.00513,0.308,,,,0.3,4063.0,1725.0,0.68235,0.703,3.1406,7.9254,0.67638,0.69692,1.5958722219331638
17,Tue,10,6338,11,0.728,0.00523,0.317,,,,0.3,4438.0,1900.0,0.67098,0.70579,3.1438,7.9121,0.66493,0.69956,1.7586970015702161
17,Tue,11,6817,12,0.7244,0.00546,0.331,,,,0.3,4693.0,2124.0,0.67887,0.71315,3.1549,7.9196,0.67252,0.70661,1.9071807880825595
17,Tue,12,7425,13,0.7197,0.00431,0.26,,,,0.3,5149.0,2276.0,0.68641,0.72009,3.2562,7.6287,0.68137,0.7149,2.0509634828957135
17,Tue,13,7831,14,0.7049,0.00254,0.159,,,,0.3,5445.0,2386.0,0.68048,0.71396,3.2298,7.9486,0.67747,0.71087,2.1610979495586164
17,Tue,14,8063,14,0.7269,0.00331,0.201,,,,0.3,5678.0,2385.0,0.67657,0.71222,3.1619,7.685,0.67272,0.70825,2.2302885759926068
17,Tue,15,8065,14,0.7172,0.00291,0.172,,,,0.3,5595.0,2470.0,0.67896,0.70595,3.0518,7.9034,0.67561,0.70252,2.199720915668144
17,Tue,16,7565,13,0.7342,0.0051,0.297,,,,0.3,5356.0,2209.0,0.68644,0.71213,3.1833,7.7714,0.68056,0.70613,2.0936212644955514
17,Tue,17,6953,12,0.7326,0.00414,0.239,,,,0.3,4898.0,2055.0,0.68945,0.71798,3.1506,7.6892,0.68468,0.71309,1.9295565043142329
17,Tue,18,6214,10,0.6857,0.00419,0.232,,,,0.3,4315.0,1899.0,0.68346,0.70319,3.1365,5.8961,0.67874,0.69839,1.721690877906369
17,Tue,19,5413,8,0.7363,0.00889,0.485,,,,0.3,3807.0,1606.0,0.67757,0.70152,3.1845,5.8597,0.66767,0.69141,1.48683013318944
17,Tue,20,4609,7,0.7225,0.0114,0.696,,,,0.3,3214.0,1395.0,0.68128,0.69132,3.2483,5.9216,0.66794,0.67787,1.2778195145513966
17,Tue,21,3903,6,0.7234,0.01257,0.761,,,,0.3,2736.0,1167.0,0.68499,0.70314,3.1841,5.8315,0.6703,0.68822,1.0997395870452187
17,Tue,22,3568,6,0.6623,0.00744,0.411,,,,0.3,2504.0,1064.0,0.68002,0.70754,3.2056,5.5753,0.67167,0.69898,1.0020707393601769
17,Tue,23,3422,6,0.6258,0.00739,0.415,,,,0.3,2404.0,1018.0,0.68514,0.70561,3.1812,6.104,0.67676,0.69708,0.9449301060842006
18,Wed,0,3331,5,0.7336,0.02215,1.215,,,,0.3,2388.0,943.0,0.66923,0.70302,3.1203,6.2533,0.64469,0.67773,0.9342268977478856
18,Wed,1,3518,6,0.6409,0.00611,0.364,,,,0.3,2452.0,1066.0,0.67587,0.71163,3.1966,5.8647,0.66883,0.70437,0.9684829844829592
18,Wed,2,3740,6,0.6777,0.00786,0.48,,,,0.3,2601.0,1139.0,0.68124,0.7035,3.1279,6.0167,0.67205,0.69414,1.0264151021120456
18,Wed,3,3892,6,0.7193,0.01144,0.662,,,,0.3,2727.0,1165.0,0.68043,0.70312,3.1072,5.8831,0.66736,0.68979,1.0930835796133
18,Wed,4,4110,7,0.6545,0.00642,0.346,,,,0.3,2867.0,1243.0,0.67045,0.72466,3.2424,5.807,0.66338,0.71724,1.152579148847896
18,Wed,5,4326,7,0.6761,0.00604,0.319,,,,0.3,3026.0,1300.0,0.6796,0.71111,3.1738,5.773,0.67294,0.70426,1.1919774933288037
18,Wed,6,4633,7,0.7185,0.00875,0.504,,,,0.3,3231.0,1402.0,0.67546,0.69639,3.1052,5.6532,0.66552,0.68626,1.2703410787112146
18,Wed,7,4762,8,0.6703,0.00485,0.271,,,,0.3,3350.0,1412.0,0.67677,0.70831,3.1503,5.9337,0.67132,0.70271,1.3481721875279993
18,Wed,8,5429,8,0.7179,0.00903,0.507,,,,0.3,3810.0,1619.0,0.67309,0.70103,3.1785,6.1728,0.66296,0.69065,1.4477523821169656
18,Wed,9,5744,10,0.7193,0.00752,0.465,,,,0.3,4055.0,1689.0,0.69009,0.71476,3.1425,7.6415,0.68117,0.70566,1.5805133335551949
18,Wed,10,6267,11,0.7254,0.00538,0.311,,,,0.3,4367.0,1900.0,0.67939,0.71172,3.1821,7.6816,0.67325,0.70541,1.7521664400061783
18,Wed,11,6988,12,0.7235,0.00522,0.294,,,,0.3,4920.0,2068.0,0.67555,0.70782,3.2227,7.3572,0.66967,0.70177,1.904729610286436
18,Wed,12,7270,13,0.7254,0.00399,0.236,,,,0.3,5110.0,2160.0,0.68474,0.70882,3.1417,7.9416,0.68012,0.7041,2.067703746409751
18,Wed,13,8009,14,0.7087,0.00234,0.129,,,,0.3,5655.0,2354.0,0.67814,0.7172,3.2321,7.5938,0.67552,0.71449,2.1730148462848247
18,Wed,14,7950,14,0.7212,0.00388,0.216,,,,0.3,5508.0,2442.0,0.68007,0.72207,3.2031,7.6831,0.67571,0.71754,2.2123137925238554
18,Wed,15,7999,14,0.7225,0.00319,0.187,,,,0.3,5604.0,2395.0,0.6707,0.72195,3.2331,7.6291,0.66707,0.71815,2.2164101468369077
18,Wed,16,7602,13,0.7336,0.00418,0.241,,,,0.3,5315.0,2287.0,0.68187,0.71283,3.1757,7.962,0.67709,0.70792,2.091851205140319
18,Wed,17,6777,12,0.7353,0.0046,0.27,,,,0.3,4772.0,2005.0,0.68726,0.70182,3.202,7.7585,0.68194,0.69643,1.9369417078968336
18,Wed,18,6262,10,0.6813,0.00335,0.196,,,,0.3,4388.0,1874.0,0.6849,0.70605,3.1165,6.0502,0.68104,0.70212,1.7103588162580587
18,Wed,19,5428,8,0.7391,0.00839,0.475,,,,0.3,3783.0,1645.0,0.69065,0.70325,3.2416,6.0142,0.68106,0.69355,1.4928120461183623
18,Wed,20,4484,7,0.7187,0.00939,0.537,,,,0.3,3142.0,1342.0,0.67402,0.69646,3.2445,6.0714,0.66339,0.68562,1.2707146030194998
18,Wed,21,3962,6,0.7283,0.0123,0.738,,,,0.3,2783.0,1179.0,0.6705,0.685,3.1014,5.745,0.65635,0.67067,1.1077175629800142
18,Wed,22,3604,6,0.6534,0.00891,0.53,,,,0.3,2484.0,1120.0,0.69205,0.71008,3.2256,6.1825,0.68164,0.69951,0.988070114092497
18,Wed,23,3336,6,0.6235,0.0046,0.268,,,,0.3,2344.0,992.0,0.69075,0.69433,3.2244,5.988,0.68543,0.68899,0.9413521902025872
19,Thu,0,3300,5,0.7205,0.01423,0.796,,,,0.3,2291.0,1009.0,0.69011,0.71344,3.2179,5.9828,0.67393,0.69692,0.9161278798936109
19,Thu,1,3384,6,0.6352,0.00685,0.381,,,,0.3,2399.0,985.0,0.69417,0.71523,3.0994,5.5847,0.68637,0.70728,0.959578897233645
19,Thu,2,3595,6,0.6623,0.00823,0.511,,,,0.3,2536.0,1059.0,0.67911,0.69981,3.1839,6.0352,0.66943,0.68997,1.0020707393397241
19,Thu,3,3761,6,0.7038,0.01103,0.659,,,,0.3,2630.0,1131.0,0.68522,0.70786,3.2462,5.7298,0.67239,0.69478,1.0680694382932197
19,Thu,4,4076,7,0.6434,0.00432,0.256,,,,0.3,2838.0,1238.0,0.68052,0.70215,3.1914,5.8532,0.67554,0.69707,1.1324427107774178
19,Thu,5,4239,7,0.6728,0.00765,0.449,,,,0.3,2997.0,1242.0,0.68575,0.69122,3.1454,5.9807,0.67691,0.68233,1.1859384327875377
19,Thu,6,4532,7,0.7128,0.00718,0.418,,,,0.3,3196.0,1336.0,0.69402,0.69943,3.0242,6.1127,0.68569,0.69106,1.2597127052103203
19,Thu,7,4629,8,0.6575,0.0041,0.258,,,,0.3,3202.0,1427.0,0.68472,0.7091,3.1669,5.8111,0.67985,0.70413,1.3216858978927708
19,Thu,8,4951,8,0.7033,0.00875,0.512,,,,0.3,3420.0,1531.0,0.6843,0.6912,3.0831,5.9062,0.67422,0.68106,1.417000594314711
19,Thu,9,5534,10,0.7095,0.00568,0.341,,,,0.3,3835.0,1699.0,0.68018,0.7094,3.2359,8.0563,0.67359,0.70265,1.558132228540604
19,Thu,10,6085,11,0.7134,0.00423,0.249,,,,0.3,4212.0,1873.0,0.67443,0.69878,3.2131,7.6609,0.66959,0.69383,1.7221208284569447
19,Thu,11,6798,12,0.7133,0.00398,0.238,,,,0.3,4748.0,2050.0,0.69113,0.7162,3.2139,8.1101,0.68648,0.71144,1.877010211101728
19,Thu,12,7215,13,0.7049,0.00349,0.218,,,,0.3,5105.0,2110.0,0.69151,0.71613,3.2184,7.8162,0.68735,0.71189,2.0076535548254846
19,Thu,13,7662,14,0.6965,0.00241,0.138,,,,0.3,5293.0,2369.0,0.68846,0.70257,3.2258,7.6641,0.68569,0.69978,2.13480063314099
19,Thu,14,7943,14,0.7093,0.00286,0.167,,,,0.3,5584.0,2359.0,0.6811,0.72971,3.2332,7.9477,0.67782,0.72628,2.174897683988083
19,Thu,15,7953,14,0.7064,0.00323,0.202,,,,0.3,5570.0,2383.0,0.6803,0.70631,3.2241,8.2306,0.67649,0.70242,2.1658004071542933
19,Thu,16,7294,13,0.7214,0.00353,0.222,,,,0.3,5081.0,2213.0,0.68805,0.71512,3.1732,7.6411,0.68384,0.71082,2.055952485983534
19,Thu,17,6931,12,0.72,0.00561,0.319,,,,0.3,4844.0,2087.0,0.67704,0.71194,3.217,7.7984,0.67069,0.70539,1.8952056912214605
19,Thu,18,6042,9,0.7432,0.00839,0.531,,,,0.3,4308.0,1734.0,0.67553,0.70618,3.1735,5.8919,0.66562,0.69601,1.6864702449112812
19,Thu,19,5241,8,0.7255,0.00965,0.536,,,,0.3,3717.0,1524.0,0.67386,0.7115,3.2432,5.944,0.66307,0.70035,1.4638465144886403
19,Thu,20,4460,7,0.7057,0.00923,0.532,,,,0.3,3166.0,1294.0,0.68469,0.6756,3.1874,5.9363,0.67411,0.6651,1.2465181877079727
19,Thu,21,3924,6,0.7101,0.01206,0.723,,,,0.3,2752.0,1172.0,0.68826,0.70422,3.2051,6.1549,0.67417,0.68994,1.0782091932542097
19,Thu,22,3607,6,0.64,0.00699,0.402,,,,0.3,2544.0,1063.0,0.69466,0.69663,3.2835,5.8421,0.68659,0.68854,0.9670759657039736
19,Thu,23,3457,5,0.7203,0.01773,1.098,,,,0.3,2444.0,1013.0,0.68457,0.70439,3.2004,5.6185,0.66365,0.68312,0.9158529205309696
20,Fri,0,3294,5,0.7241,0.01737,1.0,,,,0.3,2326.0,968.0,0.66849,0.69165,3.1811,6.3477,0.64888,0.67163,0.921083955577764
20,Fri,1,3459,6,0.6315,0.00773,0.464,,,,0.3,2395.0,1064.0,0.67987,0.71288,3.2309,6.1906,0.6709,0.70366,0.9538077912589968
20,Fri,2,3669,6,0.6707,0.0095,0.534,,,,0.3,2529.0,1140.0,0.68473,0.69799,3.1999,5.8328,0.67395,0.68708,1.0153299583534903
20,Fri,3,3705,6,0.7119,0.01105,0.701,,,,0.3,2537.0,1168.0,0.68084,0.70169,3.1426,5.7935,0.66771,0.68833,1.0811129790141538
20,Fri,4,4172,7,0.6389,0.00459,0.285,,,,0.3,2865.0,1307.0,0.69148,0.70533,3.1574,5.7765,0.68602,0.69981,1.124298408684033
20,Fri,5,4333,7,0.6715,0.00556,0.324,,,,0.3,3016.0,1317.0,0.68896,0.69678,3.1798,6.1342,0.68253,0.69031,1.1835614730315855
20,Fri,6,4358,7,0.7095,0.01048,0.581,,,,0.3,3066.0,1292.0,0.68313,0.70594,3.3226,5.794,0.67132,0.69389,1.2535740918809488
20,Fri,7,4845,8,0.6615,0.00496,0.292,,,,0.3,3371.0,1474.0,0.68198,0.69232,3.2142,5.9264,0.67626,0.68654,1.3299517356596455
20,Fri,8,5132,8,0.712,0.00753,0.438,,,,0.3,3525.0,1607.0,0.67981,0.68547,3.0973,6.0365,0.67119,0.67681,1.435300132305255
20,Fri,9,5614,10,0.7112,0.00573,0.316,,,,0.3,3954.0,1660.0,0.68861,0.71306,3.1762,8.1281,0.68213,0.70644,1.5620078463040912
20,Fri,10,6332,11,0.7064,0.00394,0.222,,,,0.3,4461.0,1871.0,0.68895,0.73136,3.1385,7.721,0.68446,0.72671,1.7046615340074611
20,Fri,11,6778,12,0.7101,0.00443,0.262,,,,0.3,4762.0,2016.0,0.67628,0.70676,3.198,7.9105,0.67119,0.70154,1.8683357649356616
20,Fri,12,7265,13,0.7117,0.00274,0.193,,,,0.3,5135.0,2130.0,0.6828,0.71422,3.2287,7.7508,0.67939,0.71071,2.02752609429343
20,Fri,13,7739,14,0.6997,0.0029,0.168,,,,0.3,5420.0,2319.0,0.67682,0.7187,3.1554,7.7015,0.6735,0.71527,2.1448115428441215
20,Fri,14,7787,14,0.7137,0.00312,0.177,,,,0.3,5518.0,2269.0,0.6802,0.71287,3.1641,7.9023,0.67666,0.70922,2.1887156820375027
20,Fri,15,7722,14,0.7056,0.00271,0.169,,,,0.3,5371.0,2351.0,0.68382,0.7262,3.1874,8.2226,0.68062,0.72288,2.163292176100615
20,Fri,16,7316,13,0.7229,0.00416,0.251,,,,0.3,5135.0,2181.0,0.67838,0.72031,3.2313,8.0511,0.67355,0.71531,2.0603571405781
20,Fri,17,6836,12,0.7208,0.00352,0.206,,,,0.3,4795.0,2041.0,0.6774,0.72146,3.1577,7.7311,0.67337,0.71727,1.8973814182871034
20,Fri,18,6041,10,0.67,0.0036,0.214,,,,0.3,4327.0,1714.0,0.68389,0.69395,3.1408,5.4765,0.67972,0.68974,1.6813204442428453
20,Fri,19,5267,8,0.7284,0.0084,0.474,,,,0.3,3670.0,1597.0,0.68062,0.69637,3.1893,5.7675,0.67111,0.68673,1.470004568146187
20,Fri,20,4451,7,0.7073,0.00784,0.415,,,,0.3,3124.0,1327.0,0.6855,0.70112,3.1546,5.7864,0.67681,0.69231,1.2494874522569552
20,Fri,21,3916,6,0.718,0.01369,0.823,,,,0.3,2750.0,1166.0,0.68022,0.69655,3.1707,5.8282,0.66433,0.68043,1.0909767233001733
20,Fri,22,3501,6,0.6483,0.00643,0.374,,,,0.3,2446.0,1055.0,0.68072,0.70539,3.2074,5.7418,0.67335,0.69786,0.9800681528292408
20,Fri,23,3331,5,0.7285,0.01999,1.206,,,,0.3,2342.0,989.0,0.67826,0.69953,3.3178,5.724,0.65505,0.6759,0.9271593236578202
21,Sat,0,2539,4,0.6877,0.01743,1.005,,,,0.3,1712.0,827.0,0.68758,0.69599,3.2954,5.7893,0.66756,0.67582,0.7009144671482637
21,Sat,1,2531,4,0.7099,0.02241,1.286,,,,0.3,1786.0,745.0,0.68259,0.69829,3.0733,5.8641,0.65701,0.67236,0.7255092140212404
21,Sat,2,2742,5,0.6072,0.00646,0.383,,,,0.3,1911.0,831.0,0.68478,0.7089,3.0904,5.8309,0.67729,0.70126,0.7650848979959893
21,Sat,3,2934,5,0.6447,0.0099,0.58,,,,0.3,2066.0,868.0,0.68318,0.68568,3.2011,5.7115,0.67179,0.67426,0.8142246689722961
21,Sat,4,3109,5,0.6753,0.0145,0.904,,,,0.3,2152.0,957.0,0.67633,0.69898,3.1139,5.9623,0.65929,0.68161,0.85487144035025
21,Sat,5,3219,5,0.7086,0.01708,0.92,,,,0.3,2298.0,921.0,0.68937,0.69643,3.0845,6.0859,0.67023,0.67717,0.8998340561782461
21,Sat,6,3409,6,0.6261,0.00624,0.351,,,,0.3,2355.0,1054.0,0.69779,0.70288,3.1657,5.9031,0.69062,0.69568,0.9453969708109939
21,Sat,7,3633,6,0.665,0.008,0.454,,,,0.3,2521.0,1112.0,0.68288,0.6961,3.1692,5.7615,0.67379,0.6869,1.0063276977172142
21,Sat,8,3879,6,0.7117,0.01021,0.646,,,,0.3,2683.0,1196.0,0.66763,0.706,3.1788,6.0397,0.65564,0.69363,1.0807901853612059
21,Sat,9,4148,8,0.6694,0.00568,0.338,,,,0.3,2923.0,1225.0,0.68985,0.70891,3.1234,8.1631,0.68323,0.70218,1.1763790566916614
21,Sat,10,4767,8,0.7314,0.01073,0.624,,,,0.3,3326.0,1441.0,0.68987,0.71128,3.2128,7.7675,0.67747,0.69865,1.2906041602467957
21,Sat,11,5186,9,0.721,0.00562,0.369,,,,0.3,3600.0,1586.0,0.67702,0.71022,3.246,8.1766,0.67026,0.70327,1.4277564898105939
21,Sat,12,5500,10,0.7,0.00444,0.277,,,,0.3,3851.0,1649.0,0.67825,0.708,3.1501,7.9846,0.67302,0.70263,1.5365238132544623
21,Sat,13,5872,10,0.7358,0.00822,0.476,,,,0.3,4100.0,1772.0,0.68489,0.71497,3.1985,7.8796,0.67545,0.70529,1.6184293472676465
21,Sat,14,5924,11,0.6929,0.00306,0.196,,,,0.3,4196.0,1728.0,0.67558,0.70504,3.1149,8.3041,0.67194,0.70132,1.6711155248551481
21,Sat,15,5923,11,0.6764,0.00246,0.136,,,,0.3,4206.0,1717.0,0.68487,0.71252,3.1633,8.1582,0.6821,0.70968,1.6303133565682375
21,Sat,16,5550,10,0.7135,0.0062,0.356,,,,0.3,3886.0,1664.0,0.67851,0.69881,3.2024,7.6853,0.67146,0.69164,1.5672557975680927
21,Sat,17,5222,9,0.7249,0.00611,0.377,,,,0.3,3722.0,1500.0,0.67946,0.71838,3.0781,7.6475,0.67229,0.71097,1.4358596838458113
21,Sat,18,4499,7,0.726,0.01127,0.69,,,,0.3,3184.0,1315.0,0.68252,0.68065,3.0508,5.9148,0.66931,0.66746,1.284377190840837
21,Sat,19,4022,6,0.7268,0.01333,0.83,,,,0.3,2801.0,1221.0,0.68378,0.69034,3.1014,5.9574,0.66803,0.67449,1.1052725767847131
21,Sat,20,3421,6,0.6292,0.00605,0.342,,,,0.3,2399.0,1022.0,0.68074,0.72788,3.1916,6.0502,0.67389,0.72074,0.9502237089749322
21,Sat,21,2900,5,0.6527,0.00968,0.533,,,,0.3,2018.0,882.0,0.68983,0.68866,3.1597,5.9987,0.67889,0.67773,0.8247980430870181
21,Sat,22,2749,4,0.7241,0.02523,1.462,,,,0.3,1934.0,815.0,0.68001,0.7056,3.1741,5.8812,0.65115,0.6761,0.7414575220201021
21,Sat,23,2591,4,0.6875,0.0153,0.894,,,,0.3,1801.0,790.0,0.6828,0.68932,3.2588,5.807,0.6652,0.67162,0.7006945921849734
22,Sun,0,2377,4,0.6684,0.01706,1.018,,,,0.3,1690.0,687.0,0.69214,0.71168,3.1657,5.7012,0.67218,0.69139,0.6798219737425588
22,Sun,1,2454,4,0.6873,0.01819,1.084,,,,0.3,1722.0,732.0,0.66886,0.70277,3.1159,5.722,0.64802,0.68131,0.7004747458098038
22,Sun,2,2580,4,0.7211,0.01928,1.191,,,,0.3,1804.0,776.0,0.67546,0.71702,3.2748,5.9539,0.65291,0.69366,0.7380727610778318
22,Sun,3,2914,5,0.621,0.00782,0.463,,,,0.3,2055.0,859.0,0.68302,0.6804,3.2456,5.7395,0.67398,0.67138,0.7830935411135354
22,Sun,4,2994,5,0.6529,0.01159,0.642,,,,0.3,2115.0,879.0,0.66994,0.70603,3.3043,5.6086,0.65704,0.69271,0.825062832574947
22,Sun,5,3067,5,0.6858,0.01572,0.855,,,,0.3,2109.0,958.0,0.68079,0.70093,3.1504,6.0175,0.66324,0.68307,0.8689575786518666
22,Sun,6,3374,5,0.7165,0.01676,0.934,,,,0.3,2311.0,1063.0,0.68136,0.71496,3.1136,5.8362,0.66247,0.69551,0.9106360908498126
22,Sun,7,3397,6,0.6444,0.00807,0.469,,,,0.3,2411.0,986.0,0.68887,0.7157,3.1182,5.9887,0.67956,0.70617,0.9739587802298136
22,Sun,8,3744,6,0.6921,0.01202,0.734,,,,0.3,2658.0,1086.0,0.68414,0.69344,3.1364,5.8661,0.67004,0.67923,1.0493300275222865
22,Sun,9,4166,7,0.7404,0.01053,0.653,,,,0.3,2928.0,1238.0,0.67454,0.71079,3.103,8.2337,0.66221,0.69808,1.1468605905991782
22,Sun,10,4498,8,0.7174,0.0091,0.51,,,,0.3,3135.0,1363.0,0.68685,0.71592,3.1806,7.71,0.67653,0.70532,1.2645039710151824
22,Sun,11,4904,9,0.695,0.00543,0.299,,,,0.3,3455.0,1449.0,0.67682,0.69985,3.173,7.6383,0.67074,0.69365,1.3741191871559257
22,Sun,12,5529,10,0.6769,0.0044,0.276,,,,0.3,3847.0,1682.0,0.67541,0.71414,3.2054,7.8136,0.67023,0.70879,1.4842948799658409
22,Sun,13,5788,10,0.7106,0.006,0.325,,,,0.3,4062.0,1726.0,0.68347,0.69375,3.1406,8.0121,0.67677,0.68698,1.560639663722479
22,Sun,14,5859,10,0.7278,0.00672,0.39,,,,0.3,4159.0,1700.0,0.68247,0.71568,3.1766,7.657,0.67476,0.70775,1.600006949602998
22,Sun,15,5669,10,0.7203,0.00539,0.308,,,,0.3,3992.0,1677.0,0.67838,0.71202,3.1563,7.7287,0.67226,0.70572,1.5828026319334756
22,Sun,16,5490,10,0.6911,0.00466,0.27,,,,0.3,3846.0,1644.0,0.67449,0.71428,3.1312,7.943,0.66919,0.70879,1.5163514407506589
22,Sun,17,5029,9,0.7042,0.00604,0.363,,,,0.3,3488.0,1541.0,0.67499,0.71077,3.0903,7.8959,0.66801,0.70357,1.3930271435109955
22,Sun,18,4514,7,0.7039,0.00861,0.5,,,,0.3,3180.0,1334.0,0.68811,0.68646,3.2066,5.9388,0.6782,0.67656,1.2431805727131577
22,Sun,19,3960,6,0.6999,0.0076,0.509,,,,0.3,2769.0,1191.0,0.68591,0.70782,3.1947,6.0621,0.67663,0.69837,1.0618101315843522
22,Sun,20,3364,5,0.7249,0.01524,0.885,,,,0.3,2369.0,995.0,0.68065,0.66642,3.1079,5.9191,0.66319,0.64918,0.9221870809835608
22,Sun,21,2886,5,0.6294,0.0087,0.536,,,,0.3,2045.0,841.0,0.68567,0.69895,3.0535,5.5919,0.67542,0.68858,0.7940963283516516
22,Sun,22,2586,4,0.7016,0.02019,1.223,,,,0.3,1832.0,754.0,0.67915,0.70338,3.0777,5.5528,0.65566,0.6794,0.7162684597322515
22,Sun,23,2398,4,0.6694,0.01559,0.867,,,,0.3,1709.0,689.0,0.69582,0.71839,3.26,5.9762,0.67804,0.70026,0.6809089037427507
23,Mon,0,3086,5,0.6633,0.01064,0.68,,,,0.3,2170.0,916.0,0.68368,0.715,3.2434,5.9529,0.67096,0.70195,0.8388639843471641
23,Mon,1,3153,5,0.6837,0.01208,0.728,,,,0.3,2166.0,987.0,0.68541,0.69813,3.1263,5.7463,0.6713,0.68387,0.8661340766987101
23,Mon,2,3336,5,0.7223,0.01867,1.006,,,,0.3,2316.0,1020.0,0.67352,0.69799,3.1566,5.692,0.6529,0.67691,0.9186042960808265
23,Mon,3,3520,6,0.6465,0.00698,0.404,,,,0.3,2481.0,1039.0,0.68221,0.69617,3.1389,5.6988,0.67421,0.68807,0.9772474091818244
23,Mon,4,3684,6,0.6781,0.00786,0.464,,,,0.3,2584.0,1100.0,0.69114,0.71401,3.2801,5.8404,0.68199,0.70468,1.0270495653972316
23,Mon,5,3893,6,0.7203,0.01382,0.796,,,,0.3,2699.0,1194.0,0.68448,0.70201,3.2163,6.1785,0.66866,0.68595,1.0947054019392244
23,Mon,6,4029,7,0.6497,0.00432,0.272,,,,0.3,2818.0,1211.0,0.69408,0.70456,3.1959,5.9278,0.68891,0.69935,1.1438630126821927
23,Mon,7,4411,7,0.6777,0.00758,0.442,,,,0.3,3046.0,1365.0,0.67647,0.69548,3.2505,5.9852,0.66781,0.68667,1.1949082777251272
23,Mon,8,4722,7,0.7383,0.01237,0.714,,,,0.3,3223.0,1499.0,0.67398,0.69944,3.2523,6.1512,0.65993,0.68508,1.3075334405402392
23,Mon,9,5126,9,0.7213,0.00906,0.517,,,,0.3,3583.0,1543.0,0.67992,0.69974,3.1054,7.7319,0.66962,0.68926,1.428379232912588
23,Mon,10,5653,10,0.7166,0.00523,0.3,,,,0.3,3955.0,1698.0,0.68251,0.70543,3.0313,8.077,0.67654,0.69934,1.5743374468370481
23,Mon,11,6140,11,0.707,0.00418,0.261,,,,0.3,4327.0,1813.0,0.6734,0.69632,3.1063,7.884,0.66849,0.69132,1.7061562205255905
23,Mon,12,6576,12,0.6973,0.00485,0.288,,,,0.3,4629.0,1947.0,0.68419,0.7067,3.1707,7.947,0.67857,0.70097,1.8337331902189566
23,Mon,13,6964,12,0.7458,0.00491,0.298,,,,0.3,4921.0,2043.0,0.69422,0.69917,3.1456,7.9921,0.68843,0.69335,1.9657514012580473
23,Mon,14,7268,13,0.703,0.00347,0.196,,,,0.3,5123.0,2145.0,0.68154,0.71491,3.2047,8.0899,0.67761,0.71087,2.002108550084396
23,Mon,15,7136,13,0.6883,0.00365,0.219,,,,0.3,5036.0,2100.0,0.68786,0.7111,3.2098,7.7388,0.68359,0.70675,1.9593112462567321
23,Mon,16,6759,12,0.7155,0.00392,0.235,,,,0.3,4794.0,1965.0,0.68605,0.71118,3.1275,7.6915,0.68148,0.70651,1.882979773238716
23,Mon,17,6283,11,0.7194,0.00472,0.282,,,,0.3,4415.0,1868.0,0.68316,0.71546,3.2484,7.8059,0.67768,0.70983,1.7371245977466274
23,Mon,18,5541,9,0.68,0.00377,0.215,,,,0.3,3849.0,1692.0,0.68684,0.70862,3.2046,5.832,0.68253,0.70423,1.5376190046701013
23,Mon,19,4697,8,0.6632,0.00477,0.286,,,,0.3,3218.0,1479.0,0.67835,0.69952,3.3016,5.6789,0.67282,0.69389,1.3334677155186934
23,Mon,20,4109,7,0.6525,0.00583,0.347,,,,0.3,2832.0,1277.0,0.68611,0.71399,3.1352,6.0107,0.67933,0.70705,1.148945813236979
23,Mon,21,3638,6,0.6538,0.00712,0.434,,,,0.3,2543.0,1095.0,0.66038,0.68983,3.179,5.5024,0.6522,0.68144,0.9886983471614839
23,Mon,22,3179,5,0.7001,0.01213,0.691,,,,0.3,2219.0,960.0,0.68289,0.71354,3.2043,6.0349,0.66908,0.69936,0.8882735305322154
23,Mon,23,2978,5,0.6672,0.01036,0.572,,,,0.3,2050.0,928.0,0.68148,0.71876,3.0874,6.0984,0.66985,0.70673,0.8440562793945348
24,Tue,0,3364,5,0.7283,0.01804,1.033,,,,0.3,2319.0,1045.0,0.68155,0.7035,3.2018,5.9174,0.66099,0.68255,0.92688273248891
24,Tue,1,3389,6,0.6331,0.00544,0.32,,,,0.3,2333.0,1056.0,0.68593,0.69488,3.1242,5.7292,0.67963,0.68854,0.9563025776470322
24,Tue,2,3591,6,0.6708,0.00819,0.468,,,,0.3,2490.0,1101.0,0.68276,0.694,3.1472,5.9242,0.67342,0.68457,1.0154880830731932
24,Tue,3,3882,6,0.7081,0.01252,0.778,,,,0.3,2711.0,1171.0,0.68014,0.72229,3.196,6.0252,0.6654,0.70703,1.0749863079704958
24,Tue,4,4127,7,0.6408,0.00565,0.307,,,,0.3,2944.0,1183.0,0.6874,0.69181,3.2487,5.9546,0.68107,0.68545,1.1277358196575942
24,Tue,5,4114,7,0.6743,0.00786,0.485,,,,0.3,2891.0,1223.0,0.68081,0.69198,3.1221,6.0566,0.67158,0.68266,1.1886825208066976
24,Tue,6,4492,7,0.7158,0.00745,0.471,,,,0.3,3167.0,1325.0,0.67739,0.71623,3.1968,5.5958,0.66858,0.70713,1.2653025113626595
24,Tue,7,4893,8,0.6624,0.0057,0.336,,,,0.3,3421.0,1472.0,0.68351,0.71838,3.1904,5.9726,0.67693,0.7116,1.3318129107182735
24,Tue,8,5141,8,0.7125,0.00666,0.388,,,,0.3,3589.0,1552.0,0.68451,0.70387,3.1419,6.1619,0.67684,0.69608,1.436354045890696
24,Tue,9,5725,10,0.7139,0.00498,0.29,,,,0.3,4027.0,1698.0,0.6822,0.71293,3.1213,7.7307,0.67648,0.70706,1.5681690169673956
24,Tue,10,6168,11,0.7114,0.00548,0.332,,,,0.3,4323.0,1845.0,0.68539,0.71982,3.1538,7.7856,0.67897,0.71321,1.7171276363410486
24,Tue,11,6698,12,0.7177,0.00472,0.279,,,,0.3,4671.0,2027.0,0.68188,0.70717,3.1161,7.8877,0.67643,0.7016,1.8889542556188776
24,Tue,12,7427,13,0.7177,0.00325,0.186,,,,0.3,5275.0,2152.0,0.67955,0.71901,3.254,7.6818,0.67585,0.71518,2.045097990903354
24,Tue,13,7695,14,0.6987,0.00252,0.159,,,,0.3,5465.0,2230.0,0.69347,0.70038,3.245,7.4919,0.69045,0.69734,2.141682213974601
24,Tue,14,8064,14,0.7156,0.00385,0.212,,,,0.3,5736.0,2328.0,0.68566,0.72303,3.1875,8.0129,0.68132,0.71855,2.194688416589983
24,Tue,15,7974,14,0.707,0.00252,0.144,,,,0.3,5579.0,2395.0,0.6941,0.70304,3.1901,7.9142,0.6912,0.70013,2.167681963816126
24,Tue,16,7450,13,0.7232,0.00389,0.226,,,,0.3,5235.0,2215.0,0.68416,0.69942,3.198,7.4928,0.67969,0.69489,2.0612383669442362
24,Tue,17,6946,12,0.7216,0.00406,0.234,,,,0.3,4913.0,2033.0,0.69334,0.71254,3.1554,7.6915,0.68865,0.70778,1.8995578332980854
24,Tue,18,6119,10,0.6736,0.00394,0.23,,,,0.3,4236.0,1883.0,0.67882,0.70852,3.1104,5.9674,0.67431,0.70389,1.690561928754741
24,Tue,19,5340,8,0.7315,0.00897,0.504,,,,0.3,3674.0,1666.0,0.67751,0.6737,3.1656,5.8803,0.66741,0.66362,1.4765980822556592
24,Tue,20,4593,7,0.7108,0.00929,0.553,,,,0.3,3192.0,1401.0,0.67106,0.69074,3.2181,5.619,0.6604,0.67989,1.2559910805741985
24,Tue,21,3904,6,0.7159,0.01456,0.864,,,,0.3,2737.0,1167.0,0.67119,0.70146,3.1818,6.0758,0.65451,0.68434,1.0875769051781656
24,Tue,22,3512,6,0.6477,0.0072,0.422,,,,0.3,2491.0,1021.0,0.68138,0.69561,3.054,6.0976,0.67309,0.68722,0.9791277064005133
24,Tue,23,3330,5,0.7292,0.01836,1.044,,,,0.3,2342.0,988.0,0.68619,0.67956,3.1363,5.7487,0.66524,0.65874,0.9281277262970251
25,Wed,0,3466,6,0.6391,0.00702,0.413,,,,0.3,2421.0,1045.0,0.6795,0.70868,3.0921,5.6036,0.67142,0.7004,0.9656693675775166
25,Wed,1,3539,6,0.6672,0.00898,0.531,,,,0.3,2485.0,1054.0,0.67598,0.69746,3.208,6.077,0.66566,0.68695,1.0097997528646192
25,Wed,2,3775,6,0.6998,0.0104,0.578,,,,0.3,2654.0,1121.0,0.66483,0.70055,3.2185,5.7106,0.65329,0.68864,1.0616498091143511
25,Wed,3,4022,6,0.7381,0.01122,0.637,,,,0.3,2831.0,1191.0,0.6755,0.69379,3.1767,5.8703,0.66282,0.68091,1.1237539220607675
25,Wed,4,4268,7,0.6742,0.00642,0.395,,,,0.3,2976.0,1292.0,0.67825,0.70446,3.1754,5.5118,0.67073,0.69677,1.1884995331488155
25,Wed,5,4345,7,0.7089,0.00697,0.469,,,,0.3,3050.0,1295.0,0.68284,0.6987,3.2411,6.0121,0.67433,0.69007,1.2524591014858624
25,Wed,6,4628,7,0.7406,0.015,0.865,,,,0.3,3180.0,1448.0,0.68298,0.7059,3.1847,5.9524,0.66582,0.68839,1.3118837308461373
25,Wed,7,5091,8,0.6939,0.00588,0.361,,,,0.3,3603.0,1488.0,0.68706,0.68169,3.2429,5.8637,0.68014,0.6748,1.3973060535265076
25,Wed,8,5469,9,0.6622,0.00361,0.217,,,,0.3,3865.0,1604.0,0.68193,0.69406,3.1715,5.744,0.67774,0.68982,1.4963176635502635
25,Wed,9,6042,10,0.7425,0.0074,0.426,,,,0.3,4203.0,1839.0,0.69528,0.70216,3.1532,7.8273,0.68672,0.69355,1.633919022231377
25,Wed,10,6452,11,0.7494,0.00717,0.42,,,,0.3,4450.0,2002.0,0.67878,0.71866,3.1387,7.5034,0.67056,0.71015,1.8127659217500705
25,Wed,11,7072,13,0.6924,0.00262,0.158,,,,0.3,4955.0,2117.0,0.68678,0.71581,3.2317,7.9131,0.68372,0.71267,1.9712302750898263
25,Wed,12,7653,13,0.7452,0.00593,0.354,,,,0.3,5329.0,2324.0,0.69403,0.71898,3.1964,7.9495,0.68708,0.71189,2.126154806593193
25,Wed,13,8039,14,0.7343,0.00449,0.255,,,,0.3,5674.0,2365.0,0.68878,0.70629,3.2202,7.7874,0.68364,0.70108,2.2536801954039776
25,Wed,14,8301,15,0.7013,0.00215,0.129,,,,0.3,5816.0,2485.0,0.67861,0.70774,3.1995,7.8705,0.67612,0.70519,2.3025356337877536
25,Wed,15,8177,14,0.739,0.00362,0.203,,,,0.3,5733.0,2444.0,0.68414,0.70973,3.2013,8.0751,0.68004,0.70554,2.2685721026967642
25,Wed,16,7890,14,0.7017,0.0032,0.191,,,,0.3,5524.0,2366.0,0.69104,0.71233,3.1868,7.837,0.6873,0.70852,2.151072756507808
25,Wed,17,7158,13,0.701,0.00334,0.195,,,,0.3,4997.0,2161.0,0.6875,0.71136,3.1698,7.8551,0.68364,0.70742,1.9962751620701307
25,Wed,18,6430,10,0.7105,0.00435,0.249,,,,0.3,4497.0,1933.0,0.68722,0.70383,3.1129,5.9169,0.68224,0.69878,1.7858629099684271
25,Wed,19,5458,9,0.6827,0.00387,0.235,,,,0.3,3839.0,1619.0,0.68661,0.69631,3.1625,5.9965,0.68207,0.69173,1.5439032647754636
25,Wed,20,4592,8,0.6591,0.00373,0.22,,,,0.3,3257.0,1335.0,0.68033,0.69967,3.2056,6.0223,0.67603,0.6953,1.3249910589874234
25,Wed,21,4189,7,0.6497,0.00556,0.327,,,,0.3,2925.0,1264.0,0.68992,0.69654,3.1934,5.9665,0.68346,0.69004,1.1438630126769378
25,Wed,22,3602,6,0.6782,0.01082,0.614,,,,0.3,2548.0,1054.0,0.69216,0.71288,3.1956,5.7791,0.67976,0.70026,1.0272081989335504
25,Wed,23,3550,6,0.6366,0.00692,0.418,,,,0.3,2479.0,1071.0,0.67481,0.69459,3.1398,6.0814,0.6668,0.68644,0.9617643327572296
26,Thu,0,3367,6,0.627,0.00571,0.35,,,,0.3,2357.0,1010.0,0.67734,0.69363,3.2468,5.8677,0.67068,0.68687,0.9467978165233386
26,Thu,1,3518,6,0.6464,0.00912,0.518,,,,0.3,2450.0,1068.0,0.67322,0.71531,3.089,5.8813,0.66294,0.70464,0.9770907534138387
26,Thu,2,3834,6,0.679,0.01107,0.663,,,,0.3,2684.0,1150.0,0.69833,0.66983,3.2161,5.9616,0.68529,0.65711,1.0284775230193772
26,Thu,3,3954,6,0.7278,0.01228,0.691,,,,0.3,2761.0,1193.0,0.69395,0.69025,3.214,5.9001,0.6799,0.67624,1.106902294462377
26,Thu,4,4186,7,0.6549,0.00587,0.342,,,,0.3,2910.0,1276.0,0.68181,0.6927,3.1141,6.0048,0.67507,0.6859,1.1533060964344037
26,Thu,5,4344,7,0.6927,0.00761,0.431,,,,0.3,3067.0,1277.0,0.69002,0.71717,3.1858,6.1825,0.68132,0.70825,1.2224771380834478
26,Thu,6,4457,7,0.7252,0.01177,0.675,,,,0.3,3101.0,1356.0,0.68145,0.6957,3.0249,5.9126,0.66803,0.68211,1.282877113354739
26,Thu,7,4905,8,0.6761,0.00621,0.358,,,,0.3,3437.0,1468.0,0.68485,0.70084,3.1907,5.7472,0.67774,0.69363,1.3602094157746978
26,Thu,8,5348,8,0.7288,0.00917,0.565,,,,0.3,3750.0,1598.0,0.67109,0.70882,3.1722,5.7577,0.66042,0.6978,1.4708547122765867
26,Thu,9,5813,10,0.7255,0.00723,0.438,,,,0.3,4057.0,1756.0,0.6855,0.7074,3.2031,7.7004,0.67704,0.69878,1.5947243355459544
26,Thu,10,6477,11,0.7223,0.00606,0.377,,,,0.3,4542.0,1935.0,0.68996,0.71586,3.1714,7.9824,0.68276,0.70851,1.7443899215952285
26,Thu,11,6857,12,0.7282,0.00521,0.312,,,,0.3,4835.0,2022.0,0.68456,0.72577,3.2892,7.8828,0.67849,0.71948,1.91754028019092
26,Thu,12,7583,13,0.7323,0.00398,0.251,,,,0.3,5340.0,2243.0,0.68934,0.71338,3.2113,7.5479,0.68458,0.70853,2.0880175978622306
26,Thu,13,7754,14,0.7172,0.00306,0.19,,,,0.3,5432.0,2322.0,0.69082,0.70519,3.0829,8.303,0.68719,0.70151,2.1997209156313025
26,Thu,14,7995,14,0.7321,0.00284,0.172,,,,0.3,5546.0,2449.0,0.68112,0.72943,3.1334,7.8112,0.67781,0.72598,2.2467190575110365
26,Thu,15,7891,14,0.7208,0.00281,0.166,,,,0.3,5547.0,2344.0,0.68077,0.71737,3.2032,7.8281,0.67752,0.71402,2.2110537427612895
26,Thu,16,7544,13,0.7362,0.00472,0.261,,,,0.3,5289.0,2255.0,0.68081,0.71374,3.1845,7.9762,0.67551,0.70828,2.0995247118292024
26,Thu,17,7008,12,0.7362,0.0045,0.247,,,,0.3,4907.0,2101.0,0.68897,0.71127,3.2447,7.72,0.68389,0.70609,1.939405461670753
26,Thu,18,6053,10,0.6873,0.00388,0.239,,,,0.3,4277.0,1776.0,0.6813,0.70696,3.3014,5.6202,0.67674,0.7023,1.7258153125846643
26,Thu,19,5271,8,0.7363,0.01033,0.568,,,,0.3,3715.0,1556.0,0.68374,0.69389,3.2641,5.9353,0.67213,0.68217,1.4868301331786915
26,Thu,20,4593,7,0.7278,0.01016,0.616,,,,0.3,3191.0,1402.0,0.67843,0.69804,3.2734,5.8035,0.66661,0.68602,1.2877549646970954
26,Thu,21,3941,6,0.7297,0.01411,0.886,,,,0.3,2748.0,1193.0,0.67845,0.69754,3.2404,6.1568,0.66179,0.68061,1.1100017806538647
26,Thu,22,3618,6,0.6641,0.00697,0.407,,,,0.3,2565.0,1053.0,0.67536,0.70156,3.1965,6.1211,0.6674,0.69342,1.0049082016562605
26,Thu,23,3414,6,0.6262,0.00659,0.385,,,,0.3,2398.0,1016.0,0.66905,0.72003,3.2516,5.951,0.66156,0.71221,0.9455526016883327
27,Fri,0,3115,5,0.7131,0.01626,0.998,,,,0.3,2181.0,934.0,0.67994,0.69944,3.1662,5.9947,0.6609,0.68008,0.905980064798896
27,Fri,1,3350,6,0.6218,0.00555,0.339,,,,0.3,2389.0,961.0,0.6743,0.70459,3.0809,5.9209,0.66784,0.69797,0.9387091955836595
27,Fri,2,3557,6,0.6595,0.00546,0.322,,,,0.3,2524.0,1033.0,0.69259,0.71297,3.131,5.8807,0.68623,0.7065,0.997660903239441
27,Fri,3,3765,6,0.693,0.0087,0.462,,,,0.3,2669.0,1096.0,0.67956,0.70068,3.186,5.724,0.66995,0.69088,1.050767499504619
27,Fri,4,3982,6,0.7329,0.01282,0.775,,,,0.3,2791.0,1191.0,0.68749,0.71313,3.1759,5.9766,0.67247,0.69778,1.1152310897569064
27,Fri,5,4156,7,0.6686,0.00633,0.358,,,,0.3,2913.0,1243.0,0.67444,0.68938,3.1593,6.334,0.6673,0.68215,1.1782631387847329
27,Fri,6,4442,7,0.6991,0.00914,0.547,,,,0.3,3044.0,1398.0,0.68511,0.6955,3.1085,5.954,0.67448,0.68477,1.2342944456971643
27,Fri,7,4764,7,0.7337,0.01225,0.706,,,,0.3,3296.0,1468.0,0.68131,0.69639,3.2751,5.7403,0.66732,0.68221,1.2988524797028216
27,Fri,8,5119,8,0.7012,0.00768,0.454,,,,0.3,3556.0,1563.0,0.68346,0.70027,3.2013,6.0042,0.67458,0.69126,1.4125940114424211
27,Fri,9,5662,10,0.7005,0.00439,0.25,,,,0.3,3950.0,1712.0,0.67916,0.70294,3.1291,7.9741,0.67418,0.69785,1.5376590790166955
27,Fri,10,6246,11,0.6984,0.00327,0.184,,,,0.3,4363.0,1883.0,0.68042,0.70802,3.1823,7.8875,0.67672,0.70423,1.6847634573868855
27,Fri,11,6777,12,0.7013,0.00358,0.221,,,,0.3,4788.0,1989.0,0.68092,0.69564,3.2843,7.8948,0.67671,0.69139,1.8445308013768154
27,Fri,12,7126,13,0.7006,0.00284,0.164,,,,0.3,4954.0,2172.0,0.67783,0.71721,3.2075,7.761,0.67459,0.71386,1.9951089037434475
27,Fri,13,7647,13,0.7391,0.00459,0.281,,,,0.3,5299.0,2348.0,0.68526,0.70655,3.1874,7.7912,0.67986,0.70106,2.108093771324098
27,Fri,14,7720,14,0.7052,0.00274,0.15,,,,0.3,5412.0,2308.0,0.6835,0.70871,3.1642,8.0001,0.68042,0.70556,2.1620382782495122
27,Fri,15,7686,14,0.6999,0.00229,0.136,,,,0.3,5316.0,2370.0,0.67989,0.70811,3.1571,7.5606,0.67725,0.7054,2.1454375101655163
27,Fri,16,7541,13,0.7108,0.00375,0.221,,,,0.3,5288.0,2253.0,0.67847,0.73153,3.1114,7.8518,0.67416,0.72702,2.024893389664263
27,Fri,17,6660,12,0.7123,0.00314,0.18,,,,0.3,4650.0,2010.0,0.67744,0.70138,3.2413,7.9557,0.67388,0.69774,1.8742983698569877
27,Fri,18,6182,9,0.7289,0.00597,0.312,,,,0.3,4321.0,1861.0,0.68234,0.68968,3.1931,6.0426,0.67577,0.68307,1.6524185939390459
27,Fri,19,5232,8,0.7125,0.0088,0.527,,,,0.3,3698.0,1534.0,0.68326,0.70695,3.1006,6.0243,0.67303,0.69651,1.4363540459069966
27,Fri,20,4422,7,0.6994,0.00801,0.513,,,,0.3,3081.0,1341.0,0.68287,0.70611,3.2628,5.9451,0.6733,0.69635,1.2348492357436576
27,Fri,21,3874,6,0.7068,0.01052,0.642,,,,0.3,2755.0,1119.0,0.69052,0.71743,3.2513,5.7933,0.67812,0.70475,1.0728934028713026
27,Fri,22,3546,6,0.6361,0.00765,0.444,,,,0.3,2526.0,1020.0,0.68325,0.70291,3.1597,5.6342,0.67447,0.69398,0.9609837068995839
27,Fri,23,3242,5,0.7156,0.01754,1.094,,,,0.3,2313.0,929.0,0.69327,0.70647,3.1338,5.5861,0.67236,0.68533,0.9094025558182381
28,Sat,0,2367,4,0.6532,0.01181,0.725,,,,0.3,1654.0,713.0,0.67455,0.69342,3.1264,5.9259,0.66078,0.67943,0.6633739634282321
28,Sat,1,2526,4,0.6703,0.01856,1.102,,,,0.3,1776.0,750.0,0.698,0.70162,3.2821,6.2874,0.67622,0.67979,0.6818876720025487
28,Sat,2,2624,4,0.7023,0.02353,1.282,,,,0.3,1805.0,819.0,0.68272,0.70241,3.1209,6.0019,0.6564,0.67563,0.7170456237595841
28,Sat,3,2728,5,0.6081,0.00856,0.524,,,,0.3,1925.0,803.0,0.68036,0.69623,3.1121,5.4215,0.67035,0.68608,0.7662569533023507
28,Sat,4,2846,5,0.6417,0.01059,0.597,,,,0.3,2008.0,838.0,0.68923,0.71952,3.138,6.0785,0.67715,0.70712,0.8102685537479457
28,Sat,5,2989,5,0.6665,0.01334,0.742,,,,0.3,2108.0,881.0,0.68484,0.70625,3.1197,5.8688,0.66976,0.69089,0.84312362741112
28,Sat,6,3227,5,0.7011,0.01494,0.945,,,,0.3,2269.0,958.0,0.68059,0.71556,3.1273,6.1637,0.66286,0.69731,0.8896304037062113
28,Sat,7,3423,6,0.6283,0.00657,0.4,,,,0.3,2407.0,1016.0,0.68942,0.71133,3.2686,5.9811,0.68169,0.70346,0.9488219309208532
28,Sat,8,3693,6,0.6782,0.00903,0.528,,,,0.3,2633.0,1060.0,0.67848,0.70599,3.1516,5.7508,0.66813,0.69539,1.0272081989332775
28,Sat,9,3975,7,0.7225,0.00974,0.585,,,,0.3,2793.0,1182.0,0.6754,0.6983,3.0547,7.919,0.66414,0.68682,1.1172056358293654
28,Sat,10,4306,8,0.6943,0.00708,0.405,,,,0.3,3060.0,1246.0,0.67969,0.70358,3.1585,7.8229,0.67163,0.69536,1.2218598518279657
28,Sat,11,4882,9,0.6782,0.00466,0.31,,,,0.3,3441.0,1441.0,0.67474,0.71372,3.1822,7.6703,0.66912,0.70792,1.3397679002547345
28,Sat,12,5225,9,0.7335,0.00899,0.544,,,,0.3,3628.0,1597.0,0.68152,0.71565,3.1834,7.935,0.67105,0.70487,1.4537883161644558
28,Sat,13,5544,10,0.6978,0.00514,0.3,,,,0.3,3860.0,1684.0,0.68215,0.68014,3.2104,8.0505,0.67624,0.67425,1.5315312090312947
28,Sat,14,5582,10,0.7116,0.00597,0.362,,,,0.3,3861.0,1721.0,0.68329,0.71195,3.1305,7.5337,0.67631,0.7048,1.5629201617617592
28,Sat,15,5573,10,0.7033,0.00482,0.269,,,,0.3,3876.0,1697.0,0.67675,0.70337,3.2104,7.8457,0.67134,0.69783,1.5440206295484915
28,Sat,16,5320,9,0.7441,0.00969,0.564,,,,0.3,3787.0,1533.0,0.68722,0.71524,3.1396,7.48,0.67604,0.70379,1.4760091636209922
28,Sat,17,4870,9,0.6839,0.00651,0.39,,,,0.3,3413.0,1457.0,0.68825,0.71913,3.2112,7.4643,0.68066,0.71133,1.3513988506248684
28,Sat,18,4329,7,0.6885,0.00839,0.489,,,,0.3,3034.0,1295.0,0.68254,0.71835,3.1987,6.1386,0.6729,0.70841,1.2147403390339095
28,Sat,19,3829,6,0.6919,0.01016,0.596,,,,0.3,2688.0,1141.0,0.6738,0.69642,3.1002,5.9254,0.66219,0.68457,1.0490106772108159
28,Sat,20,3290,5,0.7005,0.01767,1.046,,,,0.3,2366.0,924.0,0.67615,0.6987,3.1967,5.5441,0.65584,0.67799,0.8888161800672162
28,Sat,21,2839,5,0.6145,0.00661,0.372,,,,0.3,2005.0,834.0,0.68272,0.7138,3.2351,6.0924,0.67523,0.70611,0.7746011564433758
28,Sat,22,2526,4,0.6848,0.01479,0.841,,,,0.3,1773.0,753.0,0.67164,0.69279,3.1959,5.9673,0.65498,0.67581,0.6977290581404086
28,Sat,23,2318,4,0.6528,0.01451,0.87,,,,0.3,1612.0,706.0,0.6899,0.72903,3.1762,5.9977,0.67293,0.7115,0.6629429042179207
29,Sun,0,2447,4,0.6713,0.01784,0.967,,,,0.3,1705.0,742.0,0.68526,0.71631,3.165,5.6923,0.6653,0.6958,0.682975786855023
29,Sun,1,2582,6,0.6871,0.01452,0.935,,,,1.0,0.0,2582.0,,0.69448,,5.7508,,0.67692,0.7079891338588447
29,Sun,2,2584,6,0.7225,0.01696,0.956,,,,1.0,0.0,2584.0,,0.70157,,6.0155,,0.68203,0.7474923409132816
29,Sun,3,2791,7,0.6636,0.00678,0.421,,,,1.0,0.0,2791.0,,0.71368,,5.9638,,0.70548,0.7937729294192938
29,Sun,4,2990,7,0.6909,0.01095,0.601,,,,1.0,0.0,2990.0,,0.70258,,5.9083,,0.69008,0.8282279391316035
29,Sun,5,3190,7,0.7296,0.01301,0.79,,,,1.0,0.0,3190.0,,0.69587,,6.0867,,0.68049,0.8780455179804914
29,Sun,6,3279,5,0.7241,0.01694,1.028,,,,0.3,2293.0,986.0,0.68793,0.70981,3.2073,5.7807,0.66805,0.68956,0.9210839555731436
29,Sun,7,3496,6,0.6458,0.00803,0.483,,,,0.3,2464.0,1032.0,0.67648,0.69814,3.1803,6.001,0.66718,0.68868,0.9761509334484906
29,Sun,8,3794,6,0.6924,0.01039,0.588,,,,0.3,2699.0,1095.0,0.67476,0.70457,3.1398,5.5768,0.66305,0.69255,1.0498091127916043
29,Sun,9,4035,8,0.6529,0.00532,0.31,,,,0.3,2787.0,1248.0,0.683,0.71197,3.1504,8.2079,0.67689,0.70571,1.1464700477456913
29,Sun,10,4552,8,0.7121,0.01014,0.575,,,,0.3,3142.0,1410.0,0.67245,0.71247,3.088,7.7501,0.66103,0.70064,1.2546762334747925
29,Sun,11,4946,9,0.7058,0.00623,0.389,,,,0.3,3497.0,1449.0,0.69665,0.71048,3.1654,7.4973,0.6892,0.70294,1.3963230810295162
29,Sun,12,5341,10,0.6809,0.00513,0.307,,,,0.3,3713.0,1628.0,0.67963,0.72238,3.2,7.6986,0.67368,0.71621,1.4933098664423219
29,Sun,13,5735,10,0.7136,0.00554,0.33,,,,0.3,4046.0,1689.0,0.68712,0.70207,3.2507,7.8721,0.68067,0.69554,1.5674840874896834
29,Sun,14,5798,10,0.7345,0.00778,0.466,,,,0.3,4015.0,1783.0,0.6791,0.7079,3.173,7.6926,0.67009,0.69867,1.6154304673835527
29,Sun,15,5767,10,0.7261,0.00684,0.378,,,,0.3,4072.0,1695.0,0.67399,0.71741,3.1589,7.7784,0.66635,0.70947,1.5961018328566905
29,Sun,16,5480,10,0.6894,0.00405,0.237,,,,0.3,3842.0,1638.0,0.68777,0.70869,3.2112,8.0682,0.68309,0.70392,1.5125056383362003
29,Sun,17,5095,9,0.7084,0.00591,0.32,,,,0.3,3571.0,1524.0,0.6709,0.72302,3.2326,7.7254,0.66438,0.71619,1.4016839875730391
29,Sun,18,4363,7,0.7035,0.00865,0.483,,,,0.3,3019.0,1344.0,0.67297,0.71461,3.1273,6.0442,0.66329,0.70456,1.2424392796062191
29,Sun,19,3789,6,0.7071,0.01302,0.742,,,,0.3,2654.0,1135.0,0.67841,0.70886,3.1876,5.8767,0.66364,0.6937,1.0733762444029926
29,Sun,20,3310,5,0.7216,0.01633,0.952,,,,0.3,2324.0,986.0,0.69373,0.69271,3.0914,6.0116,0.67478,0.67378,0.9176408627596215
29,Sun,21,2870,5,0.6342,0.00874,0.558,,,,0.3,2026.0,844.0,0.67963,0.69413,3.1605,5.9465,0.66922,0.6836,0.8003985283109798
29,Sun,22,2553,4,0.7039,0.02039,1.189,,,,0.3,1774.0,779.0,0.69271,0.70706,3.2541,5.7813,0.66907,0.68313,0.7188234800204205
29,Sun,23,2415,4,0.6692,0.0176,1.088,,,,0.3,1724.0,691.0,0.67522,0.70278,3.0712,6.0025,0.65463,0.6817,0.6806914681769196
30,Mon,0,3484,6,0.64,0.00697,0.412,,,,0.3,2405.0,1079.0,0.6813,0.71204,3.2319,5.5575,0.67325,0.70378,0.9670759656851138
30,Mon,1,3603,8,0.7326,0.01157,0.698,,,,1.0,0.0,3603.0,,0.7043,,5.929,,0.69057,1.0050691822884574
30,Mon,2,3812,9,0.6939,0.00696,0.385,,,,1.0,0.0,3812.0,,0.69892,,5.939,,0.69098,1.0654614121374681
30,Mon,3,3949,9,0.7275,0.00984,0.608,,,,1.0,0.0,3949.0,,0.69217,,6.0787,,0.6805,1.1199031781685962
30,Mon,4,4159,10,0.6906,0.00649,0.372,,,,1.0,0.0,4159.0,,0.69685,,6.1331,,0.68935,1.1764586991625134
30,Mon,5,4460,10,0.7271,0.01004,0.593,,,,1.0,0.0,4460.0,,0.7045,,5.8613,,0.69268,1.2416057497251476
30,Mon,6,4756,7,0.7392,0.01138,0.682,,,,0.3,3329.0,1427.0,0.6791,0.70557,3.2142,5.932,0.66591,0.69208,1.3092349353450339
30,Mon,7,4923,8,0.6881,0.00659,0.383,,,,0.3,3457.0,1466.0,0.69428,0.71632,3.2255,5.7046,0.68664,0.70854,1.3851913323377159
30,Mon,8,5443,8,0.7457,0.00773,0.487,,,,0.3,3857.0,1586.0,0.67863,0.70574,3.121,5.8233,0.66948,0.69639,1.506952659292364
30,Mon,9,5912,10,0.7393,0.00839,0.459,,,,0.3,4127.0,1785.0,0.69029,0.71387,3.1698,7.2771,0.68083,0.70421,1.626513765587245
30,Mon,10,6542,11,0.75,0.00703,0.435,,,,0.3,4634.0,1908.0,0.68592,0.70019,3.1951,8.0935,0.67761,0.69179,1.814290766293857
30,Mon,11,7089,13,0.6877,0.00298,0.183,,,,0.3,4904.0,2185.0,0.6871,0.72197,3.1752,7.6758,0.68358,0.71836,1.9575680815369294
30,Mon,12,7669,13,0.7529,0.00493,0.301,,,,0.3,5425.0,2244.0,0.68065,0.72092,3.1408,7.8316,0.67488,0.71496,2.149028271681816
30,Mon,13,8028,14,0.7282,0.00381,0.233,,,,0.3,5697.0,2331.0,0.68633,0.71875,3.1171,7.9081,0.68185,0.71415,2.234393219335441
30,Mon,14,8177,14,0.743,0.00395,0.22,,,,0.3,5745.0,2432.0,0.68145,0.70658,3.217,7.613,0.67699,0.70203,2.2812688590945625
30,Mon,15,8169,14,0.7364,0.00412,0.226,,,,0.3,5651.0,2518.0,0.68456,0.69926,3.1382,7.9212,0.67992,0.69457,2.2603305385683266
30,Mon,16,7866,14,0.7063,0.00284,0.172,,,,0.3,5527.0,2339.0,0.68788,0.71563,3.196,8.156,0.68454,0.71222,2.165486846358414
30,Mon,17,7127,13,0.6973,0.00271,0.161,,,,0.3,4998.0,2129.0,0.68834,0.72214,3.1634,8.0651,0.68518,0.7189,1.9854924981797548
30,Mon,18,6466,10,0.7041,0.00447,0.252,,,,0.3,4586.0,1880.0,0.68318,0.70083,3.218,5.9488,0.67812,0.69568,1.7692497797753202
30,Mon,19,5537,9,0.6752,0.00454,0.261,,,,0.3,3950.0,1587.0,0.68805,0.71076,3.1601,5.9554,0.68284,0.70545,1.5264601484936917
30,Mon,20,4706,8,0.6572,0.00495,0.287,,,,0.3,3295.0,1411.0,0.68567,0.69823,3.1428,5.7726,0.67998,0.69248,1.321066352246771
30,Mon,21,4168,7,0.6425,0.00573,0.334,,,,0.3,2910.0,1258.0,0.69342,0.70148,3.2228,5.8433,0.68677,0.69479,1.1308129974009224
30,Mon,22,3705,6,0.6706,0.00954,0.579,,,,0.3,2589.0,1116.0,0.6758,0.70674,3.2252,5.8506,0.66472,0.69536,1.0151718403264987
30,Mon,23,3547,6,0.6436,0.00572,0.36,,,,0.3,2466.0,1081.0,0.66238,0.69558,3.1907,5.8377,0.65571,0.68872,0.9727065953880092
31,Tue,0,3238,5,0.7054,0.01304,0.781,,,,0.3,2241.0,997.0,0.66974,0.68942,3.2792,6.0506,0.65476,0.67418,0.8954745602314536
31,Tue,1,3298,8,0.6776,0.00898,0.517,,,,1.0,0.0,3298.0,,0.70065,,6.0121,,0.69022,0.9253330600784861
31,Tue,2,3481,8,0.7074,0.01264,0.691,,,,1.0,0.0,3481.0,,0.69932,,6.0331,,0.68495,0.9682140967523796
31,Tue,3,3653,9,0.6739,0.00735,0.425,,,,1.0,0.0,3653.0,,0.70557,,5.9597,,0.69698,1.033489832249938
31,Tue,4,3943,9,0.7113,0.0071,0.402,,,,1.0,0.0,3943.0,,0.70308,,5.9168,,0.69487,1.0935267296857063
31,Tue,5,4078,10,0.6675,0.00539,0.319,,,,1.0,0.0,4078.0,,0.70124,,5.7809,,0.6949,1.1357729882400713
31,Tue,6,4451,7,0.6862,0.00672,0.399,,,,0.3,3078.0,1373.0,0.68371,0.71031,3.0816,6.0352,0.67593,0.70235,1.210509438104744
31,Tue,7,4491,7,0.7268,0.00894,0.524,,,,0.3,3129.0,1362.0,0.683,0.69737,3.274,5.5858,0.6727,0.68694,1.2858779770541653
31,Tue,8,4983,8,0.6833,0.00594,0.345,,,,0.3,3427.0,1556.0,0.68567,0.68175,3.194,5.9208,0.67884,0.67494,1.3751855619870506
31,Tue,9,5427,10,0.6855,0.00352,0.212,,,,0.3,3798.0,1629.0,0.68871,0.7198,3.1504,7.7101,0.6846,0.71558,1.5036914116935005
31,Tue,10,5914,11,0.6817,0.0043,0.263,,,,0.3,4098.0,1816.0,0.68334,0.70541,3.2281,7.6879,0.6783,0.70028,1.643397606918105
31,Tue,11,6575,12,0.6901,0.00295,0.172,,,,0.3,4590.0,1985.0,0.68702,0.71343,3.1486,7.874,0.68362,0.70995,1.8143310416978742
31,Tue,12,7045,12,0.7475,0.00651,0.364,,,,0.3,4970.0,2075.0,0.67773,0.72028,3.1798,7.8051,0.67041,0.71267,1.970429954285836
31,Tue,13,7354,13,0.7256,0.0044,0.248,,,,0.3,5152.0,2202.0,0.67669,0.72233,3.1748,7.8384,0.67173,0.71716,2.0682917772825604
31,Tue,14,7632,13,0.7388,0.00577,0.325,,,,0.3,5294.0,2338.0,0.68148,0.71244,3.1166,7.6381,0.67495,0.70573,2.1072068111015243
31,Tue,15,7498,13,0.7344,0.00444,0.269,,,,0.3,5246.0,2252.0,0.68251,0.71859,3.2273,7.5035,0.67734,0.71325,2.0942113836680507
31,Tue,16,7217,13,0.6944,0.0028,0.156,,,,0.3,5044.0,2173.0,0.68198,0.70055,3.1729,8.1995,0.67882,0.69733,1.9770492351410383
31,Tue,17,6650,12,0.6943,0.00374,0.202,,,,0.3,4632.0,2018.0,0.68669,0.69619,3.1906,7.8204,0.6825,0.69197,1.8256438448701378
31,Tue,18,5825,9,0.7212,0.00583,0.373,,,,0.3,4066.0,1759.0,0.68538,0.68169,3.2195,5.6708,0.6784,0.67473,1.6341854031252094
31,Tue,19,5092,8,0.7009,0.00706,0.384,,,,0.3,3512.0,1580.0,0.67,0.68605,3.2145,5.8492,0.66219,0.67813,1.4119648229571988
31,Tue,20,4396,7,0.69,0.00834,0.482,,,,0.3,3082.0,1314.0,0.67254,0.72245,3.2193,6.0055,0.66308,0.71257,1.2175018604545265
31,Tue,21,3789,6,0.6928,0.00972,0.553,,,,0.3,2682.0,1107.0,0.6809,0.7059,3.14,5.928,0.66986,0.69462,1.0504480051746432
31,Tue,22,3457,6,0.6243,0.00596,0.335,,,,0.3,2400.0,1057.0,0.69234,0.68609,3.1523,5.8377,0.68554,0.67932,0.9425964070252839
31,Tue,23,3214,5,0.7027,0.01753,1.073,,,,0.3,2260.0,954.0,0.67339,0.71031,3.1248,5.8628,0.65301,0.68929,0.8918031401942605
32,Wed,0,3359,5,0.729,0.01825,1.056,,,,0.3,2375.0,984.0,0.67939,0.69225,3.103,6.0183,0.65854,0.67117,0.9278509867628577
32,Wed,1,3443,8,0.6978,0.0092,0.546,,,,1.0,0.0,3443.0,,0.69448,,5.8933,,0.68372,0.954325553645822
32,Wed,2,3739,8,0.7372,0.01411,0.861,,,,1.0,0.0,3739.0,,0.69252,,5.8953,,0.67586,1.0118668099586303
32,Wed,3,3889,9,0.695,0.00897,0.505,,,,1.0,0.0,3889.0,,0.70148,,5.8912,,0.69114,1.0672283211805407
32,Wed,4,3986,9,0.734,0.00923,0.53,,,,1.0,0.0,3986.0,,0.69569,,5.8406,,0.68503,1.1305621075740604
32,Wed,5,4387,10,0.6949,0.00637,0.375,,,,1.0,0.0,4387.0,,0.69265,,5.863,,0.68523,1.1840740788884445
32,Wed,6,4581,7,0.6962,0.00905,0.534,,,,0.3,3233.0,1348.0,0.68353,0.70503,3.1768,5.9226,0.67307,0.69438,1.2289354579894791
32,Wed,7,4756,8,0.6558,0.00434,0.252,,,,0.3,3319.0,1437.0,0.68032,0.70421,3.1532,6.1754,0.67535,0.69914,1.3181758507957722
32,Wed,8,5214,8,0.7069,0.00811,0.452,,,,0.3,3675.0,1539.0,0.68198,0.69195,3.2188,5.5917,0.67284,0.68273,1.4245641264785909
32,Wed,9,5682,10,0.7143,0.00598,0.343,,,,0.3,3925.0,1757.0,0.6843,0.70931,3.1018,8.2197,0.67747,0.70233,1.5690823956563493
32,Wed,10,6062,11,0.7115,0.00437,0.255,,,,0.3,4248.0,1814.0,0.67917,0.70406,3.1982,7.7325,0.67416,0.69895,1.7173772027273715
32,Wed,11,6727,12,0.7163,0.00368,0.228,,,,0.3,4769.0,1958.0,0.68332,0.70769,3.2154,7.9658,0.67898,0.70326,1.8851517370135293
32,Wed,12,7270,13,0.7051,0.00295,0.169,,,,0.3,5025.0,2245.0,0.68463,0.71602,3.0911,7.9288,0.68126,0.71256,2.0082374285557383
32,Wed,13,7642,14,0.7018,0.00314,0.183,,,,0.3,5373.0,2269.0,0.68064,0.70715,3.1989,8.0391,0.67703,0.70347,2.151385907641028
32,Wed,14,7842,14,0.708,0.00334,0.184,,,,0.3,5507.0,2335.0,0.68141,0.71127,3.1528,7.6367,0.67766,0.70743,2.1708186284070488
32,Wed,15,7789,14,0.7049,0.00252,0.134,,,,0.3,5463.0,2326.0,0.68899,0.70863,3.197,7.7251,0.68618,0.70577,2.1610979495705527
32,Wed,16,7527,13,0.7253,0.0043,0.244,,,,0.3,5197.0,2330.0,0.68461,0.70654,3.2101,8.0352,0.67972,0.70155,2.0674097479604265
32,Wed,17,6690,12,0.7154,0.0042,0.242,,,,0.3,4661.0,2029.0,0.68401,0.70383,3.1584,8.0518,0.6792,0.69894,1.8827083236178686
32,Wed,18,6086,9,0.7422,0.00777,0.441,,,,0.3,4237.0,1849.0,0.68244,0.71871,3.2307,5.8192,0.67361,0.7096,1.6840803929236734
32,Wed,19,5175,8,0.7213,0.00879,0.49,,,,0.3,3640.0,1535.0,0.6909,0.70997,3.1082,5.8378,0.68091,0.69982,1.4549446560047727
32,Wed,20,4471,7,0.7076,0.00898,0.521,,,,0.3,3118.0,1353.0,0.67709,0.71501,3.1477,5.8331,0.66684,0.70441,1.2500444538108124
32,Wed,21,3940,6,0.7194,0.01158,0.685,,,,0.3,2780.0,1160.0,0.68859,0.70543,3.1826,5.8702,0.67514,0.69178,1.0932457161267104
32,Wed,22,3534,6,0.6477,0.00523,0.307,,,,0.3,2476.0,1058.0,0.68511,0.69148,3.1977,5.9008,0.67907,0.68541,0.9791277063880844
32,Wed,23,3233,5,0.7232,0.01761,1.033,,,,0.3,2261.0,972.0,0.69406,0.69847,3.231,5.9981,0.67357,0.6779,0.9198437172145426
33,Thu,0,3338,5,0.7356,0.01984,1.179,,,,0.3,2350.0,988.0,0.67471,0.7066,3.2644,6.1289,0.65189,0.68315,0.937006280449272
33,Thu,1,3552,8,0.7164,0.01026,0.589,,,,1.0,0.0,3552.0,,0.69124,,5.8483,,0.67943,0.9813067456459785
33,Thu,2,3699,9,0.6699,0.00499,0.302,,,,1.0,0.0,3699.0,,0.70423,,5.7406,,0.6983,1.0271280025237721
33,Thu,3,3957,9,0.7051,0.00881,0.51,,,,1.0,0.0,3957.0,,0.70225,,5.9143,,0.69198,1.0834971415326848
33,Thu,4,4092,10,0.6728,0.00465,0.258,,,,1.0,0.0,4092.0,,0.70608,,5.9359,,0.70073,1.1450765498913147
33,Thu,5,4251,10,0.7081,0.00654,0.392,,,,1.0,0.0,4251.0,,0.70172,,6.082,,0.69399,1.2075446779490955
33,Thu,6,4493,7,0.7103,0.00887,0.559,,,,0.3,3107.0,1386.0,0.6878,0.72545,3.1792,5.8718,0.67723,0.71454,1.2550612782251434
33,Thu,7,4831,8,0.6701,0.00627,0.371,,,,0.3,3403.0,1428.0,0.67685,0.71328,3.1421,6.2483,0.66965,0.70585,1.3477575219454696
33,Thu,8,5281,8,0.7178,0.00943,0.567,,,,0.3,3688.0,1593.0,0.68023,0.70044,3.1712,5.596,0.66928,0.6893,1.44754102954625
33,Thu,9,5669,10,0.7223,0.00577,0.354,,,,0.3,3955.0,1714.0,0.67671,0.70329,3.1591,8.1418,0.66998,0.6964,1.5873844234195689
33,Thu,10,6333,11,0.7162,0.00452,0.263,,,,0.3,4406.0,1927.0,0.67915,0.71005,3.2569,7.9473,0.67399,0.70474,1.7291179973613013
33,Thu,11,6865,12,0.7333,0.00493,0.303,,,,0.3,4825.0,2040.0,0.68965,0.72562,3.1705,7.7781,0.68383,0.71962,1.931470323222873
33,Thu,12,7284,13,0.7244,0.00493,0.252,,,,0.3,5063.0,2221.0,0.68907,0.70961,3.1888,7.5943,0.68365,0.7041,2.064764267882575
33,Thu,13,7807,14,0.7083,0.00298,0.176,,,,0.3,5467.0,2340.0,0.6785,0.71314,3.2056,7.6021,0.67507,0.70961,2.17175980866844
33,Thu,14,8086,14,0.7263,0.00372,0.225,,,,0.3,5655.0,2431.0,0.68895,0.7169,3.1898,7.8324,0.68459,0.71243,2.2283947802676813
33,Thu,15,8006,14,0.7158,0.0031,0.185,,,,0.3,5625.0,2381.0,0.68132,0.71501,3.1669,7.8551,0.67773,0.71131,2.1953173365198975
33,Thu,16,7503,13,0.7349,0.0052,0.302,,,,0.3,5239.0,2264.0,0.67618,0.70517,3.1181,7.7923,0.67025,0.69908,2.0956868997649467
33,Thu,17,7032,12,0.7302,0.00454,0.281,,,,0.3,4924.0,2108.0,0.69154,0.71895,3.1716,8.1846,0.68616,0.71344,1.9229993455045817
33,Thu,18,6213,10,0.6773,0.00327,0.195,,,,0.3,4357.0,1856.0,0.68851,0.69728,3.2148,5.793,0.68469,0.69344,1.7000694293976584
33,Thu,19,5278,8,0.736,0.0079,0.456,,,,0.3,3681.0,1597.0,0.68369,0.70588,3.121,5.8557,0.67464,0.69665,1.4861898001134446
33,Thu,20,4582,7,0.7187,0.00825,0.425,,,,0.3,3160.0,1422.0,0.67131,0.70177,3.1515,5.9346,0.66237,0.69258,1.2707146030068994
33,Thu,21,4033,6,0.7265,0.01219,0.72,,,,0.3,2844.0,1189.0,0.67123,0.70536,3.16,5.947,0.65729,0.691,1.1047838733223188
33,Thu,22,3532,6,0.6562,0.0084,0.52,,,,0.3,2446.0,1086.0,0.68357,0.70909,3.1292,6.5169,0.67366,0.69897,0.9924697060285088
33,Thu,23,3396,5,0.735,0.01986,1.219,,,,0.3,2386.0,1010.0,0.6803,0.70551,3.1517,6.1845,0.65705,0.68175,0.9361719960984096
34,Fri,0,3521,6,0.6316,0.00769,0.456,,,,0.3,2495.0,1026.0,0.69335,0.72172,3.1538,5.805,0.68437,0.71252,0.9539636788439085
34,Fri,1,3568,8,0.7313,0.01267,0.71,,,,1.0,0.0,3568.0,,0.70013,,6.0789,,0.68559,1.0031523320078723
34,Fri,2,3648,9,0.6861,0.0074,0.447,,,,1.0,0.0,3648.0,,0.69944,,5.9947,,0.69069,1.0529586953789307
34,Fri,3,3935,9,0.7292,0.00889,0.503,,,,1.0,0.0,3935.0,,0.70351,,6.0514,,0.69323,1.1226864646385004
34,Fri,4,4294,10,0.6894,0.00616,0.346,,,,1.0,0.0,4294.0,,0.70415,,5.8645,,0.69704,1.1743359840927599
34,Fri,5,4406,10,0.7221,0.00836,0.485,,,,1.0,0.0,4406.0,,0.70673,,5.9454,,0.69694,1.2326076751860073
34,Fri,6,4684,7,0.7289,0.01021,0.602,,,,0.3,3249.0,1435.0,0.6803,0.68456,3.2034,6.0063,0.66853,0.67275,1.289820952479472
34,Fri,7,4899,8,0.6848,0.00514,0.317,,,,0.3,3432.0,1467.0,0.68575,0.69785,3.1186,5.8745,0.67969,0.69173,1.3783104534325417
34,Fri,8,5286,8,0.7327,0.00939,0.554,,,,0.3,3688.0,1598.0,0.68676,0.70305,3.0967,5.8351,0.67588,0.69202,1.4791534680031233
34,Fri,9,5834,10,0.7336,0.00638,0.384,,,,0.3,4029.0,1805.0,0.68403,0.70493,3.1394,7.6467,0.67659,0.69736,1.6133555346093251
34,Fri,10,6532,11,0.7341,0.00783,0.464,,,,0.3,4564.0,1968.0,0.68054,0.70418,3.2271,8.0102,0.6715,0.69496,1.7740497441492784
34,Fri,11,7010,12,0.74,0.00453,0.263,,,,0.3,4906.0,2104.0,0.68529,0.71964,3.152,7.765,0.68008,0.71428,1.9498194088756202
34,Fri,12,7442,13,0.7429,0.00382,0.227,,,,0.3,5132.0,2310.0,0.67906,0.7021,3.1106,7.4773,0.67465,0.6976,2.1193389584361175
34,Fri,13,7949,14,0.7277,0.00416,0.238,,,,0.3,5577.0,2372.0,0.68948,0.70518,3.1567,7.8574,0.68471,0.70035,2.2328142792994807
34,Fri,14,8343,14,0.7371,0.0044,0.249,,,,0.3,5827.0,2516.0,0.68225,0.71214,3.1523,8.1117,0.67725,0.70701,2.2625485626391377
34,Fri,15,8161,14,0.7373,0.00362,0.231,,,,0.3,5782.0,2379.0,0.68879,0.70006,3.132,7.8031,0.68445,0.69568,2.2631823992788305
34,Fri,16,7829,14,0.6964,0.00279,0.162,,,,0.3,5469.0,2360.0,0.67668,0.70932,3.176,7.9198,0.6735,0.70605,2.134487928980264
34,Fri,17,7169,13,0.6916,0.00305,0.176,,,,0.3,4970.0,2199.0,0.67724,0.72134,3.2117,7.9034,0.67377,0.71774,1.968903582592843
34,Fri,18,6371,10,0.6955,0.00444,0.266,,,,0.3,4494.0,1877.0,0.67363,0.7064,3.2487,6.1281,0.66851,0.70114,1.7469853488387423
34,Fri,19,5515,9,0.6764,0.00399,0.243,,,,0.3,3843.0,1672.0,0.68098,0.69623,3.1226,6.032,0.67631,0.6915,1.5292483139713986
34,Fri,20,4663,7,0.7364,0.01313,0.766,,,,0.3,3266.0,1397.0,0.68518,0.69913,3.2713,6.0116,0.67006,0.68383,1.3039446979190519
34,Fri,21,4066,7,0.6381,0.00435,0.266,,,,0.3,2871.0,1195.0,0.69904,0.70067,3.1734,5.93,0.69387,0.69549,1.1228516353612925
34,Fri,22,3735,6,0.6747,0.00933,0.548,,,,0.3,2563.0,1172.0,0.67619,0.69188,3.1968,6.0028,0.6655,0.68104,1.0216602039355713
34,Fri,23,3479,6,0.6393,0.00771,0.438,,,,0.3,2430.0,1049.0,0.68415,0.70149,3.1761,5.9334,0.67538,0.69258,0.9659819087243497
35,Sat,0,2501,4,0.6873,0.01668,1.015,,,,0.3,1741.0,760.0,0.67912,0.73296,3.2666,6.026,0.65967,0.71261,0.7004747457969585
35,Sat,1,2645,6,0.7071,0.01805,1.087,,,,1.0,0.0,2645.0,,0.69591,,6.0308,,0.67465,0.7301826379222986
35,Sat,2,2844,7,0.6436,0.008,0.486,,,,1.0,0.0,2844.0,,0.69787,,6.057,,0.68839,0.7688136989727209
35,Sat,3,2880,7,0.6799,0.00851,0.498,,,,1.0,0.0,2880.0,,0.70015,,5.9786,,0.69022,0.8142858921387233
35,Sat,4,3071,7,0.7095,0.01616,0.993,,,,1.0,0.0,3071.0,,0.69968,,6.1581,,0.68043,0.8520091977199085
35,Sat,5,3233,8,0.6589,0.00756,0.436,,,,1.0,0.0,3233.0,,0.68965,,6.005,,0.68094,0.8987362481230705
35,Sat,6,3470,6,0.6279,0.0061,0.35,,,,0.3,2463.0,1007.0,0.69584,0.71412,3.1292,6.0749,0.6888,0.70697,0.9481990416976541
35,Sat,7,3608,6,0.6689,0.00913,0.525,,,,0.3,2565.0,1043.0,0.68029,0.68707,3.1905,5.7996,0.66988,0.6766,1.012484847873262
35,Sat,8,3943,6,0.7153,0.01201,0.697,,,,0.3,2747.0,1196.0,0.67322,0.71343,3.094,5.9982,0.65956,0.69929,1.0866063278466185
35,Sat,9,4194,8,0.6703,0.00635,0.375,,,,0.3,2930.0,1264.0,0.67844,0.72461,3.1444,7.8318,0.67113,0.71701,1.1780153339303652
35,Sat,10,4724,8,0.7332,0.00632,0.426,,,,0.3,3336.0,1388.0,0.68089,0.71348,3.2173,7.7746,0.67318,0.70556,1.293975666636682
35,Sat,11,5025,9,0.7228,0.0067,0.387,,,,0.3,3546.0,1479.0,0.68781,0.73223,3.2004,7.8914,0.68011,0.72423,1.4314943873020942
35,Sat,12,5484,10,0.7024,0.00551,0.339,,,,0.3,3856.0,1628.0,0.68401,0.69632,3.123,7.4868,0.67754,0.68978,1.5419750877596965
35,Sat,13,5839,10,0.7366,0.00727,0.416,,,,0.3,4163.0,1676.0,0.68637,0.71443,3.1837,8.1992,0.67805,0.70591,1.6202758531961017
35,Sat,14,5982,11,0.6869,0.00366,0.225,,,,0.3,4169.0,1813.0,0.68714,0.71144,3.191,7.946,0.68283,0.70704,1.6562547256056905
35,Sat,15,5909,11,0.6786,0.00234,0.144,,,,0.3,4118.0,1791.0,0.6836,0.7081,3.2055,7.9471,0.68085,0.70528,1.6357421561406689
35,Sat,16,5676,10,0.7094,0.0062,0.387,,,,0.3,3966.0,1710.0,0.68204,0.70731,3.2324,8.0721,0.67471,0.69982,1.5579043372740755
35,Sat,17,5227,9,0.7215,0.00633,0.378,,,,0.3,3699.0,1528.0,0.68308,0.70992,3.14,7.9873,0.67573,0.70241,1.4287944480438544
35,Sat,18,4531,7,0.7225,0.00965,0.551,,,,0.3,3206.0,1325.0,0.68694,0.69104,3.2464,6.1507,0.6759,0.67996,1.2778195145550155
35,Sat,19,3984,6,0.7286,0.01246,0.787,,,,0.3,2763.0,1221.0,0.68518,0.72642,3.188,5.846,0.67034,0.71107,1.1082068559065235
35,Sat,20,3502,6,0.6309,0.00764,0.427,,,,0.3,2443.0,1059.0,0.68158,0.73239,3.0523,6.0195,0.67296,0.72337,0.952872567605701
35,Sat,21,2991,5,0.6504,0.01041,0.629,,,,0.3,2124.0,867.0,0.68782,0.69821,3.1913,6.0949,0.67562,0.6859,0.8217545830573388
35,Sat,22,2669,4,0.7221,0.02261,1.299,,,,0.3,1830.0,839.0,0.69793,0.69677,2.9989,5.9098,0.67176,0.67062,0.7392000665754853
35,Sat,23,2449,4,0.6835,0.02256,1.381,,,,0.3,1689.0,760.0,0.68516,0.70518,3.1306,6.0572,0.65865,0.67822,0.6963030332100664
36,Sun,0,2833,5,0.6278,0.0088,0.538,,,,0.3,2000.0,833.0,0.69069,0.70253,3.0315,6.0425,0.68032,0.69205,0.7919980428222486
36,Sun,1,2890,7,0.687,0.01117,0.658,,,,1.0,0.0,2890.0,,0.69527,,5.8619,,0.68224,0.8232751178136177
36,Sun,2,3163,7,0.7275,0.01307,0.79,,,,1.0,0.0,3163.0,,0.70852,,5.8786,,0.69294,0.8753070800003957
36,Sun,3,3258,8,0.6762,0.00713,0.439,,,,1.0,0.0,3258.0,,0.70185,,5.7873,,0.69334,0.9233342755449558
36,Sun,4,3484,8,0.7049,0.01036,0.583,,,,1.0,0.0,3484.0,,0.69476,,5.8866,,0.6829,0.9645899024690898
36,Sun,5,3569,9,0.6668,0.00637,0.375,,,,1.0,0.0,3569.0,,0.70476,,5.7917,,0.69726,1.0222044427341763
36,Sun,6,3818,6,0.7114,0.01063,0.548,,,,0.3,2680.0,1138.0,0.69528,0.70403,3.1951,5.66,0.68351,0.69216,1.0803060658398915
36,Sun,7,4193,7,0.6438,0.00453,0.281,,,,0.3,2958.0,1235.0,0.67424,0.70665,3.1602,5.8333,0.66894,0.7012,1.133167166602013
36,Sun,8,4428,7,0.6963,0.00798,0.478,,,,0.3,3029.0,1399.0,0.68467,0.70843,3.1982,5.9548,0.67538,0.69896,1.229120131640492
36,Sun,9,4840,9,0.6794,0.00556,0.351,,,,0.3,3457.0,1383.0,0.68275,0.71317,3.2066,7.941,0.67614,0.70639,1.3422145746102778
36,Sun,10,5329,9,0.7452,0.00989,0.57,,,,0.3,3720.0,1609.0,0.68323,0.71885,3.1478,7.8652,0.67192,0.70718,1.478323405795638
36,Sun,11,5842,10,0.7346,0.00806,0.451,,,,0.3,4080.0,1762.0,0.69304,0.71476,3.1902,7.779,0.68385,0.70539,1.6156610765723243
36,Sun,12,6274,11,0.7255,0.00459,0.285,,,,0.3,4403.0,1871.0,0.68143,0.70629,3.1463,7.8697,0.67603,0.70077,1.7524174735606537
36,Sun,13,6561,12,0.7006,0.00364,0.208,,,,0.3,4660.0,1901.0,0.68974,0.70418,3.1858,7.8244,0.68556,0.69996,1.84264022316505
36,Sun,14,6591,12,0.7062,0.00406,0.23,,,,0.3,4624.0,1967.0,0.67925,0.73286,3.1165,7.6566,0.67465,0.72805,1.857777053261867
36,Sun,15,6647,12,0.7045,0.00367,0.218,,,,0.3,4711.0,1936.0,0.6814,0.70552,3.0969,8.0882,0.67715,0.70119,1.8531789625035178
36,Sun,16,6434,11,0.7313,0.00645,0.37,,,,0.3,4470.0,1964.0,0.67848,0.7107,3.2136,7.7177,0.67115,0.70317,1.7669970678249811
36,Sun,17,5809,10,0.7356,0.00786,0.44,,,,0.3,4033.0,1776.0,0.68986,0.70801,3.1845,7.9221,0.68091,0.69892,1.6179678452240775
36,Sun,18,5273,8,0.7223,0.00883,0.53,,,,0.3,3666.0,1607.0,0.67666,0.70747,3.1749,5.6215,0.66645,0.69698,1.4570623888177043
36,Sun,19,4511,7,0.7064,0.01053,0.611,,,,0.3,3153.0,1358.0,0.68217,0.69452,3.0672,6.1964,0.6701,0.68232,1.2478169497561473
36,Sun,20,3874,6,0.7127,0.01122,0.703,,,,0.3,2743.0,1131.0,0.68113,0.7066,3.1871,5.9452,0.66786,0.69305,1.082404533426049
36,Sun,21,3221,5,0.7308,0.0177,1.007,,,,0.3,2284.0,937.0,0.68227,0.70327,3.3114,5.7336,0.66214,0.68277,0.9303431807460284
36,Sun,22,2985,5,0.666,0.01246,0.734,,,,0.3,2089.0,896.0,0.6804,0.70831,3.1033,5.8018,0.66605,0.69361,0.8424576366784338
36,Sun,23,2800,5,0.626,0.01025,0.57,,,,0.3,1972.0,828.0,0.69114,0.70346,3.2007,5.9045,0.6795,0.69169,0.7896389047611999
37,Mon,0,3253,5,0.725,0.01518,0.918,,,,0.3,2283.0,970.0,0.69197,0.70006,3.2078,6.1588,0.67413,0.6821,0.9223250176353346
37,Mon,1,3393,8,0.7031,0.00989,0.593,,,,1.0,0.0,3393.0,,0.69864,,5.9164,,0.68698,0.9619837544144759
37,Mon,2,3704,8,0.7373,0.01232,0.734,,,,1.0,0.0,3704.0,,0.70972,,5.8864,,0.6951,1.0120148479140356
37,Mon,3,3912,9,0.6995,0.00786,0.462,,,,1.0,0.0,3912.0,,0.70544,,5.815,,0.6962,1.0744665210016735
37,Mon,4,4060,9,0.7322,0.01056,0.643,,,,1.0,0.0,4060.0,,0.7021,,5.7454,,0.68953,1.127605762927188
37,Mon,5,4336,10,0.6991,0.00514,0.312,,,,1.0,0.0,4336.0,,0.69571,,5.9559,,0.68964,1.1915263412964348
37,Mon,6,4521,7,0.7058,0.00778,0.469,,,,0.3,3192.0,1329.0,0.68773,0.70904,3.1778,5.7048,0.67863,0.69978,1.2467036975586745
37,Mon,7,4766,8,0.6553,0.00427,0.258,,,,0.3,3381.0,1385.0,0.69541,0.69086,3.2255,5.6723,0.69038,0.68585,1.3171438109841889
37,Mon,8,5217,8,0.7137,0.00716,0.417,,,,0.3,3632.0,1585.0,0.67361,0.69876,3.1089,6.0156,0.66545,0.69042,1.438884453840648
37,Mon,9,5574,10,0.7074,0.00491,0.282,,,,0.3,3852.0,1722.0,0.67769,0.7097,3.181,8.0475,0.67211,0.70396,1.5533484994462294
37,Mon,10,6207,11,0.7075,0.00468,0.266,,,,0.3,4387.0,1820.0,0.67793,0.70546,3.1274,8.0291,0.67264,0.70004,1.7074020487343342
37,Mon,11,6638,12,0.7153,0.00398,0.226,,,,0.3,4659.0,1979.0,0.68602,0.71428,3.1219,7.4664,0.68147,0.70962,1.8824368841328913
37,Mon,12,7211,13,0.7088,0.0027,0.156,,,,0.3,4986.0,2225.0,0.68785,0.72345,3.2918,7.8379,0.68474,0.72025,2.019045720868398
37,Mon,13,7719,14,0.6935,0.00259,0.151,,,,0.3,5471.0,2248.0,0.68624,0.72395,3.1973,7.8859,0.68326,0.72087,2.1254230343830542
37,Mon,14,7879,14,0.7059,0.0033,0.191,,,,0.3,5462.0,2417.0,0.67146,0.70098,3.1492,7.5713,0.66772,0.69714,2.1642326945768557
37,Mon,15,7785,14,0.7078,0.00285,0.163,,,,0.3,5479.0,2306.0,0.68665,0.71238,3.214,7.623,0.68339,0.70904,2.1701912214397088
37,Mon,16,7425,13,0.726,0.00404,0.244,,,,0.3,5216.0,2209.0,0.67571,0.71447,3.1328,7.9882,0.67102,0.70963,2.069467974802865
37,Mon,17,6658,12,0.7176,0.00469,0.298,,,,0.3,4683.0,1975.0,0.688,0.69565,3.1977,8.0373,0.68239,0.69001,1.8886825798766174
37,Mon,18,6039,9,0.7406,0.00824,0.52,,,,0.3,4218.0,1821.0,0.68258,0.69879,3.1881,5.8187,0.6728,0.68887,1.680259433146079
37,Mon,19,5275,8,0.7219,0.0071,0.438,,,,0.3,3707.0,1568.0,0.67771,0.70761,3.18,5.8672,0.6694,0.69909,1.4562151653916269
37,Mon,20,4478,7,0.7089,0.00775,0.473,,,,0.3,3114.0,1364.0,0.68234,0.71364,3.1298,6.0089,0.67327,0.70433,1.252459101489022
37,Mon,21,3953,6,0.7229,0.01344,0.835,,,,0.3,2787.0,1166.0,0.68232,0.69148,3.1947,5.6453,0.66647,0.67551,1.0989269459174174
37,Mon,22,3441,6,0.6446,0.00705,0.377,,,,0.3,2419.0,1022.0,0.6909,0.69576,3.2065,5.8193,0.68301,0.68784,0.9742718801283164
37,Mon,23,3393,5,0.7281,0.01616,0.916,,,,0.3,2362.0,1031.0,0.67399,0.70449,3.1348,5.7967,0.65578,0.68578,0.9266061835429064
38,Tue,0,3184,5,0.7105,0.01697,0.947,,,,0.3,2254.0,930.0,0.69031,0.70874,3.3287,6.187,0.67102,0.68913,0.9024268004107678
38,Tue,1,3333,8,0.683,0.00867,0.511,,,,1.0,0.0,3333.0,,0.69783,,5.7822,,0.6877,0.9330549699467834
38,Tue,2,3549,8,0.7227,0.01232,0.701,,,,1.0,0.0,3549.0,,0.70289,,5.9122,,0.68863,0.9905163825808728
38,Tue,3,3783,9,0.685,0.00672,0.37,,,,1.0,0.0,3783.0,,0.7047,,5.8428,,0.69701,1.0511990860702718
38,Tue,4,3884,9,0.7209,0.00878,0.495,,,,1.0,0.0,3884.0,,0.69346,,5.8671,,0.68342,1.1091260189141452
38,Tue,5,4222,10,0.6841,0.00533,0.31,,,,1.0,0.0,4222.0,,0.70283,,5.7527,,0.69661,1.1649733092424268
38,Tue,6,4493,7,0.6871,0.00808,0.444,,,,0.3,3112.0,1381.0,0.68335,0.70729,3.2739,5.7834,0.67429,0.69803,1.212164517475959
38,Tue,7,4661,7,0.7301,0.00863,0.519,,,,0.3,3299.0,1362.0,0.67872,0.70138,3.1487,5.8748,0.66871,0.69117,1.2920763285531682
38,Tue,8,5064,8,0.6918,0.00657,0.395,,,,0.3,3586.0,1478.0,0.67573,0.68436,3.1817,5.8403,0.66813,0.6767,1.3929165226741653
38,Tue,9,5621,10,0.694,0.00572,0.318,,,,0.3,3911.0,1710.0,0.69141,0.72245,3.1739,8.0471,0.68491,0.71578,1.5229172607957968
38,Tue,10,6028,11,0.6954,0.00464,0.275,,,,0.3,4154.0,1874.0,0.68149,0.7012,3.1919,7.522,0.67613,0.69575,1.677316016569549
38,Tue,11,6551,12,0.7026,0.00302,0.195,,,,0.3,4623.0,1928.0,0.68096,0.71059,3.141,7.7916,0.67734,0.70689,1.848043017176592
38,Tue,12,7077,13,0.6948,0.00316,0.181,,,,0.3,4974.0,2103.0,0.68718,0.71324,3.0872,7.8036,0.68356,0.70953,1.9782134135614788
38,Tue,13,7487,13,0.7359,0.00393,0.241,,,,0.3,5133.0,2354.0,0.67675,0.69426,3.1513,7.8645,0.67216,0.6896,2.098638873362046
38,Tue,14,7746,14,0.6994,0.0025,0.157,,,,0.3,5461.0,2285.0,0.68419,0.72089,3.2028,7.8198,0.68123,0.71783,2.143872655480485
38,Tue,15,7717,13,0.7409,0.00488,0.319,,,,0.3,5477.0,2240.0,0.67801,0.70207,3.2252,8.2636,0.67215,0.6961,2.1134180271426892
38,Tue,16,7169,13,0.7094,0.00374,0.219,,,,0.3,4953.0,2216.0,0.68059,0.71096,3.2184,7.8799,0.67629,0.70655,2.0207996213435218
38,Tue,17,6481,12,0.7036,0.00388,0.225,,,,0.3,4521.0,1960.0,0.68012,0.71331,3.163,7.6399,0.67568,0.70874,1.8507457424539002
38,Tue,18,5981,9,0.725,0.00645,0.354,,,,0.3,4103.0,1878.0,0.68214,0.69356,3.1753,6.0927,0.67491,0.68626,1.6431751866049085
38,Tue,19,5167,8,0.7107,0.00719,0.415,,,,0.3,3608.0,1559.0,0.69104,0.71941,3.1088,5.5802,0.68275,0.71092,1.4325611104451927
38,Tue,20,4420,7,0.6991,0.00748,0.44,,,,0.3,3085.0,1335.0,0.68224,0.70146,3.2213,5.7249,0.67361,0.69269,1.2342944457047436
38,Tue,21,3761,6,0.7007,0.01121,0.653,,,,0.3,2624.0,1137.0,0.69259,0.70934,3.1802,5.5726,0.67961,0.69616,1.0630930193675912
38,Tue,22,3389,6,0.6331,0.00653,0.396,,,,0.3,2412.0,977.0,0.68613,0.69793,3.1593,5.8793,0.67848,0.69021,0.9563025776470322
38,Tue,23,3288,5,0.709,0.01369,0.77,,,,0.3,2295.0,993.0,0.68271,0.6752,3.2491,6.0636,0.66721,0.6598,0.9003796285156276
