item,model,verified_correct
298,B,0
383,B,0
146,B,0
406,B,0
460,B,0
554,B,0
411,B,0
322,B,0
588,B,0
412,B,0
174,B,1
304,B,1
280,B,1
132,B,1
421,B,1
320,B,1
467,B,0
28,B,0
427,B,0
531,B,0
534,B,0
387,B,0
116,B,0
585,B,0
67,B,0
339,B,0
308,B,1
162,B,1
182,B,1
173,B,1
97,B,1
313,B,1
431,B,1
359,B,1
143,B,1
66,B,1
593,B,0
21,B,1
345,B,1
498,B,1
111,B,1
127,B,1
299,B,1
48,B,1
529,B,1
306,B,1
351,B,1
493,B,1
194,B,0
586,B,0
557,B,0
42,B,0
549,B,0
209,B,1
148,B,1
568,B,0
234,B,1
198,B,0
513,B,0
136,B,1
589,B,1
389,B,0
267,B,1
523,B,0
563,B,1
230,B,1
432,B,0
207,B,1
530,B,0
204,B,1
214,B,0
397,B,0
266,B,1
292,B,1
546,B,1
208,B,0
281,B,0
167,B,0
93,B,0
110,B,0
