model,item,stratum
B,298,00
B,383,00
B,146,00
B,406,00
B,460,00
B,554,00
B,411,00
B,322,00
B,588,00
B,412,00
B,174,01
B,304,01
B,280,01
B,132,01
B,421,01
B,320,01
B,467,10
B,28,10
B,427,10
B,531,10
B,534,10
B,387,10
B,116,10
B,585,10
B,67,10
B,339,10
B,308,11_short
B,162,11_short
B,182,11_short
B,173,11_short
B,97,11_short
B,313,11_short
B,431,11_short
B,359,11_short
B,143,11_short
B,66,11_short
B,593,11_medium
B,21,11_medium
B,345,11_medium
B,498,11_medium
B,111,11_medium
B,127,11_medium
B,299,11_medium
B,48,11_medium
B,529,11_medium
B,306,11_medium
B,351,11_medium
B,493,11_medium
B,194,11_long
B,586,11_long
B,557,11_long
B,42,11_long
B,549,11_long
B,209,11_long
B,148,11_long
B,568,11_long
B,234,11_long
B,198,11_long
B,513,11_long
B,136,11_long
B,589,11_long
B,389,11_long
B,267,11_long
B,523,11_long
B,563,11_long
B,230,11_long
B,432,11_long
B,207,11_long
B,530,11_long
B,204,11_long
B,214,11_long
B,397,11_long
B,266,11_long
B,292,11_long
B,546,11_long
B,208,11_long
B,281,11_long
B,167,11_long
B,93,11_long
B,110,11_long
