item,model,category,length,judge,review,stratum,stage,population,sample_size
563,A,writing,314,1,1,11,1,412,15
188,A,code,120,1,1,11,1,412,15
284,A,writing,188,1,1,11,1,412,15
422,A,math,148,1,1,11,1,412,15
91,A,writing,133,1,1,11,1,412,15
308,A,math,146,1,1,11,1,412,15
131,A,code,165,1,1,11,1,412,15
487,A,code,285,1,1,11,1,412,15
559,A,science,137,1,1,11,1,412,15
360,A,advice,225,1,1,11,1,412,15
182,A,advice,199,1,1,11,1,412,15
471,A,science,242,1,1,11,1,412,15
117,A,code,143,1,1,11,1,412,15
441,A,advice,313,1,1,11,1,412,15
447,A,advice,252,1,1,11,1,412,15
202,A,science,213,0,0,00,1,153,7
29,A,writing,130,0,0,00,1,153,7
283,A,writing,101,0,0,00,1,153,7
392,A,writing,354,0,0,00,1,153,7
469,A,math,191,0,0,00,1,153,7
116,A,science,176,0,0,00,1,153,7
304,A,code,196,0,0,00,1,153,7
414,A,writing,284,0,1,01,1,22,4
50,A,writing,238,0,1,01,1,22,4
245,A,science,291,0,1,01,1,22,4
42,A,science,142,0,1,01,1,22,4
102,A,science,219,1,0,10,1,13,4
449,A,math,333,1,0,10,1,13,4
433,A,writing,219,1,0,10,1,13,4
61,A,writing,310,1,0,10,1,13,4
139,B,math,417,1,1,11_short,1,202,12
115,B,math,260,1,1,11_short,1,202,12
275,B,advice,315,1,1,11_short,1,202,12
572,B,science,411,1,1,11_short,1,202,12
366,B,science,316,1,1,11_short,1,202,12
423,B,code,385,1,1,11_short,1,202,12
137,B,writing,375,1,1,11_short,1,202,12
502,B,math,256,1,1,11_short,1,202,12
272,B,writing,381,1,1,11_short,1,202,12
125,B,writing,359,1,1,11_short,1,202,12
293,B,math,313,1,1,11_short,1,202,12
532,B,writing,220,1,1,11_short,1,202,12
76,B,writing,757,1,1,11_medium,1,178,14
426,B,advice,876,1,1,11_medium,1,178,14
239,B,code,608,1,1,11_medium,1,178,14
285,B,advice,578,1,1,11_medium,1,178,14
72,B,code,631,1,1,11_medium,1,178,14
504,B,writing,562,1,1,11_medium,1,178,14
334,B,math,711,1,1,11_medium,1,178,14
521,B,math,542,1,1,11_medium,1,178,14
544,B,advice,782,1,1,11_medium,1,178,14
133,B,advice,690,1,1,11_medium,1,178,14
168,B,science,719,1,1,11_medium,1,178,14
356,B,advice,795,1,1,11_medium,1,178,14
295,B,math,606,1,1,11_medium,1,178,14
415,B,math,579,1,1,11_medium,1,178,14
141,B,science,939,1,1,11_long,1,105,12
63,B,advice,935,1,1,11_long,1,105,12
560,B,writing,1746,1,1,11_long,1,105,12
508,B,science,1299,1,1,11_long,1,105,12
290,B,science,1410,1,1,11_long,1,105,12
348,B,science,1145,1,1,11_long,1,105,12
71,B,writing,2565,1,1,11_long,1,105,12
326,B,code,1129,1,1,11_long,1,105,12
105,B,science,1397,1,1,11_long,1,105,12
220,B,math,1421,1,1,11_long,1,105,12
511,B,math,1090,1,1,11_long,1,105,12
166,B,advice,1138,1,1,11_long,1,105,12
159,B,writing,924,0,0,00,1,73,4
102,B,science,1457,0,0,00,1,73,4
337,B,writing,2696,0,0,00,1,73,4
3,B,code,1089,0,0,00,1,73,4
577,B,advice,1382,0,1,01,1,20,4
533,B,math,1617,0,1,01,1,20,4
150,B,advice,189,0,1,01,1,20,4
160,B,writing,562,0,1,01,1,20,4
65,B,advice,836,1,0,10,1,22,4
461,B,science,692,1,0,10,1,22,4
82,B,science,941,1,0,10,1,22,4
424,B,writing,589,1,0,10,1,22,4
