run,N,D,q,sub,B,wd,wu,seed,status,loss
1,1.5e+07,3e+08,0,2e+11,500000,0.1,0.01,0,ok,6.3366
2,3e+07,6e+08,0,2e+11,500000,0.1,0.01,0,ok,5.4907
3,6e+07,1.2e+09,0,2e+11,500000,0.1,0.01,0,ok,4.8085
4,1.2e+08,2.4e+09,0,2e+11,500000,0.1,0.01,0,ok,4.2527
5,2.4e+08,4.8e+09,0,2e+11,500000,0.1,0.01,0,ok,3.8118
6,5e+07,8e+09,0,2.5e+09,500000,0.1,0.01,0,ok,4.3098
7,5e+07,8e+09,0,2.5e+09,500000,0.1,0.01,1,ok,4.309
8,5e+07,8e+09,0.3,2.5e+09,500000,0.1,0.01,0,ok,4.316
9,5e+07,8e+09,0.3,2.5e+09,500000,0.1,0.01,1,ok,4.3176
10,5e+07,8e+09,0.6,2.5e+09,500000,0.1,0.01,0,ok,4.3065
11,5e+07,8e+09,0.6,2.5e+09,500000,0.1,0.01,1,ok,4.3029
