day,dow,hour,requests,replicas,utilization,abandon_rate,mean_queue_wait_s,mean_rating,mean_gen_time_s,mean_score
1,Fri,0,2988,4,0.6429,0.01124,0.501,0.6423,3.0764,0.63107
1,Fri,1,2929,4,0.6165,0.01291,0.598,0.63575,3.1466,0.62276
1,Fri,2,2991,4,0.6234,0.01061,0.509,0.63506,3.0781,0.62425
1,Fri,3,3115,4,0.665,0.01691,0.774,0.6167,3.0266,0.60008
1,Fri,4,3496,4,0.7142,0.02029,0.998,0.62955,3.0836,0.60879
1,Fri,5,3778,5,0.6407,0.01071,0.51,0.63021,3.1167,0.61938
1,Fri,6,4136,5,0.6881,0.01389,0.653,0.63073,3.1349,0.61674
1,Fri,7,4575,6,0.6359,0.00688,0.321,0.63465,3.0349,0.62771
1,Fri,8,4882,6,0.6991,0.0134,0.587,0.63086,3.095,0.61771
1,Fri,9,5548,7,0.6692,0.00635,0.3,0.63153,3.0853,0.62512
1,Fri,10,6205,8,0.6636,0.00477,0.215,0.63005,3.1125,0.62533
1,Fri,11,7015,8,0.7371,0.00915,0.41,0.63608,3.0167,0.62699
1,Fri,12,7874,9,0.7317,0.00647,0.298,0.63624,3.0957,0.62974
1,Fri,13,8513,10,0.7185,0.0057,0.26,0.63251,3.095,0.62682
1,Fri,14,8986,11,0.6969,0.00344,0.163,0.63342,3.0894,0.62994
1,Fri,15,9410,11,0.713,0.00424,0.181,0.63243,3.0683,0.6283
1,Fri,16,8938,11,0.7041,0.00326,0.155,0.63037,3.0469,0.62708
1,Fri,17,8649,10,0.7386,0.00695,0.335,0.63569,3.0804,0.6286
1,Fri,18,8202,10,0.6774,0.00379,0.18,0.63308,3.0855,0.62924
1,Fri,19,7074,9,0.6621,0.00348,0.164,0.62419,3.1003,0.62071
1,Fri,20,5845,7,0.7226,0.00907,0.426,0.63547,3.1236,0.6263
1,Fri,21,4968,6,0.7033,0.01022,0.482,0.63335,3.041,0.62302
1,Fri,22,4047,5,0.6881,0.01748,0.826,0.63067,3.032,0.61304
1,Fri,23,3450,4,0.7248,0.02045,0.9,0.64202,3.1005,0.62169
2,Sat,0,2973,4,0.6362,0.0121,0.55,0.6322,3.1074,0.62015
2,Sat,1,2997,4,0.6025,0.01217,0.567,0.64569,3.0205,0.63329
2,Sat,2,2891,4,0.6177,0.01055,0.485,0.63404,2.9823,0.62348
2,Sat,3,3126,4,0.6562,0.01502,0.695,0.63169,3.1085,0.61664
2,Sat,4,3518,4,0.7101,0.0196,0.925,0.63579,3.1666,0.61592
2,Sat,5,3762,5,0.6227,0.00836,0.367,0.63417,3.0581,0.62593
2,Sat,6,4025,5,0.6832,0.01397,0.641,0.64284,3.1157,0.62874
2,Sat,7,4475,6,0.6273,0.00552,0.241,0.62255,3.0443,0.61718
2,Sat,8,4798,6,0.6936,0.00782,0.375,0.63421,3.1581,0.62625
2,Sat,9,5418,7,0.6615,0.00623,0.276,0.63056,3.0474,0.62442
2,Sat,10,6160,7,0.7409,0.01205,0.552,0.63997,3.1243,0.62785
2,Sat,11,6929,8,0.728,0.00966,0.472,0.6263,3.0546,0.61648
2,Sat,12,7658,9,0.7223,0.00714,0.354,0.63304,3.0322,0.62569
2,Sat,13,8341,10,0.7074,0.00476,0.206,0.63877,3.0887,0.63408
2,Sat,14,8820,11,0.6903,0.00321,0.153,0.63291,3.0611,0.62965
2,Sat,15,9164,11,0.706,0.00343,0.146,0.62985,3.1659,0.62653
2,Sat,16,8907,11,0.6991,0.00399,0.191,0.63871,3.0251,0.63463
2,Sat,17,8495,10,0.7275,0.00595,0.269,0.6285,3.0863,0.62261
2,Sat,18,7742,9,0.7383,0.00725,0.36,0.63392,3.1556,0.62645
2,Sat,19,6975,8,0.7352,0.0101,0.477,0.63155,3.0322,0.62135
2,Sat,20,5937,7,0.7149,0.0094,0.39,0.63229,3.0826,0.62323
2,Sat,21,4932,6,0.6886,0.01083,0.524,0.63377,3.0287,0.62272
2,Sat,22,4024,5,0.6769,0.01256,0.583,0.64351,3.0278,0.63076
2,Sat,23,3415,4,0.7097,0.0224,1.026,0.63339,3.0662,0.61099
3,Sun,0,3092,4,0.6558,0.01405,0.709,0.63582,3.0823,0.62121
3,Sun,1,2941,4,0.6226,0.01063,0.459,0.63062,3.028,0.62025
3,Sun,2,3068,4,0.6361,0.01436,0.653,0.63224,3.1186,0.61794
3,Sun,3,3228,4,0.6771,0.01673,0.753,0.6292,3.1136,0.61265
3,Sun,4,3468,4,0.7258,0.02887,1.257,0.63981,3.0231,0.61128
3,Sun,5,3837,5,0.6422,0.00951,0.446,0.63357,3.0745,0.62397
3,Sun,6,4184,5,0.7024,0.01202,0.546,0.6299,3.0625,0.61796
3,Sun,7,4465,6,0.6449,0.00674,0.319,0.63787,3.1459,0.63102
3,Sun,8,4931,6,0.706,0.0113,0.498,0.62562,3.0589,0.61456
3,Sun,9,5644,7,0.6823,0.00873,0.396,0.64462,3.0515,0.63583
3,Sun,10,6418,8,0.6696,0.00535,0.252,0.63354,3.1215,0.62814
3,Sun,11,7041,9,0.6705,0.00436,0.203,0.63626,3.0733,0.63187
3,Sun,12,8034,9,0.7411,0.00719,0.32,0.63722,3.1281,0.63008
3,Sun,13,8597,10,0.7293,0.00654,0.298,0.635,3.0308,0.62846
3,Sun,14,9141,11,0.7026,0.00359,0.157,0.63194,3.075,0.62842
3,Sun,15,9382,11,0.7254,0.00474,0.211,0.63786,3.0746,0.63315
3,Sun,16,9394,11,0.7202,0.00435,0.198,0.62742,3.0028,0.6231
3,Sun,17,8588,11,0.6844,0.0031,0.147,0.6307,3.1163,0.62757
3,Sun,18,8086,10,0.6903,0.00395,0.191,0.63111,3.0914,0.62709
3,Sun,19,7031,9,0.6747,0.00376,0.167,0.63513,3.0538,0.63141
3,Sun,20,5971,7,0.73,0.01297,0.58,0.62898,3.0883,0.61618
3,Sun,21,5051,6,0.7079,0.01025,0.474,0.63673,3.1007,0.62642
3,Sun,22,4065,5,0.6971,0.01434,0.644,0.6286,3.1015,0.61443
3,Sun,23,3454,4,0.7255,0.02456,1.097,0.64319,3.0517,0.61862
4,Mon,0,3157,4,0.6702,0.01442,0.659,0.63527,3.0721,0.62084
4,Mon,1,2983,4,0.6407,0.01092,0.457,0.63698,3.0239,0.62637
4,Mon,2,3161,4,0.6475,0.01585,0.692,0.63657,3.2079,0.62095
4,Mon,3,3321,4,0.695,0.01842,0.824,0.63774,2.9925,0.6194
4,Mon,4,3640,5,0.6057,0.00772,0.355,0.63209,3.0883,0.62437
4,Mon,5,4002,5,0.6646,0.01343,0.64,0.63232,3.1224,0.61871
4,Mon,6,4269,5,0.7195,0.0152,0.767,0.63525,3.1349,0.61946
4,Mon,7,4791,6,0.6644,0.00928,0.451,0.63932,3.1235,0.62978
4,Mon,8,5171,6,0.7339,0.01336,0.58,0.63379,3.046,0.62068
4,Mon,9,5943,7,0.6963,0.00828,0.362,0.63121,3.0889,0.62309
4,Mon,10,6412,8,0.6864,0.00552,0.259,0.64031,3.0499,0.63469
4,Mon,11,7159,9,0.6872,0.00475,0.221,0.63975,3.0852,0.63494
4,Mon,12,8150,10,0.6898,0.00337,0.15,0.63726,3.0834,0.63391
4,Mon,13,8707,11,0.6854,0.00297,0.134,0.63071,3.1218,0.62776
4,Mon,14,9592,11,0.7245,0.00493,0.228,0.63254,3.0611,0.6276
4,Mon,15,9795,11,0.7434,0.00572,0.284,0.63123,3.0462,0.62535
4,Mon,16,9507,11,0.7379,0.00605,0.267,0.63421,3.0372,0.62824
4,Mon,17,9192,11,0.7002,0.00405,0.189,0.63731,3.1208,0.63321
4,Mon,18,8228,10,0.711,0.00449,0.197,0.63502,3.0922,0.63059
4,Mon,19,7382,9,0.6921,0.00492,0.224,0.63569,3.0883,0.63077
4,Mon,20,6313,8,0.662,0.0046,0.215,0.63655,3.0502,0.6319
4,Mon,21,5090,6,0.7328,0.01021,0.539,0.63839,3.0875,0.62756
4,Mon,22,4237,5,0.7165,0.01728,0.743,0.63913,3.0796,0.62214
4,Mon,23,3695,5,0.6105,0.00762,0.348,0.63651,3.143,0.62887
5,Tue,0,3153,4,0.6457,0.01386,0.635,0.63856,3.0307,0.62463
5,Tue,1,2867,4,0.6186,0.01042,0.427,0.63545,3.1686,0.62541
5,Tue,2,3026,4,0.6247,0.01368,0.598,0.64549,3.1034,0.63188
5,Tue,3,3200,4,0.6691,0.01887,0.883,0.63514,3.1122,0.6161
5,Tue,4,3438,4,0.7178,0.02887,1.288,0.63483,3.0076,0.6062
5,Tue,5,3738,5,0.6412,0.00834,0.402,0.63034,3.112,0.62186
5,Tue,6,4119,5,0.6901,0.01433,0.659,0.62915,3.1194,0.61487
5,Tue,7,4455,6,0.6379,0.00736,0.333,0.62652,3.1505,0.61924
5,Tue,8,5055,6,0.7028,0.01129,0.518,0.63395,3.0271,0.62265
5,Tue,9,5472,7,0.6755,0.00685,0.323,0.63114,3.0895,0.62423
5,Tue,10,6030,8,0.6586,0.00495,0.232,0.63482,3.0762,0.62983
5,Tue,11,7073,8,0.7419,0.00899,0.435,0.6373,3.0257,0.6281
5,Tue,12,7992,9,0.7344,0.00737,0.346,0.63215,3.0612,0.62472
5,Tue,13,8555,10,0.7184,0.00549,0.235,0.6392,3.0507,0.63381
5,Tue,14,8826,11,0.6986,0.00316,0.142,0.63605,3.0907,0.6329
5,Tue,15,9349,11,0.7145,0.00513,0.231,0.63755,3.1439,0.63244
5,Tue,16,9114,11,0.7092,0.00398,0.179,0.62835,3.0772,0.62442
5,Tue,17,8508,10,0.7445,0.00683,0.315,0.63036,3.0655,0.62353
5,Tue,18,8063,10,0.6817,0.00366,0.166,0.63235,3.0134,0.6287
5,Tue,19,7004,9,0.6663,0.00255,0.112,0.62962,3.0097,0.62712
5,Tue,20,5966,7,0.7246,0.00937,0.424,0.62915,3.0429,0.61987
5,Tue,21,5121,6,0.7003,0.01338,0.635,0.6349,3.0242,0.62133
5,Tue,22,4151,5,0.6891,0.0141,0.654,0.63322,2.9778,0.61906
5,Tue,23,3419,4,0.7177,0.02112,0.929,0.63032,3.0354,0.60957
6,Wed,0,2842,4,0.6032,0.01209,0.578,0.63686,3.0386,0.62454
6,Wed,1,2743,4,0.5796,0.00646,0.323,0.64919,3.116,0.64241
6,Wed,2,2828,4,0.5871,0.0104,0.495,0.63256,3.0355,0.62202
6,Wed,3,2929,4,0.6248,0.01356,0.636,0.62991,3.1689,0.61629
6,Wed,4,3196,4,0.6769,0.01777,0.822,0.6339,2.9598,0.61606
6,Wed,5,3501,5,0.602,0.00791,0.362,0.63529,3.0638,0.62737
6,Wed,6,3802,5,0.6544,0.01253,0.589,0.62713,3.1174,0.61456
6,Wed,7,4165,5,0.7083,0.01544,0.65,0.63014,3.0655,0.61521
6,Wed,8,4669,6,0.6606,0.00844,0.381,0.63281,3.0449,0.62442
6,Wed,9,5192,6,0.7348,0.0148,0.677,0.63266,3.1025,0.61788
6,Wed,10,5806,7,0.7061,0.00799,0.373,0.63275,3.047,0.62471
6,Wed,11,6615,8,0.6897,0.00653,0.291,0.62843,3.0316,0.622
6,Wed,12,7374,9,0.6869,0.00504,0.244,0.63239,3.0598,0.62726
6,Wed,13,7956,10,0.677,0.00372,0.167,0.63757,3.0729,0.63386
6,Wed,14,8439,10,0.7187,0.00494,0.217,0.63246,3.0601,0.6276
6,Wed,15,8603,10,0.7402,0.00572,0.264,0.63205,3.076,0.62632
6,Wed,16,8656,10,0.7277,0.00624,0.283,0.63224,3.1164,0.62603
6,Wed,17,8057,10,0.6929,0.00546,0.257,0.63266,3.083,0.62714
6,Wed,18,7390,9,0.7102,0.0064,0.295,0.6388,3.0473,0.63236
6,Wed,19,6427,8,0.7007,0.00601,0.279,0.63095,3.023,0.62493
6,Wed,20,5615,7,0.6819,0.00688,0.321,0.63164,3.0726,0.62472
6,Wed,21,4713,6,0.6595,0.00837,0.393,0.63333,3.0637,0.62488
6,Wed,22,3827,5,0.6484,0.00988,0.459,0.62007,3.0508,0.61027
6,Wed,23,3293,4,0.676,0.01786,0.828,0.63553,3.0879,0.61755
7,Thu,0,3004,4,0.6285,0.01271,0.615,0.6312,3.0815,0.61826
7,Thu,1,2785,4,0.6015,0.01073,0.479,0.63592,2.902,0.62527
7,Thu,2,2874,4,0.6148,0.01279,0.586,0.63405,3.0146,0.62125
7,Thu,3,3122,4,0.6459,0.01541,0.675,0.62917,3.0619,0.61407
7,Thu,4,3443,4,0.7072,0.01914,0.881,0.62165,2.9664,0.6027
7,Thu,5,3721,5,0.6181,0.00968,0.453,0.63528,2.9524,0.6255
7,Thu,6,4131,5,0.6788,0.01084,0.447,0.62979,3.0881,0.61939
7,Thu,7,4384,6,0.6241,0.00598,0.285,0.63365,3.0632,0.62758
7,Thu,8,4882,6,0.6884,0.00812,0.382,0.63838,3.0485,0.63014
7,Thu,9,5312,7,0.6567,0.00641,0.267,0.63464,3.1126,0.62844
7,Thu,10,6246,7,0.7331,0.01056,0.486,0.63639,3.0595,0.62579
7,Thu,11,6752,8,0.7235,0.00748,0.342,0.62551,3.076,0.6181
7,Thu,12,7745,9,0.7191,0.00612,0.282,0.63459,3.0662,0.62845
7,Thu,13,8153,10,0.7033,0.00428,0.199,0.63337,3.0884,0.62907
7,Thu,14,8732,10,0.75,0.00625,0.27,0.63379,3.0305,0.62767
7,Thu,15,8924,11,0.6955,0.00402,0.195,0.63315,3.0801,0.62904
7,Thu,16,8931,11,0.6921,0.00328,0.158,0.6324,3.0758,0.62906
7,Thu,17,8330,10,0.7242,0.00548,0.26,0.63194,3.0544,0.6264
7,Thu,18,7798,9,0.7371,0.00697,0.308,0.6345,3.1265,0.62761
7,Thu,19,6932,8,0.7273,0.0079,0.358,0.63278,3.0425,0.62492
7,Thu,20,5777,7,0.708,0.01009,0.458,0.63735,3.0976,0.62726
7,Thu,21,4815,6,0.6826,0.00763,0.382,0.63127,3.0602,0.6234
7,Thu,22,3988,5,0.6719,0.01173,0.538,0.62927,3.0751,0.61758
7,Thu,23,3374,4,0.7009,0.01753,0.887,0.63057,3.0721,0.61242
8,Fri,0,3089,4,0.653,0.01738,0.779,0.64271,2.9913,0.62531
8,Fri,1,2986,4,0.6264,0.01236,0.564,0.62968,3.0142,0.61739
8,Fri,2,2969,4,0.6372,0.01216,0.521,0.63193,3.0176,0.62008
8,Fri,3,3186,4,0.671,0.01716,0.801,0.6415,3.0793,0.62409
8,Fri,4,3485,4,0.7328,0.02694,1.243,0.63189,3.1429,0.60492
8,Fri,5,3844,5,0.6436,0.00827,0.395,0.63197,3.0611,0.62358
8,Fri,6,4263,5,0.704,0.01117,0.517,0.6375,2.9913,0.62624
8,Fri,7,4561,6,0.6467,0.00601,0.282,0.62923,3.104,0.62319
8,Fri,8,5137,6,0.7098,0.01272,0.6,0.62441,3.1172,0.61167
8,Fri,9,5619,7,0.6816,0.00544,0.272,0.62564,3.1096,0.62005
8,Fri,10,6546,8,0.6732,0.00595,0.278,0.63064,3.0827,0.62466
8,Fri,11,7159,9,0.6664,0.00289,0.139,0.63834,3.0511,0.63538
8,Fri,12,7833,9,0.7382,0.00909,0.389,0.63837,3.1029,0.62945
8,Fri,13,8638,10,0.7327,0.00532,0.249,0.63372,3.0675,0.62836
8,Fri,14,8872,11,0.7058,0.00408,0.195,0.63003,3.1421,0.6259
8,Fri,15,9288,11,0.7225,0.00567,0.265,0.63467,3.1392,0.62895
8,Fri,16,9218,11,0.7143,0.00438,0.201,0.63159,3.1115,0.62721
8,Fri,17,8828,11,0.6834,0.00284,0.125,0.64231,3.0826,0.63949
8,Fri,18,8337,10,0.6903,0.00362,0.164,0.64004,3.1257,0.63641
8,Fri,19,7229,9,0.6723,0.00412,0.197,0.63507,3.02,0.63088
8,Fri,20,5891,7,0.7344,0.00917,0.407,0.63627,3.0832,0.62717
8,Fri,21,4997,6,0.7067,0.01271,0.567,0.63152,3.1705,0.61895
8,Fri,22,3986,5,0.6974,0.01505,0.662,0.6345,3.1229,0.61966
8,Fri,23,3518,4,0.7273,0.02142,1.034,0.64318,3.0935,0.62113
9,Sat,0,2983,4,0.6346,0.01333,0.619,0.63934,3.1122,0.62587
9,Sat,1,2884,4,0.6059,0.01246,0.551,0.63325,3.1187,0.62095
9,Sat,2,2977,4,0.6159,0.01218,0.589,0.63413,3.107,0.6217
9,Sat,3,3102,4,0.6573,0.01474,0.648,0.63447,3.111,0.61994
9,Sat,4,3349,4,0.7128,0.02595,1.197,0.62817,3.0563,0.60229
9,Sat,5,3646,5,0.6282,0.00741,0.336,0.63659,3.1222,0.62919
9,Sat,6,4015,5,0.6809,0.01374,0.679,0.62014,3.0951,0.60619
9,Sat,7,4443,6,0.6298,0.00596,0.283,0.62978,3.1007,0.62376
9,Sat,8,5046,6,0.6935,0.01231,0.601,0.64558,3.1007,0.63282
9,Sat,9,5395,7,0.6606,0.00498,0.221,0.62887,3.1191,0.62396
9,Sat,10,6147,7,0.7377,0.01091,0.497,0.63721,3.0766,0.62628
9,Sat,11,6807,8,0.7284,0.01037,0.427,0.63745,3.0576,0.62743
9,Sat,12,7456,9,0.7237,0.00761,0.344,0.62744,3.0752,0.61991
9,Sat,13,8424,10,0.7081,0.00463,0.224,0.63868,3.1047,0.63393
9,Sat,14,8820,11,0.6836,0.00358,0.161,0.63758,3.052,0.63401
9,Sat,15,9144,11,0.7037,0.00437,0.193,0.6319,3.0478,0.62759
9,Sat,16,9055,11,0.695,0.00377,0.17,0.63021,3.0299,0.62648
9,Sat,17,8544,10,0.7291,0.00664,0.305,0.63139,3.0957,0.62476
9,Sat,18,7718,9,0.7415,0.00812,0.374,0.62988,3.1082,0.62178
9,Sat,19,6876,8,0.7299,0.00959,0.413,0.62787,3.0668,0.61854
9,Sat,20,5942,7,0.7111,0.00816,0.387,0.63318,3.0677,0.62491
9,Sat,21,4893,6,0.6893,0.01024,0.465,0.63387,2.9959,0.62365
9,Sat,22,3977,5,0.6773,0.01252,0.56,0.62943,3.0125,0.61707
9,Sat,23,3503,4,0.712,0.0169,0.769,0.63789,3.17,0.62096
10,Sun,0,2998,4,0.6366,0.01582,0.711,0.62628,3.135,0.61069
10,Sun,1,2906,4,0.6117,0.01308,0.595,0.63262,3.0997,0.61958
10,Sun,2,3002,4,0.6253,0.01343,0.596,0.63638,3.0999,0.62307
10,Sun,3,3112,4,0.6611,0.01526,0.747,0.63657,3.0933,0.62088
10,Sun,4,3342,4,0.7157,0.02025,0.872,0.64175,3.0262,0.62178
10,Sun,5,3769,5,0.6286,0.00896,0.397,0.63416,3.1437,0.6253
10,Sun,6,4079,5,0.688,0.01176,0.521,0.63803,3.0436,0.62636
10,Sun,7,4408,6,0.6327,0.00739,0.311,0.63487,3.1079,0.62769
10,Sun,8,4959,6,0.6923,0.00935,0.401,0.63325,3.0884,0.62412
10,Sun,9,5381,7,0.6662,0.00503,0.245,0.62604,3.0225,0.62093
10,Sun,10,6103,8,0.6576,0.00525,0.245,0.63793,3.0744,0.63262
10,Sun,11,6925,8,0.7287,0.00823,0.36,0.63189,3.0697,0.6238
10,Sun,12,7691,9,0.7246,0.00585,0.263,0.63601,3.0419,0.63019
10,Sun,13,8292,10,0.7119,0.00487,0.22,0.6294,3.0901,0.62457
10,Sun,14,8958,11,0.6843,0.00278,0.13,0.63088,3.1194,0.62808
10,Sun,15,9250,11,0.7094,0.00533,0.244,0.63387,3.0567,0.62854
10,Sun,16,9352,11,0.6994,0.00347,0.146,0.62962,3.0234,0.62627
10,Sun,17,8655,10,0.7341,0.0046,0.201,0.63386,3.1179,0.62933
10,Sun,18,7937,10,0.6692,0.00373,0.171,0.6269,3.0276,0.6232
10,Sun,19,7032,8,0.7404,0.00829,0.386,0.6397,3.0602,0.6313
10,Sun,20,5984,7,0.7173,0.01177,0.561,0.6338,3.0797,0.62185
10,Sun,21,4919,6,0.6931,0.01148,0.507,0.6258,3.1078,0.61456
10,Sun,22,4114,5,0.6811,0.0119,0.555,0.64385,3.099,0.63174
10,Sun,23,3392,4,0.7105,0.02027,0.957,0.62811,3.0479,0.60772
11,Mon,0,3283,4,0.6842,0.0167,0.776,0.62841,3.0668,0.61171
11,Mon,1,3123,4,0.6532,0.01229,0.592,0.631,3.0036,0.6185
11,Mon,2,3162,4,0.6664,0.01675,0.804,0.63312,3.0921,0.61608
11,Mon,3,3397,4,0.7048,0.02265,1.008,0.63574,3.0445,0.61327
11,Mon,4,3567,5,0.6206,0.00785,0.381,0.62192,3.0593,0.61399
11,Mon,5,3910,5,0.6725,0.00992,0.453,0.6267,3.1106,0.61686
11,Mon,6,4327,5,0.7343,0.01392,0.688,0.6372,3.0122,0.62283
11,Mon,7,4860,6,0.6727,0.00988,0.413,0.64037,3.0433,0.63074
11,Mon,8,5408,7,0.6456,0.00614,0.282,0.63617,3.0515,0.63001
11,Mon,9,5945,7,0.7121,0.01115,0.48,0.62523,3.0807,0.61442
11,Mon,10,6691,8,0.7078,0.0071,0.33,0.62907,3.0255,0.62196
11,Mon,11,7475,9,0.7029,0.00523,0.248,0.626,3.0959,0.62074
11,Mon,12,8274,10,0.701,0.00435,0.216,0.63844,3.1343,0.63393
11,Mon,13,8961,11,0.6998,0.00281,0.131,0.63097,3.0891,0.62814
11,Mon,14,9483,11,0.7366,0.00613,0.286,0.63094,3.06,0.62479
11,Mon,15,9861,12,0.6947,0.00305,0.139,0.63096,3.0419,0.62793
11,Mon,16,9713,12,0.6904,0.00269,0.125,0.63491,2.996,0.6322
11,Mon,17,9322,11,0.7211,0.00436,0.199,0.63056,3.1371,0.62621
11,Mon,18,8461,10,0.7173,0.0046,0.224,0.63415,3.1002,0.62944
11,Mon,19,7563,9,0.7072,0.0047,0.226,0.63797,3.0657,0.63316
11,Mon,20,6499,8,0.672,0.00421,0.198,0.63294,3.1355,0.62869
11,Mon,21,5223,7,0.6422,0.00543,0.255,0.63323,3.0873,0.62776
11,Mon,22,4361,5,0.7343,0.01475,0.75,0.63078,3.1281,0.61548
11,Mon,23,3539,5,0.6213,0.00762,0.351,0.62977,3.1058,0.62216
12,Tue,0,3093,4,0.6415,0.01537,0.701,0.63297,3.0739,0.61763
12,Tue,1,2904,4,0.6126,0.01094,0.483,0.63277,3.0753,0.62198
12,Tue,2,2983,4,0.6301,0.01008,0.476,0.63031,3.1273,0.62015
12,Tue,3,3211,4,0.6654,0.01141,0.51,0.63809,3.0513,0.62674
12,Tue,4,3539,4,0.718,0.0206,0.989,0.62836,3.0919,0.6075
12,Tue,5,3588,5,0.6367,0.0088,0.402,0.63297,3.1265,0.62418
12,Tue,6,4141,5,0.6905,0.01373,0.619,0.63044,3.11,0.61683
12,Tue,7,4563,6,0.6348,0.00558,0.234,0.63063,3.115,0.62524
12,Tue,8,4920,6,0.6988,0.01123,0.49,0.63366,3.0326,0.62263
12,Tue,9,5471,7,0.6696,0.00725,0.325,0.6378,3.086,0.63058
12,Tue,10,6085,8,0.6594,0.0049,0.223,0.63025,3.0659,0.62537
12,Tue,11,6941,8,0.7372,0.00809,0.377,0.62995,3.1093,0.62184
12,Tue,12,7863,9,0.7287,0.00621,0.288,0.62862,3.0962,0.62241
12,Tue,13,8339,10,0.7216,0.00526,0.241,0.63319,3.0707,0.62793
12,Tue,14,9048,11,0.6998,0.00322,0.155,0.62363,3.053,0.62038
12,Tue,15,9349,11,0.7136,0.00405,0.179,0.63359,3.0642,0.62959
12,Tue,16,9105,11,0.7067,0.00382,0.185,0.63119,3.0603,0.6273
12,Tue,17,8616,10,0.7381,0.00585,0.283,0.62446,3.0768,0.61853
12,Tue,18,7959,10,0.6798,0.00334,0.159,0.63439,3.063,0.631
12,Tue,19,6909,9,0.667,0.00378,0.174,0.62554,3.0353,0.62178
12,Tue,20,5956,7,0.7205,0.01138,0.515,0.64008,3.0197,0.62868
12,Tue,21,4745,6,0.6982,0.01135,0.524,0.63086,3.0728,0.61951
12,Tue,22,4185,5,0.6873,0.01205,0.563,0.63639,3.032,0.62421
12,Tue,23,3361,4,0.7198,0.01948,0.878,0.64058,3.116,0.62108
13,Wed,0,3065,4,0.6357,0.01221,0.564,0.63526,3.0905,0.623
13,Wed,1,2906,4,0.6053,0.01372,0.637,0.63396,3.1286,0.62016
13,Wed,2,3059,4,0.6219,0.01127,0.521,0.63316,3.0872,0.62186
13,Wed,3,3100,4,0.6546,0.01777,0.824,0.63427,3.116,0.6164
13,Wed,4,3421,4,0.7162,0.0221,0.959,0.62806,3.0949,0.60651
13,Wed,5,3771,5,0.6306,0.0094,0.416,0.64248,3.0344,0.63311
13,Wed,6,4112,5,0.6831,0.01357,0.659,0.62893,3.0264,0.61512
13,Wed,7,4427,6,0.626,0.00717,0.298,0.63247,3.1396,0.62555
13,Wed,8,4963,6,0.6908,0.00977,0.451,0.63508,3.0949,0.62527
13,Wed,9,5447,7,0.6631,0.00708,0.313,0.63458,3.0559,0.62758
13,Wed,10,6298,8,0.6533,0.00444,0.208,0.6368,3.0448,0.63231
13,Wed,11,7005,8,0.7312,0.0083,0.4,0.63244,3.0142,0.62399
13,Wed,12,7765,9,0.7191,0.00721,0.309,0.63312,3.0901,0.62608
13,Wed,13,8391,10,0.7108,0.00457,0.201,0.63841,3.0611,0.63389
13,Wed,14,8731,11,0.6895,0.00364,0.165,0.62926,3.0651,0.62564
13,Wed,15,9296,11,0.7058,0.00418,0.204,0.62706,3.0972,0.6228
13,Wed,16,9062,11,0.6997,0.00362,0.17,0.63657,3.1228,0.63291
13,Wed,17,8513,10,0.732,0.0062,0.258,0.62922,3.0604,0.62326
13,Wed,18,7871,9,0.7398,0.00851,0.385,0.63306,3.0671,0.62459
13,Wed,19,6952,8,0.7327,0.00909,0.431,0.62759,3.0264,0.61843
13,Wed,20,6040,7,0.7172,0.01092,0.508,0.64006,3.054,0.629
13,Wed,21,4821,6,0.6911,0.00899,0.414,0.62664,3.1444,0.61769
13,Wed,22,4173,5,0.6779,0.01361,0.644,0.63253,3.1315,0.61876
13,Wed,23,3295,4,0.7114,0.02731,1.22,0.62745,3.0394,0.60055
14,Thu,0,3216,4,0.6601,0.017,0.754,0.63299,3.0277,0.61621
14,Thu,1,2925,4,0.6279,0.01255,0.611,0.62544,3.1382,0.6127
14,Thu,2,3026,4,0.6464,0.01362,0.668,0.63167,3.0846,0.61772
14,Thu,3,3245,4,0.6805,0.0168,0.869,0.64222,3.0967,0.62448
14,Thu,4,3565,5,0.5984,0.00754,0.342,0.62693,3.0439,0.61946
14,Thu,5,3813,5,0.6515,0.00993,0.432,0.63673,3.1665,0.62695
14,Thu,6,4321,5,0.7094,0.01217,0.594,0.63896,3.1499,0.62642
14,Thu,7,4636,6,0.6579,0.00863,0.404,0.63832,3.0411,0.62958
14,Thu,8,5049,6,0.7155,0.01468,0.698,0.62257,3.0722,0.60785
14,Thu,9,5721,7,0.6865,0.00643,0.296,0.63434,3.0265,0.62789
14,Thu,10,6307,8,0.6778,0.00545,0.242,0.63606,3.1375,0.63066
14,Thu,11,7229,9,0.6727,0.00385,0.174,0.63256,3.0607,0.62874
14,Thu,12,7933,10,0.6749,0.00237,0.112,0.63298,3.0651,0.63058
14,Thu,13,8858,10,0.7392,0.00621,0.304,0.63279,3.0907,0.62642
14,Thu,14,9364,11,0.7085,0.0038,0.187,0.63005,3.1017,0.62616
14,Thu,15,9479,11,0.7303,0.00583,0.263,0.63708,3.0991,0.63126
14,Thu,16,9472,11,0.7273,0.0052,0.239,0.63182,3.0765,0.62662
14,Thu,17,9005,11,0.6933,0.00409,0.184,0.63336,3.0806,0.6293
14,Thu,18,8153,10,0.6946,0.00419,0.202,0.63427,3.0373,0.63
14,Thu,19,7275,9,0.6778,0.00352,0.165,0.63166,3.0152,0.62811
14,Thu,20,6178,7,0.7412,0.01086,0.51,0.63212,3.0681,0.62118
14,Thu,21,5109,6,0.7135,0.01175,0.58,0.63568,3.0327,0.62357
14,Thu,22,4169,5,0.7024,0.0143,0.63,0.63597,3.0906,0.62184
14,Thu,23,3539,5,0.5938,0.00704,0.294,0.62911,3.0592,0.62233
