run_id,pass_rate_pct
r01802,26.03
r02010,17.98
r01015,27.5
r00318,50.77
r01219,53.35
r02559,45.88
r02489,35.79
r01402,42.33
r00563,66.22
r00735,53.07
r00527,57.97
r01835,30.24
r02214,37.47
r00726,69.08
r00014,51.8
r00212,63.04
r02302,33.1
r00581,61.18
r02066,32.23
r00319,68.81
r02227,25.59
r00462,49.23
r02578,46.23
r00506,63.03
r00299,52.48
r00088,59.22
r01242,60.5
r02241,48.48
r02035,31.59
r01490,47.16
r02583,29.93
r01921,32.65
r00723,70.46
r01623,45.88
r00490,47.15
r01163,67.53
r00745,47.99
r00570,62.17
r01750,15.35
r02581,33.13
r01646,45.47
r02059,27.08
r00942,53
r00512,63.11
r01972,33.03
r02571,40.5
r00948,48.18
r02344,31.61
r01435,60.68
r01629,41.26
r02378,22.46
r01419,41.2
r01177,47.77
r00519,64.88
r01742,27.82
r01604,53.64
r00990,47.37
r00511,50.66
