date,n_runs,sum_pass_rate
2026-06-21,101,49.9376
2026-06-22,118,56.3536
2026-06-23,143,70.2070
2026-06-24,126,59.4731
2026-06-25,129,61.1688
2026-06-26,120,56.7398
2026-06-27,141,66.6873
2026-06-28,133,63.3869
2026-06-29,123,58.3798
2026-06-30,124,61.0069
2026-07-01,135,65.0394
2026-07-02,147,72.1829
2026-07-03,144,69.5331
2026-07-04,151,71.8782
2026-07-05,115,53.0532
2026-07-06,113,53.4314
2026-07-07,113,55.2700
2026-07-08,142,68.7955
2026-07-09,19,9.8545
2026-07-11,10,2.4800
2026-07-12,6,1.5500
2026-07-13,5,3.2900
