run,svc,model,split,fmt,n,reps,detail,mode,seed,status,svc,mode,split,n,model,fmt,n_items,n_scored,acc,reps
1,corpus,M_new,all,mc_letter,1500,1,0,scan,0,ok,corpus,scan,all,1500,,,,,,
2,corpus,M_new,all,mc_letter,1500,1,0,fast,0,ok,corpus,fast,all,1500,,,,,,
3,score,M_new,all,mc_letter,1500,1,1,fast,100,ok,score,,all,,M_new,mc_letter,1500,1148,0.582753,1
4,score,M_new,all,mc_letter,1500,1,1,fast,101,ok,score,,all,,M_new,mc_letter,1500,1148,0.580139,1
5,score,M_new,all,mc_letter,1500,1,1,fast,102,ok,score,,all,,M_new,mc_letter,1500,1148,0.606272,1
6,score,M_new,all,mc_letter,1500,1,1,fast,103,ok,score,,all,,M_new,mc_letter,1500,1148,0.600174,1
7,score,M_new,all,mc_letter,1500,1,1,fast,104,ok,score,,all,,M_new,mc_letter,1500,1148,0.623693,1
8,score,M_new,all,mc_letter,1500,1,1,fast,105,ok,score,,all,,M_new,mc_letter,1500,1148,0.630662,1
9,score,M_new,all,mc_cloze,1500,1,0,fast,7,ok,score,,all,,M_new,mc_cloze,1500,1214,0.59061,1
10,score,M_ref,all,mc_letter,1500,1,1,fast,100,ok,score,,all,,M_ref,mc_letter,1500,1354,0.384047,1
11,score,M_ref,all,mc_letter,1500,1,1,fast,101,ok,score,,all,,M_ref,mc_letter,1500,1354,0.477105,1
12,score,M_ref,all,mc_letter,1500,1,1,fast,102,ok,score,,all,,M_ref,mc_letter,1500,1354,0.427622,1
13,score,M_ref,all,mc_letter,1500,1,1,fast,103,ok,score,,all,,M_ref,mc_letter,1500,1354,0.407681,1
14,score,M_ref,all,mc_letter,1500,1,1,fast,104,ok,score,,all,,M_ref,mc_letter,1500,1354,0.425406,1
15,score,M_ref,all,mc_letter,1500,1,1,fast,105,ok,score,,all,,M_ref,mc_letter,1500,1354,0.446086,1
16,score,M_ref,all,mc_cloze,1500,1,0,fast,7,ok,score,,all,,M_ref,mc_cloze,1500,1429,0.451365,1
